SQ_CANDIDATO,uf,candidato,SG_PARTIDO,campo,palavras,cita_tipo_especifico,cobertura
10002532492,AC,ALAN RICK,REPUBLICANOS,direita e extrema-direita,12688,TRUE,90.9
10002533539,AC,DR.LUISINHO,AGIR,direita e extrema-direita,6430,TRUE,39.3
10002544015,AC,TIÃO BOCALOM,PSDB,direita e extrema-direita,6427,FALSE,0
10002544107,AC,MAILZA ASSIS,PP,direita e extrema-direita,27461,TRUE,90.9
10002549500,AC,EUDO RAFFAEL,PCB,extrema-esquerda,1961,FALSE,0
10002550719,AC,THOR DANTAS,PSB,esquerda e centro-esquerda,9122,TRUE,90.9
20002539642,AL,LENILDA LUNA,UP,extrema-esquerda,5875,TRUE,23.2
20002552502,AL,MÁRCIO JAMBO,DEMOCRATA,direita e extrema-direita,1150,FALSE,0
20002553350,AL,JHC,PSDB,direita e extrema-direita,14455,TRUE,99.5
20002553745,AL,RENAN FILHO,MDB,direita e extrema-direita,10712,TRUE,99.5
40002532272,AM,OMAR AZIZ,PSD,direita e extrema-direita,25331,TRUE,80
40002535267,AM,GILBERTO VASCONCELOS,PSTU,extrema-esquerda,9714,TRUE,88.4
40002536086,AM,DAVID ALMEIDA,AVANTE,centro e centro-direita,19635,TRUE,84.8
40002541626,AM,PROFESSORA MARIA DO CARMO,PL,direita e extrema-direita,1343,TRUE,4.8
40002541741,AM,ROBERTO CIDADE,UNIÃO,direita e extrema-direita,7219,TRUE,89.4
40002550776,AM,ISAEL MUNDURUKU,REDE,centro e centro-direita,9704,TRUE,94.2
40002551740,AM,CABO DACIOLO,MOBILIZA,centro e centro-direita,8577,TRUE,87.1
30002530014,AP,DR. FURLAN,PSD,direita e extrema-direita,20508,TRUE,34.4
30002536311,AP,CLÉCIO,UNIÃO,direita e extrema-direita,10378,TRUE,34.4
30002536313,AP,CARLOS CLEY,PSTU,extrema-esquerda,4446,FALSE,0
30002551388,AP,JAIRO PALHETA,PCO,extrema-esquerda,2577,FALSE,0
30002552017,AP,DELEGADO MARCOS,DC,direita e extrema-direita,4881,TRUE,34.4
50002532269,BA,RONALDO MANSUR,PSOL,extrema-esquerda,16649,TRUE,6.8
50002533190,BA,ACM NETO,UNIÃO,direita e extrema-direita,73942,TRUE,97.6
50002535253,BA,ARIEL CAPISTRANO,DC,direita e extrema-direita,730,FALSE,0
50002536314,BA,JERÔNIMO RODRIGUES,PT,esquerda e centro-esquerda,15715,TRUE,97.6
50002544692,BA,AROLDO FELIX,UP,extrema-esquerda,781,FALSE,0
50002552489,BA,MARIA BONA,PCO,extrema-esquerda,2577,FALSE,0
60002531351,CE,CIRO GOMES,PSDB,direita e extrema-direita,9126,TRUE,87.3
60002533729,CE,SERLEY LEAL,UP,extrema-esquerda,14645,TRUE,96.8
60002540417,CE,DELEGADO HUGGO,MISSÃO,direita e extrema-direita,12785,TRUE,79.8
60002543969,CE,ELMANO DE FREITAS,PT,esquerda e centro-esquerda,19440,TRUE,18.7
60002549967,CE,ZÉ BATISTA,PSTU,extrema-esquerda,16062,TRUE,95.7
60002552320,CE,IERI BRAGA,PCO,extrema-esquerda,2577,FALSE,0
60002552498,CE,DANILO SOARES,DEMOCRATA,direita e extrema-direita,2088,FALSE,0
60002553922,CE,VERA LÚCIA,NOVO,direita e extrema-direita,13273,TRUE,86.4
70002535930,DF,PROFESSOR ROBSON,PSTU,extrema-esquerda,2668,FALSE,0
70002537111,DF,PROFESSORA SAMARA MINEIRO,UP,extrema-esquerda,3620,FALSE,0
70002547775,DF,KIKO CAPUTO,NOVO,direita e extrema-direita,52626,TRUE,68.8
70002551557,DF,CAPPELLI,PSB,esquerda e centro-esquerda,12434,TRUE,43.8
70002552341,DF,EXPEDITO MENDONÇA,PCO,extrema-esquerda,2577,FALSE,0
70002552496,DF,LEANDRO GRASS,PT,esquerda e centro-esquerda,35400,TRUE,43.8
70002552965,DF,PAULA BELMONTE,PSDB,direita e extrema-direita,13968,TRUE,31.2
70002553055,DF,CELINA LEÃO,PP,direita e extrema-direita,12364,TRUE,12.5
80002541012,ES,BRENO BARCELOS,MISSÃO,direita e extrema-direita,11863,TRUE,45.8
80002550832,ES,RAFAEL DEMUNER,UP,extrema-esquerda,7879,TRUE,25.9
80002551833,ES,HELDER SALOMÃO,PT,esquerda e centro-esquerda,15091,TRUE,49
80002552172,ES,RICARDO FERRAÇO,MDB,direita e extrema-direita,34910,TRUE,83.7
80002552682,ES,LORENZO PAZOLINI,REPUBLICANOS,direita e extrema-direita,11706,TRUE,56.8
90002540993,GO,DANIEL VILELA,MDB,direita e extrema-direita,19211,TRUE,85.7
90002543463,GO,MARCONI PERILLO,PSDB,direita e extrema-direita,24694,TRUE,86
90002545476,GO,LUIS CESAR BUENO,PT,esquerda e centro-esquerda,24398,TRUE,96.2
90002550707,GO,LUCIANA AMORIM,UP,extrema-esquerda,3622,FALSE,0
90002551791,GO,WILDER MORAIS,PL,direita e extrema-direita,16716,TRUE,86
90002553733,GO,DANILO DA SILVA,PCO,extrema-esquerda,2577,FALSE,0
100002534190,MA,SAULO ARCANGELI,PSTU,extrema-esquerda,39492,TRUE,96.4
100002542556,MA,FELIPE CAMARÃO,PT,esquerda e centro-esquerda,18335,TRUE,93.1
100002543869,MA,ORLEANS BRANDÃO,MDB,direita e extrema-direita,8226,TRUE,59.7
100002544073,MA,REGINALDO LIMA,PCB,extrema-esquerda,11144,FALSE,0
100002544076,MA,ANDRÉ LUIS,MISSÃO,direita e extrema-direita,15775,TRUE,60.2
100002545679,MA,EDUARDO BRAIDE,PSD,direita e extrema-direita,1437,FALSE,0
100002552700,MA,DIMAS CASSIMIRO,PCO,extrema-esquerda,2577,FALSE,0
130002539775,MG,ALEXANDRE KALIL,PDT,esquerda e centro-esquerda,56197,TRUE,92.9
130002541911,MG,MATEUS SIMÕES,PSD,direita e extrema-direita,2938,TRUE,3.3
130002544122,MG,PROFESSOR TÚLIO LOPES,PCB,extrema-esquerda,8633,FALSE,0
130002544411,MG,BEN MENDES,MISSÃO,direita e extrema-direita,32405,TRUE,0.1
130002546802,MG,RAFAEL DUDA,PSTU,extrema-esquerda,16715,TRUE,40.2
130002547874,MG,INDIRA XAVIER,UP,extrema-esquerda,4967,TRUE,0.1
130002549557,MG,GABRIEL,MDB,direita e extrema-direita,28104,TRUE,3.3
130002550464,MG,PATRUS ANANIAS,PT,esquerda e centro-esquerda,17763,TRUE,92.5
130002550834,MG,FLÁVIO ROSCOE,PL,direita e extrema-direita,7432,FALSE,0
130002552296,MG,CLEITINHO AZEVEDO,REPUBLICANOS,direita e extrema-direita,3548,TRUE,90.8
120002532257,MS,LUCIEN REZENDE,PSOL,extrema-esquerda,2451,FALSE,0
120002536582,MS,EDUARDO RIEDEL,PP,direita e extrema-direita,15205,TRUE,21.4
120002539834,MS,FÁBIO TRAD,PT,esquerda e centro-esquerda,13871,TRUE,60.1
120002549681,MS,ECONOMISTA RENATO GOMES,DC,direita e extrema-direita,22802,TRUE,36.3
120002550198,MS,JEFERSON BEZERRA,AGIR,direita e extrema-direita,885,FALSE,0
120002552155,MS,DELCIDIO AMARAL,PRD,direita e extrema-direita,8539,FALSE,0
120002552191,MS,JOÃO HENRIQUE CATAN,NOVO,direita e extrema-direita,10893,TRUE,60.1
120002552201,MS,DANIEL LEMES,PCO,extrema-esquerda,2577,FALSE,0
110002543953,MT,RAFAELL MILAS,MISSÃO,direita e extrema-direita,5174,TRUE,4.7
110002544985,MT,DOUTORA NATASHA,PSD,direita e extrema-direita,9720,FALSE,0
110002551480,MT,OTAVIANO PIVETTA,REPUBLICANOS,direita e extrema-direita,20340,TRUE,47.9
110002551737,MT,WELLINGTON FAGUNDES,PL,direita e extrema-direita,10101,TRUE,87.2
110002553058,MT,MAURICIO COELHO,MOBILIZA,centro e centro-direita,20659,TRUE,82.3
140002542386,PA,ARACELI,PSOL,extrema-esquerda,5774,TRUE,64
140002549930,PA,DR. DANIEL,PODE,direita e extrema-direita,19646,FALSE,0
140002551598,PA,HANA GHASSAN,MDB,direita e extrema-direita,16640,TRUE,74.4
140002551943,PA,GAL LEITE,UP,extrema-esquerda,15388,TRUE,83.5
140002554108,PA,WELL MACEDO,PSTU,extrema-esquerda,16642,TRUE,0
150002538692,PB,EFRAIM FILHO,PL,direita e extrema-direita,10134,TRUE,99.4
150002540204,PB,YURI EZEQUIEL,UP,extrema-esquerda,1726,FALSE,0
150002544133,PB,CÍCERO LUCENA,MDB,direita e extrema-direita,18250,TRUE,98.7
150002551789,PB,LUCAS RIBEIRO,PP,direita e extrema-direita,4200,TRUE,99.4
150002551911,PB,PEDRO COUTINHO,DC,direita e extrema-direita,1726,FALSE,0
150002552603,PB,CAMILO DUARTE,PCO,extrema-esquerda,2577,FALSE,0
170002536575,PE,GUILHERME FONSECA,PSTU,extrema-esquerda,2607,TRUE,25.3
170002537227,PE,RAQUEL LYRA,PSD,direita e extrema-direita,29906,TRUE,26.1
170002537230,PE,JOÃO CAMPOS,PSB,esquerda e centro-esquerda,14978,TRUE,95.6
170002537320,PE,PROFESSORA CAMILA,UP,extrema-esquerda,1948,TRUE,78.1
170002538097,PE,IVAN MORAES,PSOL,extrema-esquerda,28801,TRUE,95.7
170002540337,PE,RENAN,MISSÃO,direita e extrema-direita,22174,TRUE,97.6
170002552776,PE,VICTOR ASSIS,PCO,extrema-esquerda,2577,FALSE,0
180002532987,PI,RAFAEL FONTELES,PT,esquerda e centro-esquerda,13092,TRUE,6.7
180002538530,PI,JOEL RODRIGUES,PP,direita e extrema-direita,33806,TRUE,99
180002544216,PI,DRA. LÚCIA SANTOS,PSDB,direita e extrema-direita,7573,FALSE,0
180002549920,PI,ELIZEU AGUIAR,NOVO,direita e extrema-direita,432,FALSE,0
180002549970,PI,PROFESSOR GISVALDO,PSOL,extrema-esquerda,8467,TRUE,1.8
180002549995,PI,SANTIAGO BELIZÁRIO,UP,extrema-esquerda,2857,FALSE,0
160002540833,PR,SERGIO MORO,PL,direita e extrema-direita,23170,TRUE,72.9
160002547594,PR,DOUTOR ALEXANDRE SALOMÃO,MOBILIZA,centro e centro-direita,5901,FALSE,0
160002547666,PR,REQUIÃO FILHO,PDT,esquerda e centro-esquerda,4217,TRUE,72.8
160002548010,PR,SAMUEL DE MATTOS,PSTU,extrema-esquerda,12295,TRUE,72.8
160002549553,PR,SANDRO ALEX,PSD,direita e extrema-direita,61448,TRUE,72.9
160002550997,PR,TAYNÁ MIESSA,UP,extrema-esquerda,7265,FALSE,0
160002551353,PR,LUIZ FRANÇA,MISSÃO,direita e extrema-direita,35503,TRUE,72.9
190002536162,RJ,WILLIAM SIRI,PSOL,extrema-esquerda,35134,TRUE,82.8
190002537524,RJ,ANDRÉ MARINHO,NOVO,direita e extrema-direita,69243,TRUE,85.4
190002540198,RJ,CYRO GARCIA,PSTU,extrema-esquerda,3168,FALSE,0
190002542887,RJ,DOUGLAS RUAS,PL,direita e extrema-direita,9949,TRUE,66.6
190002543380,RJ,EDUARDO PAES,PSD,direita e extrema-direita,1977,TRUE,66.6
190002544120,RJ,CORONEL BUSNELLO,MISSÃO,direita e extrema-direita,22740,TRUE,66.6
190002547272,RJ,JULIETE,UP,extrema-esquerda,3707,FALSE,0
190002552513,RJ,LUAN MONTEIRO,PCO,extrema-esquerda,2577,FALSE,0
200002534001,RN,CADU DE LULA,PT,esquerda e centro-esquerda,21047,TRUE,94.3
200002534442,RN,ÁLVARO DIAS,PL,direita e extrema-direita,31253,TRUE,98.5
200002535255,RN,ALLYSON,UNIÃO,direita e extrema-direita,7153,TRUE,93.5
200002542481,RN,DÁRIO BARBOSA,PSTU,extrema-esquerda,1486,TRUE,84.8
200002546756,RN,RODRIGO DE BOLSONARO,AGIR,direita e extrema-direita,486,FALSE,0
200002546757,RN,PROFESSOR ROBERIO PAULINO,PSOL,extrema-esquerda,5644,TRUE,1.1
200002547826,RN,ARINALDA DO MLB,UP,extrema-esquerda,1817,TRUE,84.8
220002536806,RO,ADAILTON FURIA,PSD,direita e extrema-direita,32261,TRUE,92.8
220002541939,RO,MARCOS ROGÉRIO,PL,direita e extrema-direita,43784,TRUE,60.1
220002542185,RO,EXPEDITO NETTO,PT,esquerda e centro-esquerda,12564,TRUE,21.6
220002542916,RO,HILDON CHAVES,UNIÃO,direita e extrema-direita,31117,TRUE,69.8
220002550927,RO,SAMUEL COSTA,PSB,esquerda e centro-esquerda,3240,TRUE,21.6
220002551251,RO,PEDRO ABIB,MDB,direita e extrema-direita,13655,TRUE,21.6
230002549223,RR,ARTHUR HENRIQUE,PL,direita e extrema-direita,10963,TRUE,41.9
230002549294,RR,FARAH MESQUITA,SOLIDARIEDADE,centro e centro-direita,3475,FALSE,0
230002551571,RR,SOLDADO SAMPAIO,REPUBLICANOS,direita e extrema-direita,10777,TRUE,12.9
230002552060,RR,ROSI AIRES,PSOL,extrema-esquerda,2833,TRUE,14
210002533355,RS,PRISCILA VOIGT,UP,extrema-esquerda,1784,TRUE,46.8
210002535802,RS,MARCELO MARANATA,PSDB,direita e extrema-direita,36725,TRUE,99.2
210002541367,RS,REJANE DE OLIVEIRA,PSTU,extrema-esquerda,35828,TRUE,99.3
210002542892,RS,GABRIEL SOUZA,MDB,direita e extrema-direita,26921,TRUE,78
210002547857,RS,ZUCCO,PL,direita e extrema-direita,29313,TRUE,78.1
210002551508,RS,JULIANA BRIZOLA,PDT,esquerda e centro-esquerda,16161,TRUE,78
240002537073,SC,JORGINHO MELLO,PL,direita e extrema-direita,3925,TRUE,58.3
240002541913,SC,PROFESSOR MARCUS SODRÉ,PSTU,extrema-esquerda,17679,TRUE,97.6
240002544118,SC,MARCELO BRIGADEIRO,MISSÃO,direita e extrema-direita,4316,TRUE,61.6
240002548628,SC,GELSON MERÍSIO,PSB,esquerda e centro-esquerda,15923,TRUE,98.4
240002550544,SC,LAÍS CHAUD,UP,extrema-esquerda,6648,FALSE,0
240002551001,SC,JOÃO RODRIGUES,PSD,direita e extrema-direita,6744,TRUE,68.1
240002552157,SC,RALF ZIMMER,PRD,direita e extrema-direita,3732,TRUE,58.3
240002553718,SC,BRUNO PEDREIRO DO PCO,PCO,extrema-esquerda,2577,FALSE,0
260002532010,SE,VALMIR DE FRANCISQUINHO,REPUBLICANOS,direita e extrema-direita,17803,TRUE,88.4
260002542491,SE,FÁBIO,PSD,direita e extrema-direita,8202,TRUE,68.4
260002549466,SE,RICARDO MARQUES,PL,direita e extrema-direita,20235,TRUE,94.1
260002550683,SE,TATY  CRISTINA DE JESUS,DC,direita e extrema-direita,1885,FALSE,0
260002551712,SE,EMANUEL CACHO,PSDB,direita e extrema-direita,8218,TRUE,20.1
250002536915,SP,VERA LÚCIA,PSTU,extrema-esquerda,10096,TRUE,82.6
250002541303,SP,TARCÍSIO,REPUBLICANOS,direita e extrema-direita,21198,TRUE,82.6
250002544912,SP,VIVIAN MENDES,UP,extrema-esquerda,23300,TRUE,82.6
250002549705,SP,FERNANDO HADDAD,PT,esquerda e centro-esquerda,5609,FALSE,0
250002550913,SP,CARLOS MACHADO,PCB,extrema-esquerda,62181,TRUE,82.6
270002539187,TO,PROF WITER NAVES,PSOL,extrema-esquerda,3802,FALSE,0
270002544494,TO,LAUREZ MOREIRA,PSD,direita e extrema-direita,13560,TRUE,26.2
270002544544,TO,VICENTINHO JÚNIOR,PSDB,direita e extrema-direita,10597,TRUE,73.1
270002544599,TO,PROFESSORA DORINHA,UNIÃO,direita e extrema-direita,19252,TRUE,26.2
270002548412,TO,ATAIDES DE OLIVEIRA,NOVO,direita e extrema-direita,5576,TRUE,26.2
270002550458,TO,DU PEREIRA,DC,direita e extrema-direita,11742,TRUE,99.3
270002554375,TO,SIQUEIRA CAMPOS JR,DEMOCRATA,direita e extrema-direita,2010,FALSE,0
