item,n,pct_acordo,kappa_cohen,alpha_krippendorff,gwet_ac1,pos_a,pos_b
relevancia (3 categorias),1441,90.7,0.78,0.78,,,
relevancia (relevante x resto),1441,90.8,0.76,0.76,0.85,1038,1091
fase_prevencao_preparacao,311,81.4,0.6,0.59,0.66,225,179
fase_resposta,311,93.6,0.69,0.69,0.92,35,39
fase_recuperacao,311,92.3,0.53,0.53,0.91,32,24
fase_adaptacao,311,81.4,0.56,0.54,0.69,61,115
ameaca_hidro,311,94.9,0.89,0.89,0.9,109,115
ameaca_movimento_massa,311,96.1,0.83,0.83,0.95,38,42
ameaca_seca,311,97.7,0.93,0.93,0.97,60,57
ameaca_fogo,311,98.7,0.95,0.95,0.98,48,48
ameaca_calor_extremo,311,98.7,0.87,0.87,0.99,16,16
ameaca_tempestade,311,98.7,0,0,0.99,1,3
ameaca_costeira,311,96.5,0.63,0.63,0.96,16,15
ameaca_barragem_mineracao,311,99.7,0.92,0.92,1,7,6
ameaca_tecnologico,311,99,0.4,0.4,0.99,2,3
ameaca_generica,311,87.8,0.73,0.73,0.78,107,107
"especificidade (0-4, ordinal)",311,64.3,0.56,0.58,,,
