SQ_CANDIDATO,versao,arquivo,paginas,palavras,hash,palavras_pag,dup,tem_outro_texto,descartado,motivo
100002534190,1,MA/2026MA100002534190_01.pdf,290,39492,169313dd0b016fb4e47019a88188a520,136.179310344828,FALSE,TRUE,FALSE,usado
100002542556,1,MA/2026MA100002542556_01.pdf,73,18335,7b7bead6648858623a090bb94c327417,251.164383561644,FALSE,TRUE,FALSE,usado
100002543869,1,MA/2026MA100002543869_01.pdf,29,8226,6c26cbddfeb7827767072d458ee16ba8,283.655172413793,FALSE,TRUE,FALSE,usado
100002544073,1,MA/2026MA100002544073_01.pdf,36,11144,cfc009a3a158df9a937bb073cab40d1f,309.555555555556,FALSE,TRUE,FALSE,usado
100002544076,1,MA/2026MA100002544076_01.pdf,46,15775,f23baf4ee4301a75be2262ce7bf05655,342.934782608696,FALSE,TRUE,FALSE,usado
100002545679,1,MA/2026MA100002545679_01.pdf,28,1437,9af3c5d3cb545c529eed0abcb158904e,51.3214285714286,FALSE,TRUE,FALSE,usado
100002552700,1,MA/2026MA100002552700_01.pdf,7,2577,fb2c9be29358280c091043ecaaca8458,368.142857142857,FALSE,TRUE,FALSE,usado
10002532492,1,AC/2026AC10002532492_01.pdf,41,12688,e68b496459ab69ac020ad39b041735f0,309.463414634146,FALSE,TRUE,FALSE,usado
10002533539,1,AC/2026AC10002533539_01.pdf,40,6430,4278d1c0a5ba0bf58e1ef2f26dadf7b8,160.75,FALSE,TRUE,FALSE,usado
10002544015,1,AC/2026AC10002544015_01.pdf,40,6427,7e6fa9b708b2f828801ea010b083affa,160.675,FALSE,TRUE,FALSE,usado
10002544107,1,AC/2026AC10002544107_01.pdf,68,27461,7ec0e935277be4c331b5a61f9f21e926,403.838235294118,FALSE,TRUE,FALSE,usado
10002549500,1,AC/2026AC10002549500_01.pdf,6,1961,1537a1f36bcd7b4ce5805ada22dee9eb,326.833333333333,FALSE,TRUE,FALSE,usado
10002550719,1,AC/2026AC10002550719_01.pdf,42,9122,a2d0fea5f96ae2ddfe410d0941927c44,217.190476190476,FALSE,TRUE,FALSE,usado
110002543953,1,MT/2026MT110002543953_01.pdf,15,5174,73068c11d221b84ff1a1f9cd669bd014,344.933333333333,FALSE,TRUE,FALSE,usado
110002544985,1,MT/2026MT110002544985_01.pdf,29,9720,225cea502164b97e23819167cd59d6a8,335.172413793103,FALSE,TRUE,FALSE,usado
110002551480,1,MT/2026MT110002551480_01.pdf,49,20340,c1ee9e4f8b1c7d562645b4fa2b0d18a3,415.102040816327,FALSE,TRUE,FALSE,usado
110002551737,1,MT/2026MT110002551737_01.pdf,57,10101,c3b31e1c36faa9a570b40e4f673c69c9,177.210526315789,FALSE,TRUE,FALSE,usado
110002553058,1,MT/2026MT110002553058_01.pdf,134,20659,2170d403e4f8d4ee1c5567a8f973f312,154.171641791045,FALSE,TRUE,FALSE,usado
120002532257,1,MS/2026MS120002532257_01.pdf,10,2451,f559b8dc86ca315a59a7340b04587d0a,245.1,FALSE,TRUE,FALSE,usado
120002536582,1,MS/2026MS120002536582_01.pdf,44,15205,6acdc49607eafbc5205c6f6db993a117,345.568181818182,FALSE,TRUE,FALSE,usado
120002539834,1,MS/2026MS120002539834_01.pdf,67,13871,70cbcd4aa630a10a64147e5daeb341d1,207.029850746269,FALSE,TRUE,FALSE,usado
120002549681,1,MS/2026MS120002549681_01.pdf,62,22802,9868df5a251e421b634df47e41521138,367.774193548387,FALSE,TRUE,FALSE,usado
120002550198,1,MS/2026MS120002550198_01.pdf,3,885,8ded6e5601d875c8960240ebf9b41954,295,FALSE,TRUE,FALSE,usado
120002552155,1,MS/2026MS120002552155_01.pdf,26,8539,7a023f67f35262577ea123268394c759,328.423076923077,FALSE,TRUE,FALSE,usado
120002552191,1,MS/2026MS120002552191_01.pdf,50,10893,e990abe95931dd73074ad7398a88dd0b,217.86,FALSE,TRUE,FALSE,usado
120002552201,1,MS/2026MS120002552201_01.pdf,7,2577,fb2c9be29358280c091043ecaaca8458,368.142857142857,FALSE,TRUE,FALSE,usado
130002539775,1,MG/2026MG130002539775_01.pdf,147,56197,596ecc2ccb25aa1adf7bc8d22993b575,382.292517006803,FALSE,TRUE,FALSE,usado
130002541911,1,MG/2026MG130002541911_01.pdf,5,2938,207ca51b57e14862f4739d4db49a5107,587.6,FALSE,TRUE,FALSE,usado
130002544122,1,MG/2026MG130002544122_01.pdf,27,8633,b945d98f9b71aa9939d89c9e02475b18,319.740740740741,FALSE,TRUE,FALSE,usado
130002544411,1,MG/2026MG130002544411_01.pdf,97,32405,35b84684444693fd2ef8447426372148,334.072164948454,FALSE,TRUE,FALSE,usado
130002546802,1,MG/2026MG130002546802_01.pdf,49,16715,b01f77d710452944343180764fb2edb5,341.122448979592,FALSE,TRUE,FALSE,usado
130002547874,1,MG/2026MG130002547874_01.pdf,16,4967,56d6b90ed086481c60443be4a7776c3c,310.4375,FALSE,TRUE,FALSE,usado
130002549557,1,MG/2026MG130002549557_01.pdf,101,28104,3cec3a3692dcdb3a4795994358916baa,278.257425742574,FALSE,TRUE,FALSE,usado
130002550464,1,MG/2026MG130002550464_01.pdf,68,17763,bc844fcf7e41666ff4094048d32eadd1,261.220588235294,FALSE,TRUE,FALSE,usado
130002550834,1,MG/2026MG130002550834_01.pdf,20,7432,67d8e024ee67603ed14365fa6db42a93,371.6,FALSE,TRUE,FALSE,usado
130002552296,1,MG/2026MG130002552296_01.pdf,16,3548,dd92d4ca9063e7f8581a23caa0310ad0,221.75,FALSE,TRUE,FALSE,usado
140002542386,1,PA/2026PA140002542386_01.pdf,22,5774,3cacb4a265ca7381fdd76b04bc56414d,262.454545454545,FALSE,TRUE,FALSE,usado
140002549930,1,PA/2026PA140002549930_01.pdf,79,19646,c59f429d1a941f107e2af4dd1374b634,248.683544303798,FALSE,TRUE,FALSE,usado
140002551598,1,PA/2026PA140002551598_01.pdf,69,16640,0074526c8cb6b8dd6a029b9289e1da9e,241.159420289855,FALSE,TRUE,FALSE,usado
140002551943,1,PA/2026PA140002551943_01.pdf,56,15388,a89faaeb4cd78b340a7d49309ee830f7,274.785714285714,FALSE,TRUE,FALSE,usado
140002554108,1,PA/2026PA140002554108_01.pdf,40,16642,5c163a97796d6e2b55dd8b5365ab0e5f,416.05,FALSE,TRUE,FALSE,usado
150002538692,1,PB/2026PB150002538692_01.pdf,19,10134,1cb8875b1a62b482672be70153adc32e,533.368421052632,FALSE,TRUE,FALSE,usado
150002540204,1,PB/2026PB150002540204_01.pdf,7,1726,b14434f9da2555456326d3183992376f,246.571428571429,FALSE,TRUE,FALSE,usado
150002544133,1,PB/2026PB150002544133_01.pdf,87,18250,bcfbe30645168c1ad57ecddcfcd80401,209.770114942529,FALSE,TRUE,FALSE,usado
150002551789,1,PB/2026PB150002551789_01.pdf,32,4200,2d3e0795a4169661906474461375fb98,131.25,FALSE,TRUE,FALSE,usado
150002551911,1,PB/2026PB150002551911_01.pdf,9,1726,3562b3328072d67ccc5093af2b7394c9,191.777777777778,FALSE,TRUE,FALSE,usado
150002552603,1,PB/2026PB150002552603_01.pdf,7,2577,fb2c9be29358280c091043ecaaca8458,368.142857142857,FALSE,TRUE,FALSE,usado
160002540833,1,PR/2026PR160002540833_01.pdf,1,108,0ed21415a0f1476d1824429000086415,108,FALSE,TRUE,TRUE,quase_sem_texto
160002540833,2,PR/2026PR160002540833_02.pdf,91,23170,7233e939a96b8f7aa61f725f60474071,254.615384615385,FALSE,TRUE,FALSE,usado
160002547594,1,PR/2026PR160002547594_01.pdf,20,5901,88ddd5d6813a80f20405df17ae4c7e9b,295.05,FALSE,TRUE,FALSE,usado
160002547666,1,PR/2026PR160002547666_01.pdf,15,4217,026f244c874668dd565001a568a0452c,281.133333333333,FALSE,TRUE,FALSE,usado
160002548010,1,PR/2026PR160002548010_01.pdf,14,12295,a0cdb96bf5cff7cf7b700dd7d8f44287,878.214285714286,FALSE,TRUE,FALSE,usado
160002549553,1,PR/2026PR160002549553_01.pdf,274,61448,3f0ca428aeea97747e344f31072387f9,224.262773722628,FALSE,TRUE,FALSE,usado
160002550997,1,PR/2026PR160002550997_01.pdf,23,7265,d736c756c4216162513345c5eac00c25,315.869565217391,FALSE,TRUE,FALSE,usado
160002551353,1,PR/2026PR160002551353_01.pdf,98,35503,530a6891c6be905334532aabc1327412,362.275510204082,FALSE,TRUE,FALSE,usado
170002536575,1,PE/2026PE170002536575_01.pdf,8,2607,019382737354b5a02088b1249365e26a,325.875,FALSE,TRUE,FALSE,usado
170002537227,1,PE/2026PE170002537227_01.pdf,106,0,f45f70f4f2c3b82e6372151d9f8d9aae,0,FALSE,FALSE,FALSE,usado
170002537230,1,PE/2026PE170002537230_01.pdf,30,14978,cadda9799bd58480627793e21e5587c1,499.266666666667,FALSE,TRUE,FALSE,usado
170002537320,1,PE/2026PE170002537320_01.pdf,8,1948,a1af6fa0eb73a0f5290b42b1b793169c,243.5,FALSE,TRUE,FALSE,usado
170002538097,1,PE/2026PE170002538097_01.pdf,86,28801,6510e2885f597187f8b921788bc5ba78,334.895348837209,FALSE,TRUE,FALSE,usado
170002540337,1,PE/2026PE170002540337_01.pdf,66,22174,79c53a784b8a3eec390e9da402b2ed60,335.969696969697,FALSE,TRUE,FALSE,usado
170002552776,1,PE/2026PE170002552776_01.pdf,7,2577,fb2c9be29358280c091043ecaaca8458,368.142857142857,FALSE,TRUE,FALSE,usado
180002532987,1,PI/2026PI180002532987_01.pdf,68,13092,884605cce979fb7976dd652607d187c6,192.529411764706,FALSE,TRUE,FALSE,usado
180002538530,1,PI/2026PI180002538530_01.pdf,120,33806,d759a1f1e07cb46b4f4c4ce00837790f,281.716666666667,FALSE,TRUE,FALSE,usado
180002544216,1,PI/2026PI180002544216_01.pdf,32,7573,3ca9bcc1db117d78229152144016114e,236.65625,FALSE,TRUE,FALSE,usado
180002549920,1,PI/2026PI180002549920_01.pdf,3,432,0f542cb59119afbcb01c0de804d9282f,144,FALSE,TRUE,FALSE,usado
180002549970,1,PI/2026PI180002549970_01.pdf,38,8467,8f4bbf60287d9a3e016c3089b4991216,222.815789473684,FALSE,TRUE,FALSE,usado
180002549995,1,PI/2026PI180002549995_01.pdf,8,2857,05580426910f0dc2686496135d4eac2f,357.125,FALSE,TRUE,FALSE,usado
190002536162,1,RJ/2026RJ190002536162_01.pdf,143,35134,1b1bbe96488e3cf83e534d30d4f26275,245.692307692308,FALSE,TRUE,FALSE,usado
190002537524,1,RJ/2026RJ190002537524_01.pdf,143,0,f45f70f4f2c3b82e6372151d9f8d9aae,0,FALSE,FALSE,FALSE,usado
190002540198,1,RJ/2026RJ190002540198_01.pdf,7,3168,b4ed4638654ed313fdc8b766ae127836,452.571428571429,FALSE,TRUE,FALSE,usado
190002542887,1,RJ/2026RJ190002542887_01.pdf,51,9949,541e44c47b499c94e05ce3cbf0c10893,195.078431372549,FALSE,TRUE,FALSE,usado
190002543380,1,RJ/2026RJ190002543380_01.pdf,8,1977,95ef22550d68b2e61db1ec70c4eb23a4,247.125,FALSE,TRUE,FALSE,usado
190002544120,1,RJ/2026RJ190002544120_01.pdf,81,22740,ed194afb7598a457f5113e8315c8dbf9,280.740740740741,FALSE,TRUE,FALSE,usado
190002547272,1,RJ/2026RJ190002547272_01.pdf,13,3707,b38ad86ccb5d1fdfdb71eca3ea145b44,285.153846153846,FALSE,TRUE,FALSE,usado
190002552513,1,RJ/2026RJ190002552513_01.pdf,7,2577,fb2c9be29358280c091043ecaaca8458,368.142857142857,FALSE,TRUE,FALSE,usado
200002534001,1,RN/2026RN200002534001_01.pdf,74,21047,9e8227b763fc5bb95ee8c3e641531cfe,284.418918918919,FALSE,TRUE,FALSE,usado
200002534442,1,RN/2026RN200002534442_01.pdf,94,31253,faef6acae96f623379d2a3217090efa4,332.478723404255,FALSE,TRUE,FALSE,usado
200002535255,1,RN/2026RN200002535255_01.pdf,44,7153,d789fe6a8581924cff5d6debc9180f57,162.568181818182,FALSE,TRUE,FALSE,usado
200002542481,1,RN/2026RN200002542481_01.pdf,5,1486,071d90b7d267a6ee483f3f8c11628e0e,297.2,FALSE,TRUE,FALSE,usado
200002546756,1,RN/2026RN200002546756_01.pdf,3,486,4cc79a877d538197df1c6288c250a71a,162,FALSE,TRUE,FALSE,usado
200002546757,1,RN/2026RN200002546757_01.pdf,14,5644,6922b4151c96224e22b7827e6eb7482c,403.142857142857,FALSE,TRUE,FALSE,usado
200002547826,1,RN/2026RN200002547826_01.pdf,9,1817,5b9aa6891cf890f12549af0667f003fe,201.888888888889,FALSE,TRUE,FALSE,usado
20002539642,1,AL/2026AL20002539642_01.pdf,14,5875,9f2922707ea4ad04891c801a4c89c659,419.642857142857,FALSE,TRUE,FALSE,usado
20002552502,1,AL/2026AL20002552502_01.pdf,7,1150,951d54e165ee83aaea587dae8d9b53d3,164.285714285714,FALSE,TRUE,FALSE,usado
20002553350,1,AL/2026AL20002553350_01.pdf,53,14455,2b1f73a7d34ba042950fa3ca7d4eabf5,272.735849056604,FALSE,TRUE,FALSE,usado
20002553745,1,AL/2026AL20002553745_01.pdf,33,10712,ed947cb68b3209dbe097ec0e04b89be6,324.606060606061,FALSE,TRUE,FALSE,usado
210002533355,1,RS/2026RS210002533355_01.pdf,8,1784,ed1dbb05825e68bd2b12a84304ec4fff,223,FALSE,TRUE,FALSE,usado
210002535802,1,RS/2026RS210002535802_01.pdf,87,36725,f94c198fe6b1c9336b07aa59a80fde0c,422.126436781609,FALSE,TRUE,FALSE,usado
210002541367,1,RS/2026RS210002541367_01.pdf,72,35828,892c5d7d621afb5a1a47023e3c60d0fa,497.611111111111,FALSE,TRUE,FALSE,usado
210002542892,1,RS/2026RS210002542892_01.pdf,64,26921,f1bfe9f5b0960bedf3339e6d6a4a22ee,420.640625,FALSE,TRUE,FALSE,usado
210002547857,1,RS/2026RS210002547857_01.pdf,107,29313,f0e8072327f33f7318acbd51475ac957,273.953271028037,FALSE,TRUE,FALSE,usado
210002551508,1,RS/2026RS210002551508_01.pdf,38,16161,cfaf7bc8449dc76056b0d65084430446,425.289473684211,FALSE,TRUE,FALSE,usado
220002536806,1,RO/2026RO220002536806_01.pdf,116,32261,7fd5ab7a62af90b98a1e212c77b5901a,278.112068965517,FALSE,TRUE,FALSE,usado
220002541939,1,RO/2026RO220002541939_01.pdf,97,43784,60a5741f897a9990272fe3e7d42134cc,451.381443298969,FALSE,TRUE,FALSE,usado
220002542185,1,RO/2026RO220002542185_01.pdf,31,12564,49881de4fc8419953395f70f2e0e20d5,405.290322580645,FALSE,TRUE,FALSE,usado
220002542916,1,RO/2026RO220002542916_01.pdf,1,61,cdb13fb9fb6f994d3a211f7509098c9c,61,FALSE,TRUE,TRUE,quase_sem_texto
220002542916,2,RO/2026RO220002542916_02.pdf,138,31117,9335b604fb69f97770a491b44be747e8,225.485507246377,FALSE,TRUE,FALSE,usado
220002550927,1,RO/2026RO220002550927_01.pdf,12,3240,d2ab1b3b21f66df79c5123afc6b4c785,270,FALSE,TRUE,FALSE,usado
220002551251,1,RO/2026RO220002551251_01.pdf,41,0,f45f70f4f2c3b82e6372151d9f8d9aae,0,FALSE,FALSE,FALSE,usado
230002549223,1,RR/2026RR230002549223_01.pdf,47,10963,5c865f8ab50801708cb10218ef722b09,233.255319148936,FALSE,TRUE,FALSE,usado
230002549294,1,RR/2026RR230002549294_01.pdf,17,3475,d2e8e4a0fa965d8e8d35e99857df02ee,204.411764705882,FALSE,TRUE,FALSE,usado
230002551571,1,RR/2026RR230002551571_01.pdf,60,10777,efa059b1c7c2fe095ea7d4c44932fd68,179.616666666667,FALSE,TRUE,FALSE,usado
230002552060,1,RR/2026RR230002552060_01.pdf,12,2833,e8489a941fd765d0833c7500f95a13a0,236.083333333333,FALSE,TRUE,FALSE,usado
240002537073,1,SC/2026SC240002537073_01.pdf,22,0,f45f70f4f2c3b82e6372151d9f8d9aae,0,FALSE,FALSE,FALSE,usado
240002541913,1,SC/2026SC240002541913_01.pdf,50,17679,620ef6afeb083b5765239720e52af6f7,353.58,FALSE,TRUE,FALSE,usado
240002544118,1,SC/2026SC240002544118_01.pdf,21,4316,f3d5e35062b8a42852e10047f3685a0f,205.52380952381,FALSE,TRUE,FALSE,usado
240002548628,1,SC/2026SC240002548628_01.pdf,74,0,f45f70f4f2c3b82e6372151d9f8d9aae,0,FALSE,FALSE,FALSE,usado
240002550544,1,SC/2026SC240002550544_01.pdf,23,6648,fa46f8e7eecb212db4fcf2aa79416cc7,289.04347826087,FALSE,TRUE,FALSE,usado
240002551001,1,SC/2026SC240002551001_01.pdf,25,6744,514be4380ff59f89f4969d822a68a023,269.76,FALSE,TRUE,FALSE,usado
240002552157,1,SC/2026SC240002552157_01.pdf,25,3732,2c25af45431a80d98db1af5cc1ebf477,149.28,FALSE,TRUE,FALSE,usado
240002553718,1,SC/2026SC240002553718_01.pdf,7,2577,fb2c9be29358280c091043ecaaca8458,368.142857142857,FALSE,TRUE,FALSE,usado
250002536915,1,SP/2026SP250002536915_01.pdf,54,10096,e6084fcb0431e371b36651f546a296dc,186.962962962963,FALSE,TRUE,FALSE,usado
250002541303,1,SP/2026SP250002541303_01.pdf,68,21198,32b72fe2cb57af1f6920d4e3def3971b,311.735294117647,FALSE,TRUE,FALSE,usado
250002544912,1,SP/2026SP250002544912_01.pdf,43,11790,1f72c53e5993754dc630ba876cfa8ed2,274.186046511628,FALSE,TRUE,FALSE,usado
250002544912,2,SP/2026SP250002544912_02.pdf,3,553,6a737961162850a1d9569cb802e9d70b,184.333333333333,FALSE,TRUE,FALSE,usado
250002544912,3,SP/2026SP250002544912_03.pdf,46,10957,0aa8cac72b26db6a3cbf2592fa65cdca,238.195652173913,FALSE,TRUE,FALSE,usado
250002549705,1,SP/2026SP250002549705_01.pdf,15,5609,994d50813204216fa0240d6c990677e3,373.933333333333,FALSE,TRUE,FALSE,usado
250002550913,1,SP/2026SP250002550913_01.pdf,182,62181,5ddb03b6db4257a74898c25a122a386f,341.653846153846,FALSE,TRUE,FALSE,usado
260002532010,1,SE/2026SE260002532010_01.pdf,56,17803,7f7b968ef03beadbf48e86357879398a,317.910714285714,FALSE,TRUE,FALSE,usado
260002542491,1,SE/2026SE260002542491_01.pdf,34,8202,313895a22067153472d0358122b47537,241.235294117647,FALSE,TRUE,FALSE,usado
260002549466,1,SE/2026SE260002549466_01.pdf,75,20235,afb805c7920269f21beba189ab0c0310,269.8,FALSE,TRUE,FALSE,usado
260002550683,1,SE/2026SE260002550683_01.pdf,11,1885,ad0f0f867fdf5a07dd3b63c80050b1c5,171.363636363636,FALSE,TRUE,FALSE,usado
260002551712,1,SE/2026SE260002551712_01.pdf,20,8218,290c6f675c29d4dc2abb13191654ab94,410.9,FALSE,TRUE,FALSE,usado
270002539187,1,TO/2026TO270002539187_01.pdf,17,3802,d3bea97846aafc1c841237adde890ea3,223.647058823529,FALSE,TRUE,FALSE,usado
270002544494,1,TO/2026TO270002544494_01.pdf,63,13560,3667eb92b5541af824bcfde3b62d1371,215.238095238095,FALSE,TRUE,FALSE,usado
270002544544,1,TO/2026TO270002544544_01.pdf,36,10597,e5d57ab52795ac922405630974400ae7,294.361111111111,FALSE,TRUE,FALSE,usado
270002544599,1,TO/2026TO270002544599_01.pdf,84,19252,f32c8e3756ca940f2f1185407dffcb04,229.190476190476,FALSE,TRUE,FALSE,usado
270002548412,1,TO/2026TO270002548412_01.pdf,32,5576,e7dfb2a73bbb49a9e1cedc8384b5b99d,174.25,FALSE,TRUE,FALSE,usado
270002550458,1,TO/2026TO270002550458_01.pdf,40,11742,4d0a72b5f7858f25243c80509d01f409,293.55,FALSE,TRUE,FALSE,usado
270002554375,1,TO/2026TO270002554375_01.pdf,7,2010,575155003a86aaa044d050188b7dbb4c,287.142857142857,FALSE,TRUE,FALSE,usado
30002530014,1,AP/2026AP30002530014_01.pdf,78,20508,22e6d4293298b15c034fecf678e0e934,262.923076923077,FALSE,TRUE,FALSE,usado
30002536311,1,AP/2026AP30002536311_01.pdf,37,10378,43984894419df5f6464cfc45287298f7,280.486486486487,FALSE,TRUE,FALSE,usado
30002536313,1,AP/2026AP30002536313_01.pdf,12,4446,e3cfedc9cac9c65e4caab2e8b58db5fa,370.5,FALSE,TRUE,FALSE,usado
30002551388,1,AP/2026AP30002551388_01.pdf,7,2577,fb2c9be29358280c091043ecaaca8458,368.142857142857,FALSE,TRUE,FALSE,usado
30002552017,1,AP/2026AP30002552017_01.pdf,32,4881,7e7e69d1129727ba5d392f3e6304ea2f,152.53125,FALSE,TRUE,FALSE,usado
40002532272,1,AM/2026AM40002532272_01.pdf,83,25331,9fc2aaee531e3fa00bd62161a4470617,305.192771084337,FALSE,TRUE,FALSE,usado
40002532272,2,AM/2026AM40002532272_02.pdf,215,71367,455b6335f6b7af9aa44235354fcaf3a1,331.939534883721,FALSE,TRUE,FALSE,usado
40002532272,3,AM/2026AM40002532272_03.pdf,211,59235,1a01ba2aea385ab0e20376b774278e2c,280.734597156398,FALSE,TRUE,FALSE,usado
40002532272,4,AM/2026AM40002532272_04.pdf,262,71874,c93e159d1bcb9f95039f81488215bf90,274.328244274809,FALSE,TRUE,FALSE,usado
40002532272,5,AM/2026AM40002532272_05.pdf,215,60767,8413dd238fe0b67e68f36df1464d5b2e,282.637209302326,FALSE,TRUE,FALSE,usado
40002532272,6,AM/2026AM40002532272_06.pdf,274,80998,2f92068e2f7b75bce617dc3662ac7156,295.613138686131,FALSE,TRUE,FALSE,usado
40002532272,7,AM/2026AM40002532272_07.pdf,243,71549,65f6d0c68ac83e4df49059d1b406ea9a,294.440329218107,FALSE,TRUE,FALSE,usado
40002532272,8,AM/2026AM40002532272_08.pdf,49,14822,ccaec1d51ff6971148fb7f36887a7f23,302.489795918367,FALSE,TRUE,FALSE,usado
40002535267,1,AM/2026AM40002535267_01.pdf,23,9714,1ad36a1c5bcca65b904b46cdc6124c49,422.347826086957,FALSE,TRUE,FALSE,usado
40002536086,1,AM/2026AM40002536086_01.pdf,76,19635,79cc7f88bf99a07bd3f5262a38767bbc,258.355263157895,FALSE,TRUE,FALSE,usado
40002541626,1,AM/2026AM40002541626_01.pdf,9,1343,c87d161c2161b6d78ac9307280cee598,149.222222222222,FALSE,TRUE,FALSE,usado
40002541741,1,AM/2026AM40002541741_01.pdf,101,7219,14b04e779dd47b04deca2bd1f6aad65d,71.4752475247525,FALSE,TRUE,FALSE,usado
40002550776,1,AM/2026AM40002550776_01.pdf,50,9704,0d78023cfe81e4555133eeb431101598,194.08,FALSE,TRUE,FALSE,usado
40002551740,1,AM/2026AM40002551740_01.pdf,28,8577,43b43019e762f739d76ba03a36f709bb,306.321428571429,FALSE,TRUE,FALSE,usado
50002532269,1,BA/2026BA50002532269_01.pdf,24,16649,2065f03ef664fe26dfb5c38479d60624,693.708333333333,FALSE,TRUE,FALSE,usado
50002533190,1,BA/2026BA50002533190_01.pdf,214,73942,24b83e8fc72f4cbe2fe2e85eec99b4ea,345.523364485981,FALSE,TRUE,FALSE,usado
50002535253,1,BA/2026BA50002535253_01.pdf,5,730,534bd24f83d69c906c7a461ec5d143b6,146,FALSE,TRUE,FALSE,usado
50002536314,1,BA/2026BA50002536314_01.pdf,84,15715,0694529067b6cd4d20425b6776ddbfb0,187.083333333333,FALSE,TRUE,FALSE,usado
50002544692,1,BA/2026BA50002544692_01.pdf,1,0,f45f70f4f2c3b82e6372151d9f8d9aae,0,FALSE,FALSE,FALSE,usado
50002552489,1,BA/2026BA50002552489_01.pdf,7,2577,fb2c9be29358280c091043ecaaca8458,368.142857142857,FALSE,TRUE,FALSE,usado
60002531351,1,CE/2026CE60002531351_01.pdf,40,9126,d5a518ac9da2bcb56c4924ae0d5d7f23,228.15,FALSE,TRUE,FALSE,usado
60002533729,1,CE/2026CE60002533729_01.pdf,85,14645,d3d54204ccab6727c732b6934cdf48d3,172.294117647059,FALSE,TRUE,FALSE,usado
60002540417,1,CE/2026CE60002540417_01.pdf,50,12785,569b27b548d964e0fc3583afb7b6d15a,255.7,FALSE,TRUE,FALSE,usado
60002543969,1,CE/2026CE60002543969_01.pdf,56,19440,4f8d2c736e8ad6fda44c4af3d9ca960d,347.142857142857,FALSE,TRUE,FALSE,usado
60002549967,1,CE/2026CE60002549967_01.pdf,44,16062,92c7d5e07f72627c18a88fbd4a32c356,365.045454545455,FALSE,TRUE,FALSE,usado
60002552320,1,CE/2026CE60002552320_01.pdf,7,2577,fb2c9be29358280c091043ecaaca8458,368.142857142857,FALSE,TRUE,FALSE,usado
60002552498,1,CE/2026CE60002552498_01.pdf,8,2088,e1df7d2f889246c40ca083c4e2bf483e,261,FALSE,TRUE,FALSE,usado
60002553922,1,CE/2026CE60002553922_01.pdf,65,13273,671468d68e28e190f7a164b074b2a875,204.2,FALSE,TRUE,FALSE,usado
70002535930,1,DF/2026DF70002535930_01.pdf,5,2668,3372700d17c7f08fbc9f9708004b0aa8,533.6,FALSE,TRUE,FALSE,usado
70002537111,1,DF/2026DF70002537111_01.pdf,11,3620,8f34730d5d07b465110852f3de94dba8,329.090909090909,FALSE,TRUE,FALSE,usado
70002547775,1,DF/2026DF70002547775_01.pdf,165,52626,7dd422f339f0b8132e9a5752251ae415,318.945454545455,FALSE,TRUE,FALSE,usado
70002551557,1,DF/2026DF70002551557_01.pdf,48,12434,852189a899973fddc546ec7ab0701e4f,259.041666666667,FALSE,TRUE,FALSE,usado
70002552341,1,DF/2026DF70002552341_01.pdf,7,2577,fb2c9be29358280c091043ecaaca8458,368.142857142857,FALSE,TRUE,FALSE,usado
70002552496,1,DF/2026DF70002552496_01.pdf,124,35400,9f642e6781ca227abe677e00a0496c63,285.483870967742,FALSE,TRUE,FALSE,usado
70002552965,1,DF/2026DF70002552965_01.pdf,52,13968,ba37df327d18fb3f562433ab77c9a594,268.615384615385,FALSE,TRUE,FALSE,usado
70002553055,1,DF/2026DF70002553055_01.pdf,42,12364,fd3958e74f2e20f4344465ea98f73067,294.380952380952,FALSE,TRUE,FALSE,usado
80002541012,1,ES/2026ES80002541012_01.pdf,61,11863,e9f2997af879209c0b46258607dfc442,194.475409836066,FALSE,TRUE,FALSE,usado
80002550832,1,ES/2026ES80002550832_01.pdf,23,7879,fb6d5f571156c3661d9ab8a57c383498,342.565217391304,FALSE,TRUE,FALSE,usado
80002551833,1,ES/2026ES80002551833_01.pdf,63,15091,9d414153ae508089ed132c5fdcf5d000,239.539682539683,FALSE,TRUE,FALSE,usado
80002552172,1,ES/2026ES80002552172_01.pdf,152,34910,6df08e3171e4166e8fe4c88e65e4a5bf,229.671052631579,FALSE,TRUE,FALSE,usado
80002552682,1,ES/2026ES80002552682_01.pdf,54,11706,9aebabf78b7c445071e15e3f96c136fc,216.777777777778,FALSE,TRUE,FALSE,usado
90002540993,1,GO/2026GO90002540993_01.pdf,78,19211,9f4aa054ad9e3f6683744a4ed46bc492,246.294871794872,FALSE,TRUE,FALSE,usado
90002543463,1,GO/2026GO90002543463_01.pdf,65,24694,370f64ca7507e021c91ff807bd75d1ae,379.907692307692,FALSE,TRUE,FALSE,usado
90002543463,2,GO/2026GO90002543463_02.pdf,65,24694,370f64ca7507e021c91ff807bd75d1ae,379.907692307692,TRUE,TRUE,TRUE,copia_identica
90002545476,1,GO/2026GO90002545476_01.pdf,55,24398,9863d53faab9c4040ebcc7c157814277,443.6,FALSE,TRUE,FALSE,usado
90002550707,1,GO/2026GO90002550707_01.pdf,25,3622,97af508950f602e88b1e70ec95040f55,144.88,FALSE,TRUE,FALSE,usado
90002551791,1,GO/2026GO90002551791_01.pdf,64,16716,5ed827a5d29f5cb46ef0f7e83e980d5c,261.1875,FALSE,TRUE,FALSE,usado
90002553733,1,GO/2026GO90002553733_01.pdf,7,2577,fb2c9be29358280c091043ecaaca8458,368.142857142857,FALSE,TRUE,FALSE,usado
