id,url,destino,status,http,bytes,sha256,data_coleta
candidatos,https://cdn.tse.jus.br/estatistica/sead/odsele/consulta_cand/consulta_cand_2026.zip,C:/Users/ander/iCloudDrive/Desktop/On going Papers/Candidatos_gov/data/raw/consulta_cand_2026.zip,baixado,200,3208547,dda125bc927941e4273fe60ccc9755cb1e05bc198d63ba8848178cc6d1b51a6c,2026-09-23
proposta_AC,https://cdn.tse.jus.br/estatistica/sead/odsele/proposta_governo/proposta_governo_2026_AC.zip,C:/Users/ander/iCloudDrive/Desktop/On going Papers/Candidatos_gov/data/raw/zips_propostas/proposta_governo_2026_AC.zip,baixado,200,8122316,7f95c19c8237b01ed691893be6a6890dc97782828588d7806d38ae076433a574,2026-09-23
proposta_AL,https://cdn.tse.jus.br/estatistica/sead/odsele/proposta_governo/proposta_governo_2026_AL.zip,C:/Users/ander/iCloudDrive/Desktop/On going Papers/Candidatos_gov/data/raw/zips_propostas/proposta_governo_2026_AL.zip,baixado,200,6148423,c2b9ebc4950909d6ee43f232535e4c6fa39750ad8a4177ef611a2cd06c5584a7,2026-09-23
proposta_AM,https://cdn.tse.jus.br/estatistica/sead/odsele/proposta_governo/proposta_governo_2026_AM.zip,C:/Users/ander/iCloudDrive/Desktop/On going Papers/Candidatos_gov/data/raw/zips_propostas/proposta_governo_2026_AM.zip,baixado,200,77038196,4c94011ffd3e0310f7a526e310bb6d743c9c2b837a17792b030dc9e4300b8c97,2026-09-23
proposta_AP,https://cdn.tse.jus.br/estatistica/sead/odsele/proposta_governo/proposta_governo_2026_AP.zip,C:/Users/ander/iCloudDrive/Desktop/On going Papers/Candidatos_gov/data/raw/zips_propostas/proposta_governo_2026_AP.zip,baixado,200,7675343,c8dc9b1ab8f5e456e1ffb488fc667b5b66815929e8b46bd6d48da40d06cb3205,2026-09-23
proposta_BA,https://cdn.tse.jus.br/estatistica/sead/odsele/proposta_governo/proposta_governo_2026_BA.zip,C:/Users/ander/iCloudDrive/Desktop/On going Papers/Candidatos_gov/data/raw/zips_propostas/proposta_governo_2026_BA.zip,baixado,200,14164200,defc67caeaf8164590a9e6e7dcbb71eca29db6ed9641af17fb8f3648730ab08d,2026-09-23
proposta_CE,https://cdn.tse.jus.br/estatistica/sead/odsele/proposta_governo/proposta_governo_2026_CE.zip,C:/Users/ander/iCloudDrive/Desktop/On going Papers/Candidatos_gov/data/raw/zips_propostas/proposta_governo_2026_CE.zip,baixado,200,5480787,e626e951cab31365cf7f976da1016e35f91abb19cad2a8ee06b6bc00e9832d2a,2026-09-23
proposta_DF,https://cdn.tse.jus.br/estatistica/sead/odsele/proposta_governo/proposta_governo_2026_DF.zip,C:/Users/ander/iCloudDrive/Desktop/On going Papers/Candidatos_gov/data/raw/zips_propostas/proposta_governo_2026_DF.zip,baixado,200,10994146,01b0c15508d244ccd6e1be0ebbb0f6255e093ad2f01b1cfb41e90739a72f3809,2026-09-23
proposta_ES,https://cdn.tse.jus.br/estatistica/sead/odsele/proposta_governo/proposta_governo_2026_ES.zip,C:/Users/ander/iCloudDrive/Desktop/On going Papers/Candidatos_gov/data/raw/zips_propostas/proposta_governo_2026_ES.zip,baixado,200,8397110,a4586e6ce7bedf0a466bcaa18b64124708b9c1592c298f4d7ced37fffd991f29,2026-09-23
proposta_GO,https://cdn.tse.jus.br/estatistica/sead/odsele/proposta_governo/proposta_governo_2026_GO.zip,C:/Users/ander/iCloudDrive/Desktop/On going Papers/Candidatos_gov/data/raw/zips_propostas/proposta_governo_2026_GO.zip,baixado,200,5664235,894ca4ac1494553a0c2f93026fd9e409ce87d44b663c0ee3710560cb57625fda,2026-09-23
proposta_MA,https://cdn.tse.jus.br/estatistica/sead/odsele/proposta_governo/proposta_governo_2026_MA.zip,C:/Users/ander/iCloudDrive/Desktop/On going Papers/Candidatos_gov/data/raw/zips_propostas/proposta_governo_2026_MA.zip,baixado,200,7671603,5495a5af5c243a623cbe54c657c2cce29be5aeeb2cdb1ac87d089e62ef47b4dd,2026-09-23
proposta_MG,https://cdn.tse.jus.br/estatistica/sead/odsele/proposta_governo/proposta_governo_2026_MG.zip,C:/Users/ander/iCloudDrive/Desktop/On going Papers/Candidatos_gov/data/raw/zips_propostas/proposta_governo_2026_MG.zip,baixado,200,19972034,48fb9324a33fc95805cd0417ca35fbd8c5a43798efd44bf358614738cdfb9679,2026-09-23
proposta_MS,https://cdn.tse.jus.br/estatistica/sead/odsele/proposta_governo/proposta_governo_2026_MS.zip,C:/Users/ander/iCloudDrive/Desktop/On going Papers/Candidatos_gov/data/raw/zips_propostas/proposta_governo_2026_MS.zip,baixado,200,4363086,644a24c90044857a3c43f2346b641d327a0b359c821f766b79b05bae00f4d5a3,2026-09-23
proposta_MT,https://cdn.tse.jus.br/estatistica/sead/odsele/proposta_governo/proposta_governo_2026_MT.zip,C:/Users/ander/iCloudDrive/Desktop/On going Papers/Candidatos_gov/data/raw/zips_propostas/proposta_governo_2026_MT.zip,baixado,200,4780433,dcb179ad02c133693aed27b0d9bf80fe53ddd681b5caa9c0ff1713f5a3176cdf,2026-09-23
proposta_PA,https://cdn.tse.jus.br/estatistica/sead/odsele/proposta_governo/proposta_governo_2026_PA.zip,C:/Users/ander/iCloudDrive/Desktop/On going Papers/Candidatos_gov/data/raw/zips_propostas/proposta_governo_2026_PA.zip,baixado,200,4075793,680238185566a4d97566fb448a0238318598e688fc3d0f35b08524b31413ee34,2026-09-23
proposta_PB,https://cdn.tse.jus.br/estatistica/sead/odsele/proposta_governo/proposta_governo_2026_PB.zip,C:/Users/ander/iCloudDrive/Desktop/On going Papers/Candidatos_gov/data/raw/zips_propostas/proposta_governo_2026_PB.zip,baixado,200,3130318,b3bac05f6978deb7f2b511d3513c84cc7156d4c923a928dfc5b606007bb780ab,2026-09-23
proposta_PE,https://cdn.tse.jus.br/estatistica/sead/odsele/proposta_governo/proposta_governo_2026_PE.zip,C:/Users/ander/iCloudDrive/Desktop/On going Papers/Candidatos_gov/data/raw/zips_propostas/proposta_governo_2026_PE.zip,baixado,200,10343974,bdb0d9fbcd5cf6ed4f8864588a20d1cb2b5e2cbacd90b29b3581957a503f32b4,2026-09-23
proposta_PI,https://cdn.tse.jus.br/estatistica/sead/odsele/proposta_governo/proposta_governo_2026_PI.zip,C:/Users/ander/iCloudDrive/Desktop/On going Papers/Candidatos_gov/data/raw/zips_propostas/proposta_governo_2026_PI.zip,baixado,200,6188874,65a1b2360fb4d7007bf7f5dddab2e1fd8fbaeacbcf5ce3b097c52df38464d3e8,2026-09-23
proposta_PR,https://cdn.tse.jus.br/estatistica/sead/odsele/proposta_governo/proposta_governo_2026_PR.zip,C:/Users/ander/iCloudDrive/Desktop/On going Papers/Candidatos_gov/data/raw/zips_propostas/proposta_governo_2026_PR.zip,baixado,200,11489754,b1146a242368b1fc728bcb881229b7cb9395f8eb3039249d0dc51ff52edb23a7,2026-09-23
proposta_RJ,https://cdn.tse.jus.br/estatistica/sead/odsele/proposta_governo/proposta_governo_2026_RJ.zip,C:/Users/ander/iCloudDrive/Desktop/On going Papers/Candidatos_gov/data/raw/zips_propostas/proposta_governo_2026_RJ.zip,baixado,200,12651416,c91d1c1ce1bc3203ea49a2012237a2184c98f0e34250d2719170f6e890001d39,2026-09-23
proposta_RN,https://cdn.tse.jus.br/estatistica/sead/odsele/proposta_governo/proposta_governo_2026_RN.zip,C:/Users/ander/iCloudDrive/Desktop/On going Papers/Candidatos_gov/data/raw/zips_propostas/proposta_governo_2026_RN.zip,baixado,200,6584538,5b54337dd27d5b2cb954f5338b2377691cdd1a810d9ddadfb777e3f36fd2702a,2026-09-23
proposta_RO,https://cdn.tse.jus.br/estatistica/sead/odsele/proposta_governo/proposta_governo_2026_RO.zip,C:/Users/ander/iCloudDrive/Desktop/On going Papers/Candidatos_gov/data/raw/zips_propostas/proposta_governo_2026_RO.zip,baixado,200,7180969,712e73b9d97f75d0ec3b4f09de9f055f78132505c538d0795c18e922649bcfc3,2026-09-23
proposta_RR,https://cdn.tse.jus.br/estatistica/sead/odsele/proposta_governo/proposta_governo_2026_RR.zip,C:/Users/ander/iCloudDrive/Desktop/On going Papers/Candidatos_gov/data/raw/zips_propostas/proposta_governo_2026_RR.zip,baixado,200,3556340,eaa2acbdad48de512ba728c5e245b75382bc3d1bb59c78d3d78b99610283adaf,2026-09-23
proposta_RS,https://cdn.tse.jus.br/estatistica/sead/odsele/proposta_governo/proposta_governo_2026_RS.zip,C:/Users/ander/iCloudDrive/Desktop/On going Papers/Candidatos_gov/data/raw/zips_propostas/proposta_governo_2026_RS.zip,baixado,200,6797076,206b5aa6c6ed90a274a3354de16d0be4d5289f6c1c33c3bfc8f7ea891755c972,2026-09-23
proposta_SC,https://cdn.tse.jus.br/estatistica/sead/odsele/proposta_governo/proposta_governo_2026_SC.zip,C:/Users/ander/iCloudDrive/Desktop/On going Papers/Candidatos_gov/data/raw/zips_propostas/proposta_governo_2026_SC.zip,baixado,200,5991414,81db73530add64a60e024ab7785d03c984b4a42551944df4c61ffcb0f1ccba3e,2026-09-23
proposta_SE,https://cdn.tse.jus.br/estatistica/sead/odsele/proposta_governo/proposta_governo_2026_SE.zip,C:/Users/ander/iCloudDrive/Desktop/On going Papers/Candidatos_gov/data/raw/zips_propostas/proposta_governo_2026_SE.zip,baixado,200,9465018,e1d188fe9e6c928a82d42ccafc4c96e9e4251fc2e98524bba5eb8b4393b9161a,2026-09-23
proposta_SP,https://cdn.tse.jus.br/estatistica/sead/odsele/proposta_governo/proposta_governo_2026_SP.zip,C:/Users/ander/iCloudDrive/Desktop/On going Papers/Candidatos_gov/data/raw/zips_propostas/proposta_governo_2026_SP.zip,baixado,200,13649958,6dcd7d88fec198fd824352006a44ccde1670c7849ed1ce5b52036c8f60884723,2026-09-23
proposta_TO,https://cdn.tse.jus.br/estatistica/sead/odsele/proposta_governo/proposta_governo_2026_TO.zip,C:/Users/ander/iCloudDrive/Desktop/On going Papers/Candidatos_gov/data/raw/zips_propostas/proposta_governo_2026_TO.zip,baixado,200,7994276,93fbf2e4074f626bc5be8aa597c591df1218f070563d8c4ad4b84d60a099ec31,2026-09-23
