SG_UF,regiao,n,com_mencao,pct_mencao,pct_so_clima,pct_acao,pct_meta,pct_ciclo_completo,pct_adaptacao,dens_mediana,palavras_mediana
AL,Nordeste,4,3,75,0,75,0,25,50,0.45,8294
AC,Norte,6,5,83.3,0,66.7,0,0,50,0.63,7776
ES,Sudeste,5,5,100,0,60,0,20,60,0.33,11863
SP,Sudeste,5,5,100,0,60,20,20,100,0.3,21198
SE,Nordeste,5,4,80,0,60,0,20,60,0.34,8218
PE,Nordeste,7,6,85.7,0,57.1,0,14.3,71.4,0.4,14978
TO,Norte,7,5,71.4,14.3,57.1,0,14.3,42.9,0.18,10597
RO,Norte,6,6,100,0,50,0,16.7,16.7,0.27,22386
RR,Norte,4,3,75,0,50,0,0,0,0.36,7126
AM,Norte,7,7,100,0,42.9,0,14.3,57.1,0.42,9704
RN,Nordeste,7,6,85.7,0,42.9,14.3,0,42.9,0.42,5644
PA,Norte,5,4,80,20,40,0,0,40,0.36,16640
SC,Sul,8,6,75,0,37.5,0,12.5,25,0.23,5482
RJ,Sudeste,8,5,62.5,0,37.5,12.5,12.5,12.5,0.26,6828
PI,Nordeste,6,3,50,0,33.3,16.7,16.7,33.3,0.18,8020
MG,Sudeste,10,8,80,0,30,0,30,30,0.29,12674
MA,Nordeste,7,4,57.1,14.3,28.6,0,14.3,42.9,0.11,11144
MS,Centro-Oeste,8,4,50,0,25,0,12.5,25,0.07,9716
MT,Centro-Oeste,5,4,80,0,20,0,0,20,0.19,10101
AP,Norte,5,3,60,0,20,0,20,40,0.2,4881
RS,Sul,6,6,100,0,16.7,0,83.3,83.3,1.37,28117
PB,Nordeste,6,3,50,0,16.7,0,16.7,16.7,0.19,3388
BA,Nordeste,6,3,50,0,16.7,0,0,16.7,0.03,9146
PR,Sul,7,5,71.4,0,14.3,0,28.6,28.6,0.2,12295
CE,Nordeste,8,6,75,0,12.5,0,12.5,25,0.32,13029
DF,Centro-Oeste,8,5,62.5,0,12.5,0,12.5,62.5,0.16,12399
GO,Centro-Oeste,6,4,66.7,0,0,0,0,50,0.25,17964
