SG_UF,ameaca,prop
MA,hidro,1
AC,hidro,0.8
MT,hidro,0.5
MS,hidro,0.5
MG,hidro,0.375
PA,hidro,0.75
PB,hidro,0.666666666666667
PR,hidro,1
PE,hidro,0.833333333333333
PI,hidro,0.666666666666667
RJ,hidro,1
RN,hidro,0.5
AL,hidro,1
RS,hidro,1
RO,hidro,0.5
RR,hidro,0.333333333333333
SC,hidro,1
SP,hidro,0.8
SE,hidro,0.75
TO,hidro,0.4
AP,hidro,1
AM,hidro,0.857142857142857
BA,hidro,0.666666666666667
CE,hidro,0.666666666666667
DF,hidro,0.8
ES,hidro,0.8
GO,hidro,1
MA,movimento_massa,0.25
AC,movimento_massa,0
MT,movimento_massa,0
MS,movimento_massa,0
MG,movimento_massa,0.25
PA,movimento_massa,0.25
PB,movimento_massa,0.333333333333333
PR,movimento_massa,1
PE,movimento_massa,1
PI,movimento_massa,0.333333333333333
RJ,movimento_massa,1
RN,movimento_massa,0.333333333333333
AL,movimento_massa,0.666666666666667
RS,movimento_massa,0.833333333333333
RO,movimento_massa,0.166666666666667
RR,movimento_massa,0
SC,movimento_massa,0.5
SP,movimento_massa,0.8
SE,movimento_massa,0.25
TO,movimento_massa,0
AP,movimento_massa,0
AM,movimento_massa,0.285714285714286
BA,movimento_massa,0.666666666666667
CE,movimento_massa,0.166666666666667
DF,movimento_massa,0.2
ES,movimento_massa,0.6
GO,movimento_massa,0.25
MA,seca,0.5
AC,seca,0.6
MT,seca,0.75
MS,seca,0.25
MG,seca,0.5
PA,seca,0.75
PB,seca,1
PR,seca,1
PE,seca,0.666666666666667
PI,seca,0.333333333333333
RJ,seca,0.2
RN,seca,0.833333333333333
AL,seca,0.666666666666667
RS,seca,0.833333333333333
RO,seca,0.333333333333333
RR,seca,0
SC,seca,0.5
SP,seca,0.8
SE,seca,0.75
TO,seca,0.4
AP,seca,0
AM,seca,0.857142857142857
BA,seca,0.666666666666667
CE,seca,0.833333333333333
DF,seca,0.8
ES,seca,0.6
GO,seca,1
MA,fogo,0.5
AC,fogo,0.6
MT,fogo,0.75
MS,fogo,1
MG,fogo,0.5
PA,fogo,0.5
PB,fogo,0
PR,fogo,0.6
PE,fogo,0.166666666666667
PI,fogo,1
RJ,fogo,0.4
RN,fogo,0.166666666666667
AL,fogo,0.333333333333333
RS,fogo,0.166666666666667
RO,fogo,0.833333333333333
RR,fogo,0.666666666666667
SC,fogo,0
SP,fogo,0.8
SE,fogo,0.25
TO,fogo,0.8
AP,fogo,0
AM,fogo,0.714285714285714
BA,fogo,1
CE,fogo,0.666666666666667
DF,fogo,0.8
ES,fogo,0.4
GO,fogo,1
MA,calor_extremo,0.25
AC,calor_extremo,0.2
MT,calor_extremo,0.25
MS,calor_extremo,0
MG,calor_extremo,0.125
PA,calor_extremo,0.5
PB,calor_extremo,0
PR,calor_extremo,0.4
PE,calor_extremo,0.166666666666667
PI,calor_extremo,0.333333333333333
RJ,calor_extremo,0
RN,calor_extremo,0.333333333333333
AL,calor_extremo,0.666666666666667
RS,calor_extremo,0.333333333333333
RO,calor_extremo,0.166666666666667
RR,calor_extremo,0
SC,calor_extremo,0
SP,calor_extremo,0.8
SE,calor_extremo,0.25
TO,calor_extremo,0.4
AP,calor_extremo,0
AM,calor_extremo,0.428571428571429
BA,calor_extremo,0
CE,calor_extremo,0.166666666666667
DF,calor_extremo,0.6
ES,calor_extremo,0.2
GO,calor_extremo,0.75
MA,tempestade,0
AC,tempestade,0
MT,tempestade,0
MS,tempestade,0
MG,tempestade,0.125
PA,tempestade,0
PB,tempestade,0
PR,tempestade,0
PE,tempestade,0
PI,tempestade,0
RJ,tempestade,0
RN,tempestade,0
AL,tempestade,0
RS,tempestade,0.333333333333333
RO,tempestade,0.166666666666667
RR,tempestade,0
SC,tempestade,0.333333333333333
SP,tempestade,0
SE,tempestade,0
TO,tempestade,0
AP,tempestade,0
AM,tempestade,0.142857142857143
BA,tempestade,0
CE,tempestade,0
DF,tempestade,0
ES,tempestade,0
GO,tempestade,0
MA,costeira,0
AC,costeira,0.2
MT,costeira,0
MS,costeira,0
MG,costeira,0
PA,costeira,0
PB,costeira,0.333333333333333
PR,costeira,0.2
PE,costeira,0.666666666666667
PI,costeira,0
RJ,costeira,0.2
RN,costeira,0.333333333333333
AL,costeira,0.666666666666667
RS,costeira,0
RO,costeira,0.166666666666667
RR,costeira,0
SC,costeira,0.166666666666667
SP,costeira,0.2
SE,costeira,0.25
TO,costeira,0
AP,costeira,0
AM,costeira,0.285714285714286
BA,costeira,0
CE,costeira,0.5
DF,costeira,0
ES,costeira,0.2
GO,costeira,0
MA,barragem_mineracao,0.25
AC,barragem_mineracao,0
MT,barragem_mineracao,0
MS,barragem_mineracao,0
MG,barragem_mineracao,0.625
PA,barragem_mineracao,0.25
PB,barragem_mineracao,0
PR,barragem_mineracao,0.4
PE,barragem_mineracao,0
PI,barragem_mineracao,0.333333333333333
RJ,barragem_mineracao,0
RN,barragem_mineracao,0.166666666666667
AL,barragem_mineracao,0
RS,barragem_mineracao,0.333333333333333
RO,barragem_mineracao,0
RR,barragem_mineracao,0
SC,barragem_mineracao,0
SP,barragem_mineracao,0
SE,barragem_mineracao,0.25
TO,barragem_mineracao,0
AP,barragem_mineracao,0
AM,barragem_mineracao,0.285714285714286
BA,barragem_mineracao,0
CE,barragem_mineracao,0
DF,barragem_mineracao,0.2
ES,barragem_mineracao,0.6
GO,barragem_mineracao,0
MA,tecnologico,0
AC,tecnologico,0
MT,tecnologico,0
MS,tecnologico,0
MG,tecnologico,0
PA,tecnologico,0
PB,tecnologico,0
PR,tecnologico,0
PE,tecnologico,0
PI,tecnologico,0.333333333333333
RJ,tecnologico,0
RN,tecnologico,0
AL,tecnologico,0
RS,tecnologico,0
RO,tecnologico,0.166666666666667
RR,tecnologico,0.333333333333333
SC,tecnologico,0
SP,tecnologico,0
SE,tecnologico,0
TO,tecnologico,0
AP,tecnologico,0
AM,tecnologico,0.142857142857143
BA,tecnologico,0
CE,tecnologico,0.166666666666667
DF,tecnologico,0
ES,tecnologico,0
GO,tecnologico,0.25
MA,generica,0.75
AC,generica,0.8
MT,generica,0.5
MS,generica,0.5
MG,generica,1
PA,generica,0.75
PB,generica,1
PR,generica,0.8
PE,generica,0.666666666666667
PI,generica,1
RJ,generica,0.8
RN,generica,0.333333333333333
AL,generica,0.666666666666667
RS,generica,0.833333333333333
RO,generica,0.5
RR,generica,0
SC,generica,0.5
SP,generica,0.8
SE,generica,0.75
TO,generica,0.6
AP,generica,0.666666666666667
AM,generica,0.571428571428571
BA,generica,0.333333333333333
CE,generica,0.5
DF,generica,0.8
ES,generica,0.8
GO,generica,1
