SG_UF,candidato,SG_PARTIDO,palavras,paginas,perfil
PI,ELIZEU AGUIAR,NOVO,432,3,Sem menção
RN,RODRIGO DE BOLSONARO,AGIR,486,3,Sem menção
BA,ARIEL CAPISTRANO,DC,730,5,Sem menção
BA,AROLDO FELIX,UP,781,1,Sem menção
MS,JEFERSON BEZERRA,AGIR,885,3,Sem menção
AL,MÁRCIO JAMBO,DEMOCRATA,1150,7,Sem menção
AM,PROFESSORA MARIA DO CARMO,PL,1343,9,Propõe ação concreta
MA,EDUARDO BRAIDE,PSD,1437,28,Só agenda climática geral
RN,DÁRIO BARBOSA,PSTU,1486,5,Menciona risco e desastre
PB,PEDRO COUTINHO,DC,1726,9,Sem menção
PB,YURI EZEQUIEL,UP,1726,7,Sem menção
RS,PRISCILA VOIGT,UP,1784,8,Propõe ação concreta
RN,ARINALDA DO MLB,UP,1817,9,Menciona risco e desastre
SE,TATY  CRISTINA DE JESUS,DC,1885,11,Sem menção
PE,PROFESSORA CAMILA,UP,1948,8,Menciona risco e desastre
AC,EUDO RAFFAEL,PCB,1961,6,Sem menção
RJ,EDUARDO PAES,PSD,1977,8,Propõe ação concreta
