uf,tipo,registros,reconhecidos,municipios_atingidos,municipios_uf,pct_municipios,share_registros,peso
AC,barragem_mineracao,0,0,0,22,0,0,0
AC,calor_extremo,0,0,0,22,0,0,0
AC,costeira,0,0,0,22,0,0,0
AC,fogo,45,44,22,22,100,17.9,0.178571428571429
AC,hidro,99,79,19,22,86.4,39.3,0.392857142857143
AC,movimento_massa,14,6,6,22,27.3,5.6,0.0555555555555556
AC,seca,85,83,22,22,100,33.7,0.337301587301587
AC,tecnologico,1,0,1,22,4.5,0.4,0.00396825396825397
AC,tempestade,8,2,5,22,22.7,3.2,0.0317460317460317
AL,barragem_mineracao,0,0,0,102,0,0,0
AL,calor_extremo,0,0,0,102,0,0,0
AL,costeira,10,1,3,102,2.9,1.3,0.0133333333333333
AL,fogo,0,0,0,102,0,0,0
AL,hidro,174,95,69,102,67.6,23.2,0.232
AL,movimento_massa,16,7,9,102,8.8,2.1,0.0213333333333333
AL,seca,546,492,74,102,72.5,72.8,0.728
AL,tecnologico,2,2,2,102,2,0.3,0.00266666666666667
AL,tempestade,2,0,2,102,2,0.3,0.00266666666666667
AM,barragem_mineracao,0,0,0,62,0,0,0
AM,calor_extremo,0,0,0,62,0,0,0
AM,costeira,0,0,0,62,0,0,0
AM,fogo,41,25,26,62,41.9,4.8,0.0482352941176471
AM,hidro,477,363,61,62,98.4,56.1,0.561176470588235
AM,movimento_massa,80,20,31,62,50,9.4,0.0941176470588235
AM,seca,203,154,62,62,100,23.9,0.238823529411765
AM,tecnologico,19,3,7,62,11.3,2.2,0.0223529411764706
AM,tempestade,30,8,21,62,33.9,3.5,0.0352941176470588
AP,barragem_mineracao,4,4,4,16,25,3.1,0.0305343511450382
AP,calor_extremo,0,0,0,16,0,0,0
AP,costeira,0,0,0,16,0,0,0
AP,fogo,4,3,3,16,18.8,3.1,0.0305343511450382
AP,hidro,45,20,14,16,87.5,34.4,0.343511450381679
AP,movimento_massa,9,4,3,16,18.8,6.9,0.0687022900763359
AP,seca,40,37,16,16,100,30.5,0.305343511450382
AP,tecnologico,8,4,4,16,25,6.1,0.0610687022900763
AP,tempestade,21,14,15,16,93.8,16,0.16030534351145
BA,barragem_mineracao,2,1,2,417,0.5,0.1,0.000553097345132743
BA,calor_extremo,0,0,0,417,0,0,0
BA,costeira,19,5,7,417,1.7,0.5,0.00525442477876106
BA,fogo,246,1,80,417,19.2,6.8,0.0680309734513274
BA,hidro,759,510,287,417,68.8,21,0.209900442477876
BA,movimento_massa,35,7,27,417,6.5,1,0.00967920353982301
BA,seca,2491,1935,319,417,76.5,68.9,0.688882743362832
BA,tecnologico,43,21,31,417,7.4,1.2,0.011891592920354
BA,tempestade,21,8,20,417,4.8,0.6,0.00580752212389381
CE,barragem_mineracao,2,1,2,184,1.1,0.1,0.00122249388753056
CE,calor_extremo,0,0,0,184,0,0,0
CE,costeira,14,2,4,184,2.2,0.9,0.00855745721271394
CE,fogo,123,0,19,184,10.3,7.5,0.0751833740831296
CE,hidro,137,57,77,184,41.8,8.4,0.0837408312958435
CE,movimento_massa,32,1,15,184,8.2,2,0.019559902200489
CE,seca,1291,1094,182,184,98.9,78.9,0.789119804400978
CE,tecnologico,32,0,12,184,6.5,2,0.019559902200489
CE,tempestade,5,1,4,184,2.2,0.3,0.00305623471882641
DF,barragem_mineracao,0,0,0,1,0,0,0
DF,calor_extremo,0,0,0,1,0,0,0
DF,costeira,0,0,0,1,0,0,0
DF,fogo,3,0,1,1,100,18.8,0.1875
DF,hidro,2,1,1,1,100,12.5,0.125
DF,movimento_massa,4,0,1,1,100,25,0.25
DF,seca,2,1,1,1,100,12.5,0.125
DF,tecnologico,2,0,1,1,100,12.5,0.125
DF,tempestade,3,0,1,1,100,18.8,0.1875
ES,barragem_mineracao,2,0,2,78,2.6,0.1,0.00148809523809524
ES,calor_extremo,4,0,4,78,5.1,0.3,0.00297619047619048
ES,costeira,14,0,8,78,10.3,1,0.0104166666666667
ES,fogo,346,0,45,78,57.7,25.7,0.257440476190476
ES,hidro,510,158,74,78,94.9,37.9,0.379464285714286
ES,movimento_massa,105,5,43,78,55.1,7.8,0.078125
ES,seca,146,85,58,78,74.4,10.9,0.108630952380952
ES,tecnologico,79,1,31,78,39.7,5.9,0.0587797619047619
ES,tempestade,138,14,49,78,62.8,10.3,0.102678571428571
GO,barragem_mineracao,2,0,1,246,0.4,0.4,0.0044543429844098
GO,calor_extremo,1,0,1,246,0.4,0.2,0.0022271714922049
GO,costeira,0,0,0,246,0,0,0
GO,fogo,188,37,54,246,22,41.9,0.418708240534521
GO,hidro,144,58,75,246,30.5,32.1,0.320712694877506
GO,movimento_massa,29,4,16,246,6.5,6.5,0.0645879732739421
GO,seca,53,45,48,246,19.5,11.8,0.11804008908686
GO,tecnologico,17,1,11,246,4.5,3.8,0.0378619153674833
GO,tempestade,15,3,12,246,4.9,3.3,0.0334075723830735
MA,barragem_mineracao,0,0,0,217,0,0,0
MA,calor_extremo,0,0,0,217,0,0,0
MA,costeira,2,0,2,217,0.9,0.3,0.00327868852459016
MA,fogo,3,0,2,217,0.9,0.5,0.00491803278688525
MA,hidro,364,219,133,217,61.3,59.7,0.59672131147541
MA,movimento_massa,17,6,14,217,6.5,2.8,0.0278688524590164
MA,seca,204,141,131,217,60.4,33.4,0.334426229508197
MA,tecnologico,18,5,12,217,5.5,3,0.0295081967213115
MA,tempestade,2,0,2,217,0.9,0.3,0.00327868852459016
MG,barragem_mineracao,6,1,5,853,0.6,0.1,0.00112866817155756
MG,calor_extremo,14,0,9,853,1.1,0.3,0.00263355906696764
MG,costeira,0,0,0,853,0,0,0
MG,fogo,172,8,75,853,8.8,3.2,0.0323551542513168
MG,hidro,2385,1409,675,853,79.1,44.9,0.448645598194131
MG,movimento_massa,222,37,125,853,14.7,4.2,0.0417607223476298
MG,seca,2139,1804,301,853,35.3,40.2,0.402370203160271
MG,tecnologico,76,1,45,853,5.3,1.4,0.0142964635063958
MG,tempestade,302,89,204,853,23.9,5.7,0.0568096313017306
MS,barragem_mineracao,4,0,3,79,3.8,0.2,0.00224845418774592
MS,calor_extremo,102,0,5,79,6.3,5.7,0.0573355817875211
MS,costeira,0,0,0,79,0,0,0
MS,fogo,380,137,79,79,100,21.4,0.213603147835863
MS,hidro,690,89,70,79,88.6,38.8,0.387858347386172
MS,movimento_massa,35,2,16,79,20.3,2,0.0196739741427768
MS,seca,265,35,79,79,100,14.9,0.148960089938168
MS,tecnologico,26,1,13,79,16.5,1.5,0.0146149522203485
MS,tempestade,277,7,53,79,67.1,15.6,0.155705452501405
MT,barragem_mineracao,0,0,0,141,0,0,0
MT,calor_extremo,82,0,68,141,48.2,4.9,0.0487804878048781
MT,costeira,0,0,0,141,0,0,0
MT,fogo,805,266,141,141,100,47.9,0.478881618084474
MT,hidro,499,216,117,141,83,29.7,0.296847114812612
MT,movimento_massa,58,2,26,141,18.4,3.5,0.0345032718619869
MT,seca,79,42,53,141,37.6,4.7,0.0469958358120167
MT,tecnologico,67,0,23,141,16.3,4,0.0398572278405711
MT,tempestade,91,8,36,141,25.5,5.4,0.0541344437834622
PA,barragem_mineracao,0,0,0,144,0,0,0
PA,calor_extremo,2,0,2,144,1.4,0.1,0.00109409190371991
PA,costeira,30,3,7,144,4.9,1.6,0.0164113785557987
PA,fogo,192,48,100,144,69.4,10.5,0.105032822757112
PA,hidro,1003,406,128,144,88.9,54.9,0.548687089715536
PA,movimento_massa,164,15,38,144,26.4,9,0.0897155361050328
PA,seca,165,127,87,144,60.4,9,0.0902625820568928
PA,tecnologico,163,3,32,144,22.2,8.9,0.0891684901531729
PA,tempestade,109,9,37,144,25.7,6,0.0596280087527352
PB,barragem_mineracao,0,0,0,223,0,0,0
PB,calor_extremo,0,0,0,223,0,0,0
PB,costeira,3,1,2,223,0.9,0.1,0.00125786163522013
PB,fogo,4,1,4,223,1.8,0.2,0.00167714884696017
PB,hidro,24,9,18,223,8.1,1,0.010062893081761
PB,movimento_massa,4,0,4,223,1.8,0.2,0.00167714884696017
PB,seca,2346,2195,211,223,94.6,98.4,0.983647798742138
PB,tecnologico,1,1,1,223,0.4,0,0.000419287211740042
PB,tempestade,3,0,3,223,1.3,0.1,0.00125786163522013
PE,barragem_mineracao,1,0,1,185,0.5,0,0.000470366886171214
PE,calor_extremo,1,0,1,185,0.5,0,0.000470366886171214
PE,costeira,16,4,3,185,1.6,0.8,0.00752587017873942
PE,fogo,42,0,9,185,4.9,2,0.019755409219191
PE,hidro,357,158,116,185,62.7,16.8,0.167920978363123
PE,movimento_massa,181,3,29,185,15.7,8.5,0.0851364063969897
PE,seca,1479,1398,154,185,83.2,69.6,0.695672624647225
PE,tecnologico,34,1,20,185,10.8,1.6,0.0159924741298213
PE,tempestade,15,0,11,185,5.9,0.7,0.0070555032925682
PI,barragem_mineracao,7,7,7,224,3.1,0.5,0.0045016077170418
PI,calor_extremo,0,0,0,224,0,0,0
PI,costeira,0,0,0,224,0,0,0
PI,fogo,13,1,13,224,5.8,0.8,0.00836012861736334
PI,hidro,91,42,50,224,22.3,5.9,0.0585209003215434
PI,movimento_massa,9,0,2,224,0.9,0.6,0.00578778135048232
PI,seca,1428,1263,223,224,99.6,91.8,0.918327974276527
PI,tecnologico,6,0,2,224,0.9,0.4,0.00385852090032154
PI,tempestade,1,0,1,224,0.4,0.1,0.000643086816720257
PR,barragem_mineracao,1,0,1,399,0.3,0.1,0.0008110300081103
PR,calor_extremo,0,0,0,399,0,0,0
PR,costeira,0,0,0,399,0,0,0
PR,fogo,2,2,2,399,0.5,0.2,0.0016220600162206
PR,hidro,677,563,273,399,68.4,54.9,0.549067315490673
PR,movimento_massa,9,3,8,399,2,0.7,0.0072992700729927
PR,seca,211,191,155,399,38.8,17.1,0.171127331711273
PR,tecnologico,11,0,3,399,0.8,0.9,0.0089213300892133
PR,tempestade,322,271,201,399,50.4,26.1,0.261151662611517
RJ,barragem_mineracao,0,0,0,92,0,0,0
RJ,calor_extremo,1,0,1,92,1.1,0.1,0.000866551126516464
RJ,costeira,13,0,3,92,3.3,1.1,0.011265164644714
RJ,fogo,173,0,23,92,25,15,0.149913344887348
RJ,hidro,613,185,86,92,93.5,53.1,0.531195840554593
RJ,movimento_massa,156,10,45,92,48.9,13.5,0.135181975736568
RJ,seca,43,22,25,92,27.2,3.7,0.037261698440208
RJ,tecnologico,50,0,23,92,25,4.3,0.0433275563258232
RJ,tempestade,105,9,41,92,44.6,9.1,0.0909878682842288
RN,barragem_mineracao,4,4,4,167,2.4,0.2,0.00210084033613445
RN,calor_extremo,1,0,1,167,0.6,0.1,0.000525210084033613
RN,costeira,13,4,9,167,5.4,0.7,0.00682773109243698
RN,fogo,57,1,18,167,10.8,3,0.029936974789916
RN,hidro,167,47,78,167,46.7,8.8,0.0877100840336134
RN,movimento_massa,20,0,12,167,7.2,1.1,0.0105042016806723
RN,seca,1614,1292,167,167,100,84.8,0.847689075630252
RN,tecnologico,20,1,9,167,5.4,1.1,0.0105042016806723
RN,tempestade,8,1,8,167,4.8,0.4,0.00420168067226891
RO,barragem_mineracao,0,0,0,52,0,0,0
RO,calor_extremo,0,0,0,52,0,0,0
RO,costeira,0,0,0,52,0,0,0
RO,fogo,60,26,52,52,100,21.6,0.215827338129496
RO,hidro,87,28,31,52,59.6,31.3,0.31294964028777
RO,movimento_massa,4,0,3,52,5.8,1.4,0.0143884892086331
RO,seca,107,23,52,52,100,38.5,0.384892086330935
RO,tecnologico,4,0,3,52,5.8,1.4,0.0143884892086331
RO,tempestade,16,0,10,52,19.2,5.8,0.0575539568345324
RR,barragem_mineracao,0,0,0,15,0,0,0
RR,calor_extremo,0,0,0,15,0,0,0
RR,costeira,0,0,0,15,0,0,0
RR,fogo,12,0,11,15,73.3,12.9,0.129032258064516
RR,hidro,39,20,13,15,86.7,41.9,0.419354838709677
RR,movimento_massa,0,0,0,15,0,0,0
RR,seca,37,34,14,15,93.3,39.8,0.397849462365591
RR,tecnologico,1,0,1,15,6.7,1.1,0.010752688172043
RR,tempestade,4,0,2,15,13.3,4.3,0.0430107526881721
RS,barragem_mineracao,2,0,2,497,0.4,0,0.000366568914956012
RS,calor_extremo,2,0,2,497,0.4,0,0.000366568914956012
RS,costeira,0,0,0,497,0,0,0
RS,fogo,6,0,6,497,1.2,0.1,0.00109970674486804
RS,hidro,2556,1789,489,497,98.4,46.8,0.468475073313783
RS,movimento_massa,44,9,31,497,6.2,0.8,0.00806451612903226
RS,seca,1654,1585,461,497,92.8,30.3,0.303152492668622
RS,tecnologico,33,0,23,497,4.6,0.6,0.00604838709677419
RS,tempestade,1159,507,396,497,79.7,21.2,0.212426686217009
SC,barragem_mineracao,1,0,1,295,0.3,0,0.000184297825285662
SC,calor_extremo,6,0,5,295,1.7,0.1,0.00110578695171397
SC,costeira,43,9,10,295,3.4,0.8,0.00792480648728345
SC,fogo,18,0,13,295,4.4,0.3,0.00331736085514191
SC,hidro,3166,816,294,295,99.7,58.3,0.583486914854405
SC,movimento_massa,179,11,95,295,32.2,3.3,0.0329893107261334
SC,seca,530,324,214,295,72.5,9.8,0.0976778474014007
SC,tecnologico,61,1,40,295,13.6,1.1,0.0112421673424254
SC,tempestade,1422,343,280,295,94.9,26.2,0.262071507556211
SE,barragem_mineracao,0,0,0,75,0,0,0
SE,calor_extremo,0,0,0,75,0,0,0
SE,costeira,4,1,4,75,5.3,1.1,0.0112994350282486
SE,fogo,4,0,3,75,4,1.1,0.0112994350282486
SE,hidro,71,10,30,75,40,20.1,0.200564971751412
SE,movimento_massa,12,0,9,75,12,3.4,0.0338983050847458
SE,seca,242,226,47,75,62.7,68.4,0.68361581920904
SE,tecnologico,14,7,10,75,13.3,4,0.0395480225988701
SE,tempestade,7,0,7,75,9.3,2,0.019774011299435
SP,barragem_mineracao,2,1,2,645,0.3,0.2,0.00170648464163823
SP,calor_extremo,5,0,3,645,0.5,0.4,0.00426621160409556
SP,costeira,0,0,0,645,0,0,0
SP,fogo,243,5,129,645,20,20.7,0.207337883959044
SP,hidro,580,240,245,645,38,49.5,0.494880546075085
SP,movimento_massa,107,7,71,645,11,9.1,0.091296928327645
SP,seca,33,11,32,645,5,2.8,0.0281569965870307
SP,tecnologico,51,4,23,645,3.6,4.4,0.0435153583617748
SP,tempestade,151,39,116,645,18,12.9,0.128839590443686
TO,barragem_mineracao,0,0,0,139,0,0,0
TO,calor_extremo,0,0,0,139,0,0,0
TO,costeira,0,0,0,139,0,0,0
TO,fogo,146,4,139,139,100,26.2,0.262118491921005
TO,hidro,182,35,139,139,100,32.7,0.326750448833034
TO,movimento_massa,1,0,1,139,0.7,0.2,0.00179533213644524
TO,seca,225,15,139,139,100,40.4,0.40394973070018
TO,tecnologico,1,1,1,139,0.7,0.2,0.00179533213644524
TO,tempestade,2,0,2,139,1.4,0.4,0.00359066427289048
