uf,tipo,candidatos_citam,candidatos,pct_candidatos
AC,hidro,4,6,66.7
AC,movimento_massa,0,6,0
AC,seca,3,6,50
AC,fogo,3,6,50
AC,calor_extremo,1,6,16.7
AC,tempestade,0,6,0
AC,costeira,1,6,16.7
AC,barragem_mineracao,0,6,0
AC,tecnologico,0,6,0
AC,generica,4,6,66.7
AL,hidro,3,4,75
AL,movimento_massa,2,4,50
AL,seca,2,4,50
AL,fogo,1,4,25
AL,calor_extremo,2,4,50
AL,tempestade,0,4,0
AL,costeira,2,4,50
AL,barragem_mineracao,0,4,0
AL,tecnologico,0,4,0
AL,generica,2,4,50
AM,hidro,6,7,85.7
AM,movimento_massa,2,7,28.6
AM,seca,6,7,85.7
AM,fogo,5,7,71.4
AM,calor_extremo,3,7,42.9
AM,tempestade,1,7,14.3
AM,costeira,2,7,28.6
AM,barragem_mineracao,2,7,28.6
AM,tecnologico,1,7,14.3
AM,generica,4,7,57.1
AP,hidro,3,5,60
AP,movimento_massa,0,5,0
AP,seca,0,5,0
AP,fogo,0,5,0
AP,calor_extremo,0,5,0
AP,tempestade,0,5,0
AP,costeira,0,5,0
AP,barragem_mineracao,0,5,0
AP,tecnologico,0,5,0
AP,generica,2,5,40
BA,hidro,2,6,33.3
BA,movimento_massa,2,6,33.3
BA,seca,2,6,33.3
BA,fogo,3,6,50
BA,calor_extremo,0,6,0
BA,tempestade,0,6,0
BA,costeira,0,6,0
BA,barragem_mineracao,0,6,0
BA,tecnologico,0,6,0
BA,generica,1,6,16.7
CE,hidro,4,8,50
CE,movimento_massa,1,8,12.5
CE,seca,5,8,62.5
CE,fogo,4,8,50
CE,calor_extremo,1,8,12.5
CE,tempestade,0,8,0
CE,costeira,3,8,37.5
CE,barragem_mineracao,0,8,0
CE,tecnologico,1,8,12.5
CE,generica,3,8,37.5
DF,hidro,4,8,50
DF,movimento_massa,1,8,12.5
DF,seca,4,8,50
DF,fogo,4,8,50
DF,calor_extremo,3,8,37.5
DF,tempestade,0,8,0
DF,costeira,0,8,0
DF,barragem_mineracao,1,8,12.5
DF,tecnologico,0,8,0
DF,generica,4,8,50
ES,hidro,4,5,80
ES,movimento_massa,3,5,60
ES,seca,3,5,60
ES,fogo,2,5,40
ES,calor_extremo,1,5,20
ES,tempestade,0,5,0
ES,costeira,1,5,20
ES,barragem_mineracao,3,5,60
ES,tecnologico,0,5,0
ES,generica,4,5,80
GO,hidro,4,6,66.7
GO,movimento_massa,1,6,16.7
GO,seca,4,6,66.7
GO,fogo,4,6,66.7
GO,calor_extremo,3,6,50
GO,tempestade,0,6,0
GO,costeira,0,6,0
GO,barragem_mineracao,0,6,0
GO,tecnologico,1,6,16.7
GO,generica,4,6,66.7
MA,hidro,4,7,57.1
MA,movimento_massa,1,7,14.3
MA,seca,2,7,28.6
MA,fogo,2,7,28.6
MA,calor_extremo,1,7,14.3
MA,tempestade,0,7,0
MA,costeira,0,7,0
MA,barragem_mineracao,1,7,14.3
MA,tecnologico,0,7,0
MA,generica,3,7,42.9
MG,hidro,3,10,30
MG,movimento_massa,2,10,20
MG,seca,4,10,40
MG,fogo,4,10,40
MG,calor_extremo,1,10,10
MG,tempestade,1,10,10
MG,costeira,0,10,0
MG,barragem_mineracao,5,10,50
MG,tecnologico,0,10,0
MG,generica,8,10,80
MS,hidro,2,8,25
MS,movimento_massa,0,8,0
MS,seca,1,8,12.5
MS,fogo,4,8,50
MS,calor_extremo,0,8,0
MS,tempestade,0,8,0
MS,costeira,0,8,0
MS,barragem_mineracao,0,8,0
MS,tecnologico,0,8,0
MS,generica,2,8,25
MT,hidro,2,5,40
MT,movimento_massa,0,5,0
MT,seca,3,5,60
MT,fogo,3,5,60
MT,calor_extremo,1,5,20
MT,tempestade,0,5,0
MT,costeira,0,5,0
MT,barragem_mineracao,0,5,0
MT,tecnologico,0,5,0
MT,generica,2,5,40
PA,hidro,3,5,60
PA,movimento_massa,1,5,20
PA,seca,3,5,60
PA,fogo,2,5,40
PA,calor_extremo,2,5,40
PA,tempestade,0,5,0
PA,costeira,0,5,0
PA,barragem_mineracao,1,5,20
PA,tecnologico,0,5,0
PA,generica,3,5,60
PB,hidro,2,6,33.3
PB,movimento_massa,1,6,16.7
PB,seca,3,6,50
PB,fogo,0,6,0
PB,calor_extremo,0,6,0
PB,tempestade,0,6,0
PB,costeira,1,6,16.7
PB,barragem_mineracao,0,6,0
PB,tecnologico,0,6,0
PB,generica,3,6,50
PE,hidro,5,7,71.4
PE,movimento_massa,6,7,85.7
PE,seca,4,7,57.1
PE,fogo,1,7,14.3
PE,calor_extremo,1,7,14.3
PE,tempestade,0,7,0
PE,costeira,4,7,57.1
PE,barragem_mineracao,0,7,0
PE,tecnologico,0,7,0
PE,generica,4,7,57.1
PI,hidro,2,6,33.3
PI,movimento_massa,1,6,16.7
PI,seca,1,6,16.7
PI,fogo,3,6,50
PI,calor_extremo,1,6,16.7
PI,tempestade,0,6,0
PI,costeira,0,6,0
PI,barragem_mineracao,1,6,16.7
PI,tecnologico,1,6,16.7
PI,generica,3,6,50
PR,hidro,5,7,71.4
PR,movimento_massa,5,7,71.4
PR,seca,5,7,71.4
PR,fogo,3,7,42.9
PR,calor_extremo,2,7,28.6
PR,tempestade,0,7,0
PR,costeira,1,7,14.3
PR,barragem_mineracao,2,7,28.6
PR,tecnologico,0,7,0
PR,generica,4,7,57.1
RJ,hidro,5,8,62.5
RJ,movimento_massa,5,8,62.5
RJ,seca,1,8,12.5
RJ,fogo,2,8,25
RJ,calor_extremo,0,8,0
RJ,tempestade,0,8,0
RJ,costeira,1,8,12.5
RJ,barragem_mineracao,0,8,0
RJ,tecnologico,0,8,0
RJ,generica,4,8,50
RN,hidro,3,7,42.9
RN,movimento_massa,2,7,28.6
RN,seca,5,7,71.4
RN,fogo,1,7,14.3
RN,calor_extremo,2,7,28.6
RN,tempestade,0,7,0
RN,costeira,2,7,28.6
RN,barragem_mineracao,1,7,14.3
RN,tecnologico,0,7,0
RN,generica,2,7,28.6
RO,hidro,3,6,50
RO,movimento_massa,1,6,16.7
RO,seca,2,6,33.3
RO,fogo,5,6,83.3
RO,calor_extremo,1,6,16.7
RO,tempestade,1,6,16.7
RO,costeira,1,6,16.7
RO,barragem_mineracao,0,6,0
RO,tecnologico,1,6,16.7
RO,generica,3,6,50
RR,hidro,1,4,25
RR,movimento_massa,0,4,0
RR,seca,0,4,0
RR,fogo,2,4,50
RR,calor_extremo,0,4,0
RR,tempestade,0,4,0
RR,costeira,0,4,0
RR,barragem_mineracao,0,4,0
RR,tecnologico,1,4,25
RR,generica,0,4,0
RS,hidro,6,6,100
RS,movimento_massa,5,6,83.3
RS,seca,5,6,83.3
RS,fogo,1,6,16.7
RS,calor_extremo,2,6,33.3
RS,tempestade,2,6,33.3
RS,costeira,0,6,0
RS,barragem_mineracao,2,6,33.3
RS,tecnologico,0,6,0
RS,generica,5,6,83.3
SC,hidro,6,8,75
SC,movimento_massa,3,8,37.5
SC,seca,3,8,37.5
SC,fogo,0,8,0
SC,calor_extremo,0,8,0
SC,tempestade,2,8,25
SC,costeira,1,8,12.5
SC,barragem_mineracao,0,8,0
SC,tecnologico,0,8,0
SC,generica,3,8,37.5
SE,hidro,3,5,60
SE,movimento_massa,1,5,20
SE,seca,3,5,60
SE,fogo,1,5,20
SE,calor_extremo,1,5,20
SE,tempestade,0,5,0
SE,costeira,1,5,20
SE,barragem_mineracao,1,5,20
SE,tecnologico,0,5,0
SE,generica,3,5,60
SP,hidro,4,5,80
SP,movimento_massa,4,5,80
SP,seca,4,5,80
SP,fogo,4,5,80
SP,calor_extremo,4,5,80
SP,tempestade,0,5,0
SP,costeira,1,5,20
SP,barragem_mineracao,0,5,0
SP,tecnologico,0,5,0
SP,generica,4,5,80
TO,hidro,2,7,28.6
TO,movimento_massa,0,7,0
TO,seca,2,7,28.6
TO,fogo,4,7,57.1
TO,calor_extremo,2,7,28.6
TO,tempestade,0,7,0
TO,costeira,0,7,0
TO,barragem_mineracao,0,7,0
TO,tecnologico,0,7,0
TO,generica,3,7,42.9
