uf,tipo_principal,pct_mun_principal,share_principal,tipo_2,pct_mun_2,citam_principal,citam_top2,candidatos,pct_cita_algum_tipo,cobertura_media,cobertura_mediana,pct_cita_principal,pct_cita_top2,regiao
RS,hidro,98.4,46.8,seca,92.8,6,6,6,100,79.9,78,100,100,Sul
AM,hidro,98.4,56.1,seca,100,6,6,7,100,75.5,87.1,85.7,85.7,Norte
SP,hidro,38,49.5,fogo,20,4,4,5,80,66.1,82.6,80,80,Sudeste
RN,seca,100,84.8,hidro,46.7,5,5,7,85.7,65.3,84.8,71.4,71.4,Nordeste
PE,seca,83.2,69.6,hidro,62.7,4,6,7,85.7,59.8,78.1,57.1,85.7,Nordeste
GO,fogo,22,41.9,hidro,30.5,4,4,6,66.7,59,85.9,66.7,66.7,Centro-Oeste
CE,seca,98.9,78.9,hidro,41.8,5,6,8,75,58.1,83.1,62.5,75,Nordeste
AL,seca,72.5,72.8,hidro,67.6,2,3,4,75,55.5,61.3,50,75,Nordeste
SC,hidro,99.7,58.3,tempestade,94.9,6,6,8,75,55.3,60,75,75,Sul
SE,seca,62.7,68.4,hidro,40,3,4,5,80,54.2,68.4,60,80,Nordeste
ES,hidro,94.9,37.9,fogo,57.7,4,5,5,100,52.2,49,80,100,Sudeste
PR,hidro,68.4,54.9,tempestade,50.4,5,5,7,71.4,52.1,72.8,71.4,71.4,Sul
AC,hidro,86.4,39.3,seca,100,4,4,6,66.7,52,65.1,66.7,66.7,Norte
PB,seca,94.6,98.4,hidro,8.1,3,3,6,50,49.6,49.3,50,50,Nordeste
RO,seca,100,38.5,hidro,59.6,2,3,6,100,47.9,40.8,33.3,50,Norte
RJ,hidro,93.5,53.1,fogo,25,5,5,8,62.5,46,66.6,62.5,62.5,Sudeste
MT,fogo,100,47.9,hidro,83,3,3,5,80,44.4,47.9,60,60,Centro-Oeste
PA,hidro,88.9,54.9,fogo,69.4,3,3,5,80,44.4,64,60,60,Norte
MA,hidro,61.3,59.7,seca,60.4,4,4,7,57.1,44.2,59.7,57.1,57.1,Nordeste
TO,seca,100,40.4,hidro,100,2,2,7,71.4,35.9,26.2,28.6,28.6,Norte
BA,seca,76.5,68.9,hidro,68.8,2,2,6,50,33.7,3.4,33.3,33.3,Nordeste
MG,hidro,79.1,44.9,seca,35.3,3,4,10,80,32.3,3.3,30,40,Sudeste
MS,hidro,88.6,38.8,fogo,100,2,4,8,50,22.2,10.7,25,50,Centro-Oeste
AP,hidro,87.5,34.4,seca,100,3,3,5,60,20.6,34.4,60,60,Norte
PI,seca,99.6,91.8,hidro,22.3,1,2,6,50,17.9,0.9,16.7,33.3,Nordeste
RR,hidro,86.7,41.9,seca,93.3,1,1,4,75,17.2,13.4,25,25,Norte
