ano,grupo,N
2013,Deslizamento e erosão,128
2013,Enchente e alagamento,899
2013,"Outros (calor, costeira, barragem, tecnológico)",10
2013,Queimadas e incêndios,11
2013,Seca e estiagem,1622
2013,Tempestades e vendavais,190
2014,Deslizamento e erosão,53
2014,Enchente e alagamento,874
2014,"Outros (calor, costeira, barragem, tecnológico)",8
2014,Queimadas e incêndios,13
2014,Seca e estiagem,1383
2014,Tempestades e vendavais,161
2015,Deslizamento e erosão,46
2015,Enchente e alagamento,692
2015,"Outros (calor, costeira, barragem, tecnológico)",10
2015,Queimadas e incêndios,70
2015,Seca e estiagem,1006
2015,Tempestades e vendavais,274
2016,Deslizamento e erosão,55
2016,Enchente e alagamento,523
2016,"Outros (calor, costeira, barragem, tecnológico)",10
2016,Queimadas e incêndios,23
2016,Seca e estiagem,1493
2016,Tempestades e vendavais,158
2017,Deslizamento e erosão,111
2017,Enchente e alagamento,1054
2017,"Outros (calor, costeira, barragem, tecnológico)",38
2017,Queimadas e incêndios,85
2017,Seca e estiagem,1361
2017,Tempestades e vendavais,334
2018,Deslizamento e erosão,156
2018,Enchente e alagamento,844
2018,"Outros (calor, costeira, barragem, tecnológico)",96
2018,Queimadas e incêndios,38
2018,Seca e estiagem,1154
2018,Tempestades e vendavais,241
2019,Deslizamento e erosão,111
2019,Enchente e alagamento,769
2019,"Outros (calor, costeira, barragem, tecnológico)",149
2019,Queimadas e incêndios,203
2019,Seca e estiagem,1068
2019,Tempestades e vendavais,208
2020,Deslizamento e erosão,83
2020,Enchente e alagamento,998
2020,"Outros (calor, costeira, barragem, tecnológico)",172
2020,Queimadas e incêndios,515
2020,Seca e estiagem,1566
2020,Tempestades e vendavais,525
2021,Deslizamento e erosão,157
2021,Enchente e alagamento,1217
2021,"Outros (calor, costeira, barragem, tecnológico)",121
2021,Queimadas e incêndios,265
2021,Seca e estiagem,1335
2021,Tempestades e vendavais,339
2022,Deslizamento e erosão,229
2022,Enchente e alagamento,2572
2022,"Outros (calor, costeira, barragem, tecnológico)",138
2022,Queimadas e incêndios,273
2022,Seca e estiagem,1385
2022,Tempestades e vendavais,389
2023,Deslizamento e erosão,144
2023,Enchente e alagamento,2247
2023,"Outros (calor, costeira, barragem, tecnológico)",155
2023,Queimadas e incêndios,480
2023,Seca e estiagem,1497
2023,Tempestades e vendavais,557
2024,Deslizamento e erosão,148
2024,Enchente e alagamento,1616
2024,"Outros (calor, costeira, barragem, tecnológico)",178
2024,Queimadas e incêndios,1105
2024,Seca e estiagem,1279
2024,Tempestades e vendavais,319
2025,Deslizamento e erosão,125
2025,Enchente e alagamento,1593
2025,"Outros (calor, costeira, barragem, tecnológico)",197
2025,Queimadas e incêndios,247
2025,Seca e estiagem,1509
2025,Tempestades e vendavais,544
