uf,candidato,partido,campo,palavras,passagens,clima_geral,pct_acao,perfil_n,incumbente
AC,DR.LUISINHO,AGIR,direita,6430,3,0,33,3,FALSE
AC,EUDO RAFFAEL,PCB,extrema-esquerda,1961,0,0,,1,FALSE
AC,MAILZA ASSIS,PP,direita,27461,22,8,50,4,TRUE
AC,THOR DANTAS,PSB,esquerda e centro-esquerda,9122,10,2,50,4,FALSE
AC,TIÃO BOCALOM,PSDB,direita,6427,1,1,100,4,FALSE
AC,ALAN RICK,REPUBLICANOS,direita,12688,12,0,75,4,FALSE
AL,MÁRCIO JAMBO,DEMOCRATA,direita,1150,0,0,,1,FALSE
AL,RENAN FILHO,MDB,direita,10712,6,2,50,4,FALSE
AL,JHC,PSDB,direita,14455,8,1,62,4,FALSE
AL,LENILDA LUNA,UP,extrema-esquerda,5875,2,0,100,4,FALSE
AM,DAVID ALMEIDA,AVANTE,centro e centro-direita,19635,5,7,0,3,FALSE
AM,CABO DACIOLO,MOBILIZA,centro e centro-direita,8577,8,1,50,4,FALSE
AM,PROFESSORA MARIA DO CARMO,PL,direita,1343,1,0,100,4,FALSE
AM,OMAR AZIZ,PSD,direita,25331,3,1,0,3,FALSE
AM,GILBERTO VASCONCELOS,PSTU,extrema-esquerda,9714,2,2,0,3,FALSE
AM,ISAEL MUNDURUKU,REDE,centro e centro-direita,9704,18,0,33,3,FALSE
AM,ROBERTO CIDADE,UNIÃO,direita,7219,3,0,67,4,TRUE
AP,DELEGADO MARCOS,DC,direita,4881,1,0,0,3,FALSE
AP,JAIRO PALHETA,PCO,extrema-esquerda,2577,0,0,,1,FALSE
AP,DR. FURLAN,PSD,direita,20508,5,0,40,3,FALSE
AP,CARLOS CLEY,PSTU,extrema-esquerda,4446,0,0,,1,FALSE
AP,CLÉCIO,UNIÃO,direita,10378,3,0,67,4,TRUE
BA,ARIEL CAPISTRANO,DC,direita,730,0,0,,1,FALSE
BA,MARIA BONA,PCO,extrema-esquerda,2577,0,0,,1,FALSE
BA,RONALDO MANSUR,PSOL,extrema-esquerda,16649,1,0,0,3,FALSE
BA,JERÔNIMO RODRIGUES,PT,esquerda e centro-esquerda,15715,5,2,80,4,FALSE
BA,ACM NETO,UNIÃO,direita,73942,18,5,33,3,FALSE
BA,AROLDO FELIX,UP,extrema-esquerda,781,0,0,,1,FALSE
CE,DANILO SOARES,DEMOCRATA,direita,2088,0,0,,1,FALSE
CE,DELEGADO HUGGO,MISSÃO,extrema-direita,12785,7,0,0,3,FALSE
CE,VERA LÚCIA,NOVO,direita,13273,2,0,0,3,FALSE
CE,IERI BRAGA,PCO,extrema-esquerda,2577,0,0,,1,FALSE
CE,CIRO GOMES,PSDB,direita,9126,4,2,0,3,FALSE
CE,ZÉ BATISTA,PSTU,extrema-esquerda,16062,6,0,0,3,FALSE
CE,ELMANO DE FREITAS,PT,esquerda e centro-esquerda,19440,14,6,50,4,TRUE
CE,SERLEY LEAL,UP,extrema-esquerda,14645,4,0,25,3,FALSE
DF,KIKO CAPUTO,NOVO,direita,52626,16,0,25,3,FALSE
DF,EXPEDITO MENDONÇA,PCO,extrema-esquerda,2577,0,0,,1,FALSE
DF,CELINA LEÃO,PP,direita,12364,4,0,50,4,TRUE
DF,CAPPELLI,PSB,esquerda e centro-esquerda,12434,7,1,29,3,FALSE
DF,PAULA BELMONTE,PSDB,direita,13968,1,0,0,3,FALSE
DF,PROFESSOR ROBSON,PSTU,extrema-esquerda,2668,0,0,,1,FALSE
DF,LEANDRO GRASS,PT,esquerda e centro-esquerda,35400,9,0,33,3,FALSE
DF,PROFESSORA SAMARA MINEIRO,UP,extrema-esquerda,3620,0,0,,1,FALSE
ES,RICARDO FERRAÇO,MDB,direita,34910,22,6,64,4,TRUE
ES,BRENO BARCELOS,MISSÃO,extrema-direita,11863,2,0,50,4,FALSE
ES,HELDER SALOMÃO,PT,esquerda e centro-esquerda,15091,5,1,20,3,FALSE
ES,LORENZO PAZOLINI,REPUBLICANOS,direita,11706,8,1,12,3,FALSE
ES,RAFAEL DEMUNER,UP,extrema-esquerda,7879,2,0,50,4,FALSE
GO,DANIEL VILELA,MDB,direita,19211,4,6,0,3,TRUE
GO,DANILO DA SILVA,PCO,extrema-esquerda,2577,0,0,,1,FALSE
GO,WILDER MORAIS,PL,direita,16716,6,0,0,3,FALSE
GO,MARCONI PERILLO,PSDB,direita,24694,7,0,0,3,FALSE
GO,LUIS CESAR BUENO,PT,esquerda e centro-esquerda,24398,18,1,28,3,FALSE
GO,LUCIANA AMORIM,UP,extrema-esquerda,3622,0,0,,1,FALSE
MA,ORLEANS BRANDÃO,MDB,direita,8226,5,0,80,4,FALSE
MA,ANDRÉ LUIS,MISSÃO,extrema-direita,15775,10,1,50,4,FALSE
MA,REGINALDO LIMA,PCB,extrema-esquerda,11144,0,0,,1,FALSE
MA,DIMAS CASSIMIRO,PCO,extrema-esquerda,2577,0,0,,1,FALSE
MA,EDUARDO BRAIDE,PSD,direita,1437,0,1,,2,FALSE
MA,SAULO ARCANGELI,PSTU,extrema-esquerda,39492,18,2,22,3,FALSE
MA,FELIPE CAMARÃO,PT,esquerda e centro-esquerda,18335,2,0,0,3,FALSE
MG,GABRIEL,MDB,direita,28104,6,0,50,4,FALSE
MG,BEN MENDES,MISSÃO,extrema-direita,32405,8,0,25,3,FALSE
MG,PROFESSOR TÚLIO LOPES,PCB,extrema-esquerda,8633,0,0,,1,FALSE
MG,ALEXANDRE KALIL,PDT,esquerda e centro-esquerda,56197,26,5,4,3,FALSE
MG,FLÁVIO ROSCOE,PL,direita,7432,0,0,,1,FALSE
MG,MATEUS SIMÕES,PSD,direita,2938,3,0,33,3,TRUE
MG,RAFAEL DUDA,PSTU,extrema-esquerda,16715,3,0,33,3,FALSE
MG,PATRUS ANANIAS,PT,esquerda e centro-esquerda,17763,6,3,33,3,FALSE
MG,CLEITINHO AZEVEDO,REPUBLICANOS,direita,3548,2,0,50,4,FALSE
MG,INDIRA XAVIER,UP,extrema-esquerda,4967,3,0,67,4,FALSE
MS,JEFERSON BEZERRA,AGIR,direita,885,0,0,,1,FALSE
MS,ECONOMISTA RENATO GOMES,DC,direita,22802,3,0,33,3,FALSE
MS,JOÃO HENRIQUE CATAN,NOVO,direita,10893,3,0,67,4,FALSE
MS,DANIEL LEMES,PCO,extrema-esquerda,2577,0,0,,1,FALSE
MS,EDUARDO RIEDEL,PP,direita,15205,4,4,25,3,TRUE
MS,DELCIDIO AMARAL,PRD,extrema-direita,8539,0,0,,1,FALSE
MS,LUCIEN REZENDE,PSOL,extrema-esquerda,2451,0,0,,1,FALSE
MS,FÁBIO TRAD,PT,esquerda e centro-esquerda,13871,6,4,50,4,FALSE
MT,RAFAELL MILAS,MISSÃO,extrema-direita,5174,1,0,0,3,FALSE
MT,MAURICIO COELHO,MOBILIZA,centro e centro-direita,20659,5,0,40,3,FALSE
MT,WELLINGTON FAGUNDES,PL,direita,10101,3,0,33,3,FALSE
MT,DOUTORA NATASHA,PSD,direita,9720,0,0,,1,FALSE
MT,OTAVIANO PIVETTA,REPUBLICANOS,direita,20340,1,0,100,4,TRUE
PA,HANA GHASSAN,MDB,direita,16640,6,3,50,4,TRUE
PA,DR. DANIEL,PODE,direita,19646,0,2,,2,FALSE
PA,ARACELI,PSOL,extrema-esquerda,5774,5,0,60,4,FALSE
PA,WELL MACEDO,PSTU,extrema-esquerda,16642,3,0,0,3,FALSE
PA,GAL LEITE,UP,extrema-esquerda,15388,9,0,44,3,FALSE
PB,PEDRO COUTINHO,DC,direita,1726,0,0,,1,FALSE
PB,CÍCERO LUCENA,MDB,direita,18250,7,0,71,4,FALSE
PB,CAMILO DUARTE,PCO,extrema-esquerda,2577,0,0,,1,FALSE
PB,EFRAIM FILHO,PL,direita,10134,9,2,22,3,FALSE
PB,LUCAS RIBEIRO,PP,direita,4200,3,1,0,3,TRUE
PB,YURI EZEQUIEL,UP,extrema-esquerda,1726,0,0,,1,FALSE
PE,RENAN,MISSÃO,extrema-direita,22174,18,0,44,3,FALSE
PE,VICTOR ASSIS,PCO,extrema-esquerda,2577,0,0,,1,FALSE
PE,JOÃO CAMPOS,PSB,esquerda e centro-esquerda,14978,6,2,67,4,FALSE
PE,RAQUEL LYRA,PSD,direita,29906,18,3,50,4,TRUE
PE,IVAN MORAES,PSOL,extrema-esquerda,28801,10,1,50,4,FALSE
PE,GUILHERME FONSECA,PSTU,extrema-esquerda,2607,1,0,100,4,FALSE
PE,PROFESSORA CAMILA,UP,extrema-esquerda,1948,2,0,0,3,FALSE
PI,ELIZEU AGUIAR,NOVO,direita,432,0,0,,1,FALSE
PI,JOEL RODRIGUES,PP,direita,33806,15,0,47,3,FALSE
PI,DRA. LÚCIA SANTOS,PSDB,direita,7573,0,0,,1,FALSE
PI,PROFESSOR GISVALDO,PSOL,extrema-esquerda,8467,3,0,67,4,FALSE
PI,RAFAEL FONTELES,PT,esquerda e centro-esquerda,13092,6,0,83,5,TRUE
PI,SANTIAGO BELIZÁRIO,UP,extrema-esquerda,2857,0,0,,1,FALSE
PR,LUIZ FRANÇA,MISSÃO,extrema-direita,35503,7,0,29,3,FALSE
PR,DOUTOR ALEXANDRE SALOMÃO,MOBILIZA,centro e centro-direita,5901,0,0,,1,FALSE
PR,REQUIÃO FILHO,PDT,esquerda e centro-esquerda,4217,7,1,29,3,FALSE
PR,SERGIO MORO,PL,direita,23170,11,1,36,3,FALSE
PR,SANDRO ALEX,PSD,direita,61448,35,9,49,3,FALSE
PR,SAMUEL DE MATTOS,PSTU,extrema-esquerda,12295,2,0,50,4,FALSE
PR,TAYNÁ MIESSA,UP,extrema-esquerda,7265,0,0,,1,FALSE
RJ,CORONEL BUSNELLO,MISSÃO,extrema-direita,22740,7,0,43,3,FALSE
RJ,ANDRÉ MARINHO,NOVO,direita,69243,14,0,71,5,FALSE
RJ,LUAN MONTEIRO,PCO,extrema-esquerda,2577,0,0,,1,FALSE
RJ,DOUGLAS RUAS,PL,direita,9949,5,0,40,3,FALSE
RJ,EDUARDO PAES,PSD,direita,1977,1,0,100,4,FALSE
RJ,WILLIAM SIRI,PSOL,extrema-esquerda,35134,16,2,62,4,FALSE
RJ,CYRO GARCIA,PSTU,extrema-esquerda,3168,0,0,,1,FALSE
RJ,JULIETE,UP,extrema-esquerda,3707,0,0,,1,FALSE
RN,RODRIGO DE BOLSONARO,AGIR,direita,486,0,0,,1,FALSE
RN,ÁLVARO DIAS,PL,direita,31253,12,2,67,4,FALSE
RN,PROFESSOR ROBERIO PAULINO,PSOL,extrema-esquerda,5644,1,1,100,5,FALSE
RN,DÁRIO BARBOSA,PSTU,extrema-esquerda,1486,1,0,0,3,FALSE
RN,CADU DE LULA,PT,esquerda e centro-esquerda,21047,11,2,9,3,FALSE
RN,ALLYSON,UNIÃO,direita,7153,3,0,67,4,FALSE
RN,ARINALDA DO MLB,UP,extrema-esquerda,1817,1,0,0,3,FALSE
RO,PEDRO ABIB,MDB,direita,13655,5,0,40,3,FALSE
RO,MARCOS ROGÉRIO,PL,direita,43784,5,0,80,4,FALSE
RO,SAMUEL COSTA,PSB,esquerda e centro-esquerda,3240,1,0,100,4,FALSE
RO,ADAILTON FURIA,PSD,direita,32261,21,1,38,3,FALSE
RO,EXPEDITO NETTO,PT,esquerda e centro-esquerda,12564,3,0,33,3,FALSE
RO,HILDON CHAVES,UNIÃO,direita,31117,5,4,80,4,FALSE
RR,ARTHUR HENRIQUE,PL,direita,10963,7,0,57,4,FALSE
RR,ROSI AIRES,PSOL,extrema-esquerda,2833,1,0,100,4,FALSE
RR,SOLDADO SAMPAIO,REPUBLICANOS,direita,10777,4,0,25,3,TRUE
RR,FARAH MESQUITA,SOLIDARIEDADE,centro e centro-direita,3475,0,0,,1,FALSE
RS,GABRIEL SOUZA,MDB,direita,26921,45,9,24,3,FALSE
RS,JULIANA BRIZOLA,PDT,esquerda e centro-esquerda,16161,24,4,33,3,FALSE
RS,ZUCCO,PL,direita,29313,37,1,49,3,FALSE
RS,MARCELO MARANATA,PSDB,direita,36725,66,32,23,3,FALSE
RS,REJANE DE OLIVEIRA,PSTU,extrema-esquerda,35828,30,3,17,3,FALSE
RS,PRISCILA VOIGT,UP,extrema-esquerda,1784,2,0,50,4,FALSE
SC,MARCELO BRIGADEIRO,MISSÃO,extrema-direita,4316,1,0,100,4,FALSE
SC,BRUNO PEDREIRO DO PCO,PCO,extrema-esquerda,2577,0,0,,1,FALSE
SC,JORGINHO MELLO,PL,direita,3925,2,1,100,4,TRUE
SC,RALF ZIMMER,PRD,extrema-direita,3732,4,1,75,4,FALSE
SC,GELSON MERÍSIO,PSB,esquerda e centro-esquerda,15923,25,5,32,3,FALSE
SC,JOÃO RODRIGUES,PSD,direita,6744,1,1,0,3,FALSE
SC,PROFESSOR MARCUS SODRÉ,PSTU,extrema-esquerda,17679,4,1,0,3,FALSE
SC,LAÍS CHAUD,UP,extrema-esquerda,6648,0,0,,1,FALSE
SE,TATY  CRISTINA DE JESUS,DC,direita,1885,0,0,,1,FALSE
SE,RICARDO MARQUES,PL,direita,20235,17,0,47,3,FALSE
SE,FÁBIO,PSD,direita,8202,3,0,67,4,TRUE
SE,EMANUEL CACHO,PSDB,direita,8218,1,0,100,4,FALSE
SE,VALMIR DE FRANCISQUINHO,REPUBLICANOS,direita,17803,6,1,50,4,FALSE
SP,CARLOS MACHADO,PCB,extrema-esquerda,62181,17,0,24,3,FALSE
SP,VERA LÚCIA,PSTU,extrema-esquerda,10096,4,1,50,4,FALSE
SP,FERNANDO HADDAD,PT,esquerda e centro-esquerda,5609,1,0,100,4,FALSE
SP,TARCÍSIO,REPUBLICANOS,direita,21198,13,3,62,5,TRUE
SP,VIVIAN MENDES,UP,extrema-esquerda,23300,7,1,0,3,FALSE
TO,DU PEREIRA,DC,direita,11742,6,0,83,4,FALSE
TO,SIQUEIRA CAMPOS JR,DEMOCRATA,direita,2010,0,0,,1,FALSE
TO,ATAIDES DE OLIVEIRA,NOVO,direita,5576,1,0,100,4,FALSE
TO,LAUREZ MOREIRA,PSD,direita,13560,5,1,40,3,FALSE
TO,VICENTINHO JÚNIOR,PSDB,direita,10597,3,0,100,4,FALSE
TO,PROF WITER NAVES,PSOL,extrema-esquerda,3802,0,3,,2,FALSE
TO,PROFESSORA DORINHA,UNIÃO,direita,19252,3,0,100,4,FALSE
