termo,campo,pct,n,pct_total
Adaptação climática,extrema-esquerda,13.75,160,20.7584830339321
Adaptação climática,esquerda e centro-esquerda,32.2916666666667,192,20.7584830339321
Adaptação climática,direita,20.5128205128205,585,20.7584830339321
Adaptação climática,extrema-direita,6.15384615384615,65,20.7584830339321
Alerta ou sirene,extrema-esquerda,11.25,160,8.58283433133733
Alerta ou sirene,esquerda e centro-esquerda,7.8125,192,8.58283433133733
Alerta ou sirene,direita,8.03418803418803,585,8.58283433133733
Alerta ou sirene,extrema-direita,9.23076923076923,65,8.58283433133733
Bombeiros,extrema-esquerda,4.375,160,4.69061876247505
Bombeiros,esquerda e centro-esquerda,5.72916666666667,192,4.69061876247505
Bombeiros,direita,4.61538461538462,585,4.69061876247505
Bombeiros,extrema-direita,3.07692307692308,65,4.69061876247505
Defesa Civil,extrema-esquerda,18.75,160,22.3552894211577
Defesa Civil,esquerda e centro-esquerda,20.8333333333333,192,22.3552894211577
Defesa Civil,direita,21.5384615384615,585,22.3552894211577
Defesa Civil,extrema-direita,43.0769230769231,65,22.3552894211577
Deslizamento e encostas,extrema-esquerda,18.75,160,11.0778443113772
Deslizamento e encostas,esquerda e centro-esquerda,10.9375,192,11.0778443113772
Deslizamento e encostas,direita,8.2051282051282,585,11.0778443113772
Deslizamento e encostas,extrema-direita,18.4615384615385,65,11.0778443113772
Drenagem,extrema-esquerda,8.75,160,11.0778443113772
Drenagem,esquerda e centro-esquerda,12.5,192,11.0778443113772
Drenagem,direita,10.7692307692308,585,11.0778443113772
Drenagem,extrema-direita,15.3846153846154,65,11.0778443113772
"Enchente, alagamento, inundação",extrema-esquerda,41.875,160,26.4471057884232
"Enchente, alagamento, inundação",esquerda e centro-esquerda,22.3958333333333,192,26.4471057884232
"Enchente, alagamento, inundação",direita,24.4444444444444,585,26.4471057884232
"Enchente, alagamento, inundação",extrema-direita,18.4615384615385,65,26.4471057884232
Mudança ou emergência climática,extrema-esquerda,21.25,160,19.2614770459082
Mudança ou emergência climática,esquerda e centro-esquerda,28.125,192,19.2614770459082
Mudança ou emergência climática,direita,17.6068376068376,585,19.2614770459082
Mudança ou emergência climática,extrema-direita,3.07692307692308,65,19.2614770459082
Queimadas e incêndios,extrema-esquerda,15,160,15.6686626746507
Queimadas e incêndios,esquerda e centro-esquerda,19.7916666666667,192,15.6686626746507
Queimadas e incêndios,direita,15.7264957264957,585,15.6686626746507
Queimadas e incêndios,extrema-direita,4.61538461538462,65,15.6686626746507
Resiliência,extrema-esquerda,3.75,160,11.87624750499
Resiliência,esquerda e centro-esquerda,8.85416666666667,192,11.87624750499
Resiliência,direita,14.7008547008547,585,11.87624750499
Resiliência,extrema-direita,15.3846153846154,65,11.87624750499
Seca ou estiagem,extrema-esquerda,14.375,160,16.3672654690619
Seca ou estiagem,esquerda e centro-esquerda,17.1875,192,16.3672654690619
Seca ou estiagem,direita,17.2649572649573,585,16.3672654690619
Seca ou estiagem,extrema-direita,10.7692307692308,65,16.3672654690619
Áreas de risco,extrema-esquerda,20.625,160,10.9780439121756
Áreas de risco,esquerda e centro-esquerda,7.8125,192,10.9780439121756
Áreas de risco,direita,9.05982905982906,585,10.9780439121756
Áreas de risco,extrema-direita,13.8461538461538,65,10.9780439121756
