SQ_CANDIDATO,SG_UF,NM_CANDIDATO,NM_URNA_CANDIDATO,SG_PARTIDO,NM_PARTIDO,SG_FEDERACAO,DS_GENERO,DS_COR_RACA,DS_GRAU_INSTRUCAO,DS_OCUPACAO,DT_NASCIMENTO,DT_GERACAO,HH_GERACAO,DS_SITUACAO_JULGAMENTO,DS_SITUACAO_CANDIDATO_TOT,ST_SUBSTITUIDO,NR_IDADE_DATA_POSSE,regiao,deferido,n_pdfs,tem_pdf,no_universo
100002534190,MA,SAULO COSTA ARCANGELI,SAULO ARCANGELI,PSTU,PARTIDO SOCIALISTA  DOS TRABALHADORES UNIFICADO,#NULO,MASCULINO,BRANCA,SUPERIOR COMPLETO,PROFESSOR DE ENSINO SUPERIOR,25/10/1971,23/09/2026,12:30:09,DEFERIDO,DEFERIDO,N,55,Nordeste,TRUE,1,TRUE,TRUE
100002542556,MA,FELIPE COSTA CAMARAO,FELIPE CAMARÃO,PT,PARTIDO DOS TRABALHADORES,13-PT/65-PC do B/43-PV,MASCULINO,PARDA,SUPERIOR COMPLETO,ADVOGADO,31/12/1981,23/09/2026,12:30:09,DEFERIDO,DEFERIDO,N,45,Nordeste,TRUE,1,TRUE,TRUE
100002543869,MA,CARLOS ORLEANS BRAIDE BRANDÃO,ORLEANS BRANDÃO,MDB,MOVIMENTO DEMOCRÁTICO BRASILEIRO,#NULO,MASCULINO,BRANCA,SUPERIOR COMPLETO,ADMINISTRADOR,08/12/1994,23/09/2026,12:30:09,DEFERIDO,DEFERIDO,N,32,Nordeste,TRUE,1,TRUE,TRUE
100002544073,MA,REGINALDO LIMA BRAUNO,REGINALDO LIMA,PCB,PARTIDO COMUNISTA BRASILEIRO,#NULO,MASCULINO,PRETA,ENSINO MÉDIO COMPLETO,LOCUTOR E COMENTARISTA DE RÁDIO E TELEVISÃO E RADIALISTA,16/02/1983,23/09/2026,12:30:09,DEFERIDO,DEFERIDO,N,43,Nordeste,TRUE,1,TRUE,TRUE
100002544076,MA,ANDRÉ LUÍS CAETANO DOS SANTOS,ANDRÉ LUIS,MISSÃO,PARTIDO MISSÃO,#NULO,MASCULINO,PRETA,SUPERIOR INCOMPLETO,EMPRESÁRIO,24/09/1984,23/09/2026,12:30:09,DEFERIDO,DEFERIDO,N,42,Nordeste,TRUE,1,TRUE,TRUE
100002545679,MA,EDUARDO SALIM BRAIDE,EDUARDO BRAIDE,PSD,PARTIDO SOCIAL DEMOCRÁTICO,#NULO,MASCULINO,BRANCA,SUPERIOR COMPLETO,ADVOGADO,12/01/1976,23/09/2026,12:30:09,DEFERIDO,DEFERIDO,N,50,Nordeste,TRUE,1,TRUE,TRUE
100002551399,MA,ROBERTO COELHO ROCHA,ROBERTO ROCHA,PRTB,PARTIDO RENOVADOR TRABALHISTA BRASILEIRO,#NULO,MASCULINO,PARDA,SUPERIOR COMPLETO,EMPRESÁRIO,04/08/1965,23/09/2026,12:30:09,INDEFERIDO EM PRAZO RECURSAL OU COM RECURSO,INDEFERIDO EM PRAZO RECURSAL OU COM RECURSO,N,61,Nordeste,FALSE,1,TRUE,FALSE
100002552700,MA,DIMAS CASSIMIRO DO NASCIMENTO,DIMAS CASSIMIRO,PCO,PARTIDO DA CAUSA OPERÁRIA,#NULO,MASCULINO,PARDA,SUPERIOR COMPLETO,PROFESSOR DE ENSINO SUPERIOR,29/11/1959,23/09/2026,12:30:09,DEFERIDO,INDEFERIDO EM PRAZO RECURSAL OU COM RECURSO,N,67,Nordeste,TRUE,1,TRUE,TRUE
10002532492,AC,ALAN RICK MIRANDA,ALAN RICK,REPUBLICANOS,REPUBLICANOS,#NULO,MASCULINO,BRANCA,SUPERIOR COMPLETO,JORNALISTA E REDATOR,23/10/1976,23/09/2026,12:30:09,DEFERIDO,DEFERIDO,N,50,Norte,TRUE,1,TRUE,TRUE
10002533539,AC,FRANCISCO DAS CHAGAS CONCEICAO DA SILVA,DR.LUISINHO,AGIR,AGIR,#NULO,MASCULINO,PARDA,SUPERIOR COMPLETO,EMPRESÁRIO,16/01/1975,23/09/2026,12:30:09,DEFERIDO,DEFERIDO,N,51,Norte,TRUE,1,TRUE,TRUE
10002544015,AC,SEBASTIAO BOCALOM RODRIGUES,TIÃO BOCALOM,PSDB,PARTIDO DA SOCIAL DEMOCRACIA BRASILEIRA,45-PSDB/23-CIDADANIA,MASCULINO,PARDA,SUPERIOR COMPLETO,AGRICULTOR,18/05/1953,23/09/2026,12:30:09,DEFERIDO,DEFERIDO,N,73,Norte,TRUE,1,TRUE,TRUE
10002544107,AC,MAILZA ASSIS CAMELI,MAILZA ASSIS,PP,PROGRESSISTAS,44-UNIÃO/11-PP,FEMININO,BRANCA,SUPERIOR COMPLETO,GOVERNADOR,10/12/1976,23/09/2026,12:30:09,DEFERIDO,DEFERIDO,N,50,Norte,TRUE,1,TRUE,TRUE
10002549500,AC,EUDO RAFFAEL LIMA DA SILVA,EUDO RAFFAEL,PCB,PARTIDO COMUNISTA BRASILEIRO,#NULO,MASCULINO,PARDA,SUPERIOR INCOMPLETO,BANCÁRIO E ECONOMIÁRIO,27/08/1985,23/09/2026,12:30:09,DEFERIDO,DEFERIDO,N,41,Norte,TRUE,1,TRUE,TRUE
10002550719,AC,THOR OLIVEIRA DANTAS,THOR DANTAS,PSB,PARTIDO SOCIALISTA BRASILEIRO,#NULO,MASCULINO,PARDA,SUPERIOR COMPLETO,MÉDICO,29/10/1973,23/09/2026,12:30:09,DEFERIDO,DEFERIDO,N,53,Norte,TRUE,1,TRUE,TRUE
110002543953,MT,RAFAELL MILAS DE OLIVEIRA,RAFAELL MILAS,MISSÃO,PARTIDO MISSÃO,#NULO,MASCULINO,BRANCA,SUPERIOR INCOMPLETO,PUBLICITÁRIO,17/02/1983,23/09/2026,12:30:09,DEFERIDO,DEFERIDO,N,43,Centro-Oeste,TRUE,1,TRUE,TRUE
110002544985,MT,NATASHA SLHESSARENKO FRAIFE BARRETO,DOUTORA NATASHA,PSD,PARTIDO SOCIAL DEMOCRÁTICO,#NULO,FEMININO,BRANCA,SUPERIOR COMPLETO,MÉDICO,23/11/1967,23/09/2026,12:30:09,DEFERIDO,DEFERIDO,N,59,Centro-Oeste,TRUE,1,TRUE,TRUE
110002551480,MT,OTAVIANO OLAVO PIVETTA,OTAVIANO PIVETTA,REPUBLICANOS,REPUBLICANOS,#NULO,MASCULINO,BRANCA,ENSINO FUNDAMENTAL COMPLETO,GOVERNADOR,10/05/1959,23/09/2026,12:30:09,DEFERIDO EM PRAZO RECURSAL OU COM RECURSO,DEFERIDO COM RECURSO,N,67,Centro-Oeste,TRUE,1,TRUE,TRUE
110002551737,MT,WELLINGTON ANTONIO FAGUNDES,WELLINGTON FAGUNDES,PL,PARTIDO LIBERAL,#NULO,MASCULINO,BRANCA,SUPERIOR COMPLETO,MÉDICO,01/06/1957,23/09/2026,12:30:09,DEFERIDO,DEFERIDO,N,69,Centro-Oeste,TRUE,1,TRUE,TRUE
110002553058,MT,MAURICIO COELHO DE SOUZA JUNIOR,MAURICIO COELHO,MOBILIZA,MOBILIZAÇÃO NACIONAL,#NULO,MASCULINO,BRANCA,SUPERIOR INCOMPLETO,EMPRESÁRIO,18/04/1994,23/09/2026,12:30:09,DEFERIDO,DEFERIDO,N,32,Centro-Oeste,TRUE,1,TRUE,TRUE
110002553937,MT,LAUDICERIO AGUIAR MACHADO,SARGENTO LAUDICÉRIO (LAU),AGIR,AGIR,#NULO,MASCULINO,PARDA,SUPERIOR COMPLETO,POLICIAL MILITAR,18/12/1978,23/09/2026,12:30:09,INDEFERIDO,#NULO,N,48,Centro-Oeste,FALSE,1,TRUE,FALSE
110002554073,MT,LAUDICERIO AGUIAR MACHADO,SARGENTO LAUDICÉRIO,AGIR,AGIR,#NULO,MASCULINO,PARDA,SUPERIOR COMPLETO,POLICIAL MILITAR,18/12/1978,23/09/2026,12:30:09,INDEFERIDO EM PRAZO RECURSAL OU COM RECURSO,INDEFERIDO EM PRAZO RECURSAL OU COM RECURSO,N,48,Centro-Oeste,FALSE,1,TRUE,FALSE
120002532257,MS,LUCIEN ROBERTO GARCIA DE REZENDE,LUCIEN REZENDE,PSOL,PARTIDO SOCIALISMO E LIBERDADE,50-PSOL/18-REDE,MASCULINO,BRANCA,ENSINO FUNDAMENTAL COMPLETO,EMPRESÁRIO,08/02/1964,23/09/2026,12:30:09,DEFERIDO,DEFERIDO,N,62,Centro-Oeste,TRUE,1,TRUE,TRUE
120002536582,MS,EDUARDO CORREA RIEDEL,EDUARDO RIEDEL,PP,PROGRESSISTAS,44-UNIÃO/11-PP,MASCULINO,BRANCA,SUPERIOR COMPLETO,GOVERNADOR,05/07/1969,23/09/2026,12:30:09,DEFERIDO,DEFERIDO,N,57,Centro-Oeste,TRUE,1,TRUE,TRUE
120002539834,MS,FABIO RICARDO TRAD,FÁBIO TRAD,PT,PARTIDO DOS TRABALHADORES,13-PT/65-PC do B/43-PV,MASCULINO,BRANCA,SUPERIOR COMPLETO,ADVOGADO,18/08/1969,23/09/2026,12:30:09,DEFERIDO,DEFERIDO,N,57,Centro-Oeste,TRUE,1,TRUE,TRUE
120002549681,MS,RENATO WANDERLEY GOMES,ECONOMISTA RENATO GOMES,DC,DEMOCRACIA CRISTÃ,#NULO,MASCULINO,BRANCA,SUPERIOR COMPLETO,CAPITALISTA DE ATIVOS FINANCEIROS,19/02/1986,23/09/2026,12:30:09,DEFERIDO,DEFERIDO,N,40,Centro-Oeste,TRUE,1,TRUE,TRUE
120002550198,MS,JEFERSON JOSE BEZERRA,JEFERSON BEZERRA,AGIR,AGIR,#NULO,MASCULINO,BRANCA,ENSINO MÉDIO COMPLETO,JORNALISTA E REDATOR,15/06/1973,23/09/2026,12:30:09,DEFERIDO,DEFERIDO,N,53,Centro-Oeste,TRUE,1,TRUE,TRUE
120002552155,MS,DELCIDIO DO AMARAL GOMEZ,DELCIDIO AMARAL,PRD,PARTIDO RENOVACAO DEMOCRATICA,25-PRD/77-SOLIDARIEDADE,MASCULINO,BRANCA,SUPERIOR COMPLETO,ENGENHEIRO,08/02/1955,23/09/2026,12:30:09,DEFERIDO,DEFERIDO,N,71,Centro-Oeste,TRUE,1,TRUE,TRUE
120002552191,MS,JOÃO HENRIQUE MIRANDA SOARES CATAN,JOÃO HENRIQUE CATAN,NOVO,PARTIDO NOVO,#NULO,MASCULINO,BRANCA,SUPERIOR COMPLETO,ADVOGADO,19/04/1988,23/09/2026,12:30:09,DEFERIDO,DEFERIDO,N,38,Centro-Oeste,TRUE,1,TRUE,TRUE
120002552201,MS,DANIEL LEMES VASQUES,DANIEL LEMES,PCO,PARTIDO DA CAUSA OPERÁRIA,#NULO,MASCULINO,INDÍGENA,SUPERIOR COMPLETO,PROFESSOR DE ENSINO FUNDAMENTAL,16/09/1978,23/09/2026,12:30:09,DEFERIDO,DEFERIDO,N,48,Centro-Oeste,TRUE,1,TRUE,TRUE
130002539775,MG,ALEXANDRE KALIL,ALEXANDRE KALIL,PDT,PARTIDO DEMOCRÁTICO TRABALHISTA,#NULO,MASCULINO,BRANCA,ENSINO MÉDIO COMPLETO,OUTROS,25/03/1959,23/09/2026,12:30:09,DEFERIDO,DEFERIDO,N,67,Sudeste,TRUE,1,TRUE,TRUE
130002541911,MG,MATEUS SIMÕES DE ALMEIDA,MATEUS SIMÕES,PSD,PARTIDO SOCIAL DEMOCRÁTICO,#NULO,MASCULINO,BRANCA,SUPERIOR COMPLETO,GOVERNADOR,09/03/1981,23/09/2026,12:30:09,DEFERIDO,DEFERIDO,N,45,Sudeste,TRUE,1,TRUE,TRUE
130002544122,MG,TULIO CESAR DIAS LOPES,PROFESSOR TÚLIO LOPES,PCB,PARTIDO COMUNISTA BRASILEIRO,#NULO,MASCULINO,PARDA,SUPERIOR COMPLETO,PROFESSOR DE ENSINO SUPERIOR,08/06/1982,23/09/2026,12:30:09,DEFERIDO,DEFERIDO,N,44,Sudeste,TRUE,1,TRUE,TRUE
130002544411,MG,BENONI BENJAMIN CARDOSO MENDES,BEN MENDES,MISSÃO,PARTIDO MISSÃO,#NULO,MASCULINO,PRETA,SUPERIOR COMPLETO,ADVOGADO,08/05/1988,23/09/2026,12:30:09,DEFERIDO,DEFERIDO,N,38,Sudeste,TRUE,1,TRUE,TRUE
130002546802,MG,RAFAEL RIBEIRO DE ÁVILA,RAFAEL DUDA,PSTU,PARTIDO SOCIALISTA  DOS TRABALHADORES UNIFICADO,#NULO,MASCULINO,BRANCA,SUPERIOR INCOMPLETO,"TÉCNICO DE MINERAÇÃO, METALURGIA E GEOLOGIA",11/09/1984,23/09/2026,12:30:09,DEFERIDO,DEFERIDO,N,42,Sudeste,TRUE,1,TRUE,TRUE
130002547874,MG,INDIRA IVANISE XAVIER,INDIRA XAVIER,UP,UNIDADE POPULAR,#NULO,FEMININO,PRETA,ENSINO MÉDIO COMPLETO,AUXILIAR DE ESCRITÓRIO E ASSEMELHADOS,04/10/1984,23/09/2026,12:30:09,DEFERIDO,DEFERIDO,N,42,Sudeste,TRUE,1,TRUE,TRUE
130002549557,MG,GABRIEL SOUSA MARQUES DE AZEVEDO,GABRIEL,MDB,MOVIMENTO DEMOCRÁTICO BRASILEIRO,#NULO,MASCULINO,BRANCA,SUPERIOR COMPLETO,PROFESSOR DE ENSINO SUPERIOR,12/03/1986,23/09/2026,12:30:09,DEFERIDO,DEFERIDO,N,40,Sudeste,TRUE,1,TRUE,TRUE
130002550464,MG,PATRUS ANANIAS DE SOUSA,PATRUS ANANIAS,PT,PARTIDO DOS TRABALHADORES,13-PT/65-PC do B/43-PV,MASCULINO,BRANCA,SUPERIOR COMPLETO,DEPUTADO,26/01/1952,23/09/2026,12:30:09,DEFERIDO,DEFERIDO,N,74,Sudeste,TRUE,1,TRUE,TRUE
130002550834,MG,FLAVIO ROSCOE NOGUEIRA,FLÁVIO ROSCOE,PL,PARTIDO LIBERAL,#NULO,MASCULINO,BRANCA,SUPERIOR COMPLETO,EMPRESÁRIO,12/10/1971,23/09/2026,12:30:09,DEFERIDO,DEFERIDO,N,55,Sudeste,TRUE,1,TRUE,TRUE
130002552296,MG,CLEITON GONTIJO DE AZEVEDO,CLEITINHO AZEVEDO,REPUBLICANOS,REPUBLICANOS,#NULO,MASCULINO,BRANCA,ENSINO FUNDAMENTAL COMPLETO,SENADOR,15/04/1982,23/09/2026,12:30:09,DEFERIDO,DEFERIDO,N,44,Sudeste,TRUE,1,TRUE,TRUE
130002552308,MG,HENRIQUE AREAS DE ARAUJO,HENRIQUE ÁREAS,PCO,PARTIDO DA CAUSA OPERÁRIA,#NULO,MASCULINO,BRANCA,SUPERIOR COMPLETO,JORNALISTA E REDATOR,18/05/1985,23/09/2026,12:30:09,INDEFERIDO EM PRAZO RECURSAL OU COM RECURSO,INDEFERIDO EM PRAZO RECURSAL OU COM RECURSO,N,41,Sudeste,FALSE,1,TRUE,FALSE
140002538631,PA,JOSE CLEBER BARROS RABELO,CLEBER RABELO,PSTU,PARTIDO SOCIALISTA  DOS TRABALHADORES UNIFICADO,#NULO,MASCULINO,PRETA,ENSINO MÉDIO COMPLETO,ELETRICISTA E ASSEMELHADOS,13/11/1972,23/09/2026,12:30:09,RENÚNCIA,#NULO,S,54,Norte,FALSE,1,TRUE,FALSE
140002542386,PA,ARACELI MARIA PEREIRA LEMOS,ARACELI,PSOL,PARTIDO SOCIALISMO E LIBERDADE,50-PSOL/18-REDE,FEMININO,PRETA,SUPERIOR COMPLETO,APOSENTADO (EXCETO SERVIDOR PÚBLICO),29/05/1958,23/09/2026,12:30:09,DEFERIDO,DEFERIDO,N,68,Norte,TRUE,1,TRUE,TRUE
140002549930,PA,DANIEL BARBOSA SANTOS,DR. DANIEL,PODE,PODEMOS,#NULO,MASCULINO,PARDA,SUPERIOR COMPLETO,MÉDICO,25/08/1986,23/09/2026,12:30:09,DEFERIDO,DEFERIDO,N,40,Norte,TRUE,1,TRUE,TRUE
140002551357,PA,JOSÉ LUCIVALDO MOITA,JOSÉ MOITA,DEMOCRATA,DEMOCRATA,#NULO,MASCULINO,PARDA,ENSINO MÉDIO COMPLETO,AGRICULTOR,27/10/1966,23/09/2026,12:30:09,RENÚNCIA,#NULO,S,60,Norte,FALSE,1,TRUE,FALSE
140002551598,PA,HANA GHASSAN TUMA,HANA GHASSAN,MDB,MOVIMENTO DEMOCRÁTICO BRASILEIRO,#NULO,FEMININO,BRANCA,SUPERIOR COMPLETO,GOVERNADOR,16/01/1968,23/09/2026,12:30:09,DEFERIDO,DEFERIDO,N,58,Norte,TRUE,1,TRUE,TRUE
140002551943,PA,GUALDINA MARIA MENEZES LEITE,GAL LEITE,UP,UNIDADE POPULAR,#NULO,FEMININO,PRETA,SUPERIOR COMPLETO,APOSENTADO (EXCETO SERVIDOR PÚBLICO),04/07/1964,23/09/2026,12:30:09,DEFERIDO,DEFERIDO,N,62,Norte,TRUE,1,TRUE,TRUE
140002554108,PA,WELLINGTA JOSYANE SIQUEIRA MACEDO,WELL MACEDO,PSTU,PARTIDO SOCIALISTA  DOS TRABALHADORES UNIFICADO,#NULO,FEMININO,PRETA,SUPERIOR INCOMPLETO,COMUNICÓLOGO,23/03/1980,23/09/2026,12:30:09,DEFERIDO,DEFERIDO,N,46,Norte,TRUE,1,TRUE,TRUE
140002554434,PA,RUTH HELENA FERREIRA REIS,RUTH REIS,DEMOCRATA,DEMOCRATA,#NULO,FEMININO,PARDA,SUPERIOR COMPLETO,ADVOGADO,15/06/1968,23/09/2026,12:30:09,INDEFERIDO EM PRAZO RECURSAL OU COM RECURSO,INDEFERIDO EM PRAZO RECURSAL OU COM RECURSO,N,58,Norte,FALSE,1,TRUE,FALSE
150002538692,PB,EFRAIM DE ARAUJO MORAIS FILHO,EFRAIM FILHO,PL,PARTIDO LIBERAL,#NULO,MASCULINO,BRANCA,SUPERIOR COMPLETO,SENADOR,18/03/1979,23/09/2026,12:30:09,DEFERIDO,DEFERIDO,N,47,Nordeste,TRUE,1,TRUE,TRUE
150002540204,PB,YURI EZEQUIEL DE LIMA SILVA,YURI EZEQUIEL,UP,UNIDADE POPULAR,#NULO,MASCULINO,PARDA,SUPERIOR COMPLETO,ADVOGADO,06/03/1994,23/09/2026,12:30:09,DEFERIDO,DEFERIDO,N,32,Nordeste,TRUE,1,TRUE,TRUE
150002544133,PB,CICERO DE LUCENA FILHO,CÍCERO LUCENA,MDB,MOVIMENTO DEMOCRÁTICO BRASILEIRO,#NULO,MASCULINO,BRANCA,ENSINO MÉDIO COMPLETO,OUTROS,05/08/1957,23/09/2026,12:30:09,DEFERIDO EM PRAZO RECURSAL OU COM RECURSO,DEFERIDO COM RECURSO,N,69,Nordeste,TRUE,1,TRUE,TRUE
150002551789,PB,LUCAS RIBEIRO NOVAIS DE ARAUJO,LUCAS RIBEIRO,PP,PROGRESSISTAS,44-UNIÃO/11-PP,MASCULINO,BRANCA,SUPERIOR COMPLETO,GOVERNADOR,15/08/1989,23/09/2026,12:30:09,DEFERIDO,DEFERIDO,N,37,Nordeste,TRUE,1,TRUE,TRUE
150002551911,PB,PEDRO JORGE COUTINHO GUERRA,PEDRO COUTINHO,DC,DEMOCRACIA CRISTÃ,#NULO,MASCULINO,BRANCA,SUPERIOR COMPLETO,EMPRESÁRIO,21/04/1976,23/09/2026,12:30:09,DEFERIDO,DEFERIDO,N,50,Nordeste,TRUE,1,TRUE,TRUE
150002552603,PB,CAMILO SOBREIRA DUARTE FILHO,CAMILO DUARTE,PCO,PARTIDO DA CAUSA OPERÁRIA,#NULO,MASCULINO,PARDA,SUPERIOR COMPLETO,SERVIDOR PÚBLICO FEDERAL,31/03/1983,23/09/2026,12:30:09,DEFERIDO,DEFERIDO,N,43,Nordeste,TRUE,1,TRUE,TRUE
160002540833,PR,SERGIO FERNANDO MORO,SERGIO MORO,PL,PARTIDO LIBERAL,#NULO,MASCULINO,BRANCA,SUPERIOR COMPLETO,SENADOR,01/08/1972,23/09/2026,12:30:09,DEFERIDO,DEFERIDO,N,54,Sul,TRUE,2,TRUE,TRUE
160002547594,PR,ALEXANDRE SALOMAO,DOUTOR ALEXANDRE SALOMÃO,MOBILIZA,MOBILIZAÇÃO NACIONAL,#NULO,MASCULINO,BRANCA,SUPERIOR COMPLETO,ADVOGADO,30/05/1971,23/09/2026,12:30:09,DEFERIDO,DEFERIDO,N,55,Sul,TRUE,1,TRUE,TRUE
160002547666,PR,MAURICIO THADEU DE MELLO E SILVA,REQUIÃO FILHO,PDT,PARTIDO DEMOCRÁTICO TRABALHISTA,#NULO,MASCULINO,BRANCA,SUPERIOR COMPLETO,ADVOGADO,24/10/1979,23/09/2026,12:30:09,DEFERIDO,DEFERIDO,N,47,Sul,TRUE,1,TRUE,TRUE
160002548010,PR,SAMUEL DE MATTOS FIGUEIREDO,SAMUEL DE MATTOS,PSTU,PARTIDO SOCIALISTA  DOS TRABALHADORES UNIFICADO,#NULO,MASCULINO,PARDA,SUPERIOR COMPLETO,PROFESSOR DE ENSINO MÉDIO,25/03/1988,23/09/2026,12:30:09,DEFERIDO,DEFERIDO,N,38,Sul,TRUE,1,TRUE,TRUE
160002549553,PR,SANDRO ALEX CRUZ DE OLIVEIRA,SANDRO ALEX,PSD,PARTIDO SOCIAL DEMOCRÁTICO,#NULO,MASCULINO,BRANCA,SUPERIOR COMPLETO,ADVOGADO,25/11/1972,23/09/2026,12:30:09,DEFERIDO,DEFERIDO,N,54,Sul,TRUE,1,TRUE,TRUE
160002550997,PR,TAYNA MIESSA TSUSHIDA,TAYNÁ MIESSA,UP,UNIDADE POPULAR,#NULO,FEMININO,AMARELA,ENSINO MÉDIO COMPLETO,PRODUTOR DE ESPETÁCULOS PÚBLICOS,05/08/1995,23/09/2026,12:30:09,DEFERIDO,DEFERIDO,N,31,Sul,TRUE,1,TRUE,TRUE
160002551353,PR,LUIZ FELIPE MARTINS FRANCA,LUIZ FRANÇA,MISSÃO,PARTIDO MISSÃO,#NULO,MASCULINO,BRANCA,SUPERIOR COMPLETO,ADVOGADO,18/11/1993,23/09/2026,12:30:09,DEFERIDO,DEFERIDO,N,33,Sul,TRUE,1,TRUE,TRUE
160002552560,PR,ADRIANO TEIXEIRA,ADRIANO FUNILEIRO,PCO,PARTIDO DA CAUSA OPERÁRIA,#NULO,MASCULINO,PARDA,SUPERIOR COMPLETO,MECÂNICO DE MANUTENÇÃO,03/06/1987,23/09/2026,12:30:09,INDEFERIDO EM PRAZO RECURSAL OU COM RECURSO,INDEFERIDO EM PRAZO RECURSAL OU COM RECURSO,N,39,Sul,FALSE,1,TRUE,FALSE
170002536575,PE,GUILHERME FONSECA,GUILHERME FONSECA,PSTU,PARTIDO SOCIALISTA  DOS TRABALHADORES UNIFICADO,#NULO,MASCULINO,BRANCA,SUPERIOR INCOMPLETO,"TÉCNICO DE ELETRICIDADE, ELETRÔNICA E TELECOMUNICAÇÕES",26/08/1957,23/09/2026,12:30:09,DEFERIDO,DEFERIDO,N,69,Nordeste,TRUE,1,TRUE,TRUE
170002537227,PE,RAQUEL TEIXEIRA LYRA LUCENA,RAQUEL LYRA,PSD,PARTIDO SOCIAL DEMOCRÁTICO,#NULO,FEMININO,BRANCA,SUPERIOR COMPLETO,GOVERNADOR,02/12/1978,23/09/2026,12:30:09,DEFERIDO,DEFERIDO,N,48,Nordeste,TRUE,1,TRUE,TRUE
170002537230,PE,JOÃO HENRIQUE DE ANDRADE LIMA CAMPOS,JOÃO CAMPOS,PSB,PARTIDO SOCIALISTA BRASILEIRO,#NULO,MASCULINO,BRANCA,SUPERIOR COMPLETO,ENGENHEIRO,26/11/1993,23/09/2026,12:30:09,DEFERIDO,DEFERIDO,N,33,Nordeste,TRUE,1,TRUE,TRUE
170002537320,PE,MARIA CAMILA DA SILVA FALCÃO,PROFESSORA CAMILA,UP,UNIDADE POPULAR,#NULO,FEMININO,BRANCA,SUPERIOR COMPLETO,HISTORIADOR,07/06/1989,23/09/2026,12:30:09,DEFERIDO,DEFERIDO,N,37,Nordeste,TRUE,1,TRUE,TRUE
170002538097,PE,IVAN VASCONCELLOS DE MORAES FILHO,IVAN MORAES,PSOL,PARTIDO SOCIALISMO E LIBERDADE,50-PSOL/18-REDE,MASCULINO,BRANCA,SUPERIOR COMPLETO,JORNALISTA E REDATOR,24/05/1976,23/09/2026,12:30:09,DEFERIDO,DEFERIDO,N,50,Nordeste,TRUE,1,TRUE,TRUE
170002540337,PE,RENAN LUCIO SANT ANNA HALLAIS,RENAN,MISSÃO,PARTIDO MISSÃO,#NULO,MASCULINO,PARDA,SUPERIOR COMPLETO,CONTADOR,23/05/1990,23/09/2026,12:30:09,DEFERIDO,DEFERIDO,N,36,Nordeste,TRUE,1,TRUE,TRUE
170002541258,PE,JEREMIAS COSMO SILVA DOS SANTOS,PROFESSOR JEREMIAS DO BANCO,DEMOCRATA,DEMOCRATA,#NULO,MASCULINO,PARDA,SUPERIOR COMPLETO,PROFESSOR DE ENSINO MÉDIO,27/03/1980,23/09/2026,12:30:09,INDEFERIDO,#NULO,N,46,Nordeste,FALSE,1,TRUE,FALSE
170002552776,PE,VICTOR ASSIS DA SILVA,VICTOR ASSIS,PCO,PARTIDO DA CAUSA OPERÁRIA,#NULO,MASCULINO,PRETA,ENSINO MÉDIO COMPLETO,JORNALISTA E REDATOR,04/05/1995,23/09/2026,12:30:09,DEFERIDO,DEFERIDO,N,31,Nordeste,TRUE,1,TRUE,TRUE
180002532987,PI,RAFAEL TAJRA FONTELES,RAFAEL FONTELES,PT,PARTIDO DOS TRABALHADORES,13-PT/65-PC do B/43-PV,MASCULINO,BRANCA,SUPERIOR COMPLETO,GOVERNADOR,06/05/1985,23/09/2026,12:30:09,DEFERIDO,DEFERIDO,N,41,Nordeste,TRUE,1,TRUE,TRUE
180002537422,PI,GERALDO DO NASCIMENTO CARVALHO,GERALDO CARVALHO,PSTU,PARTIDO SOCIALISTA  DOS TRABALHADORES UNIFICADO,#NULO,MASCULINO,PRETA,SUPERIOR COMPLETO,PROFESSOR DE ENSINO SUPERIOR,16/07/1958,23/09/2026,12:30:09,INDEFERIDO EM PRAZO RECURSAL OU COM RECURSO,INDEFERIDO EM PRAZO RECURSAL OU COM RECURSO,N,68,Nordeste,FALSE,1,TRUE,FALSE
180002538530,PI,JOEL RODRIGUES DA SILVA,JOEL RODRIGUES,PP,PROGRESSISTAS,44-UNIÃO/11-PP,MASCULINO,PRETA,ENSINO MÉDIO COMPLETO,"TÉCNICO CONTABILIDADE, ESTATÍSTICA, ECONOMIA DOMÉSTICA E ADMINISTRAÇÃO",09/12/1969,23/09/2026,12:30:09,DEFERIDO,DEFERIDO,N,57,Nordeste,TRUE,1,TRUE,TRUE
180002544216,PI,LÚCIA MARIA DE SOUSA AGUIAR DOS SANTOS,DRA. LÚCIA SANTOS,PSDB,PARTIDO DA SOCIAL DEMOCRACIA BRASILEIRA,45-PSDB/23-CIDADANIA,FEMININO,BRANCA,SUPERIOR COMPLETO,MÉDICO,03/11/1964,23/09/2026,12:30:09,DEFERIDO,DEFERIDO,N,62,Nordeste,TRUE,1,TRUE,TRUE
180002548388,PI,RAVENNA DE CASTRO LIMA AZEVEDO,RAVENNA DA INCLUSÃO,DEMOCRATA,DEMOCRATA,#NULO,FEMININO,PARDA,SUPERIOR COMPLETO,ADVOGADO,15/05/1986,23/09/2026,12:30:09,INDEFERIDO EM PRAZO RECURSAL OU COM RECURSO,INDEFERIDO EM PRAZO RECURSAL OU COM RECURSO,N,40,Nordeste,FALSE,1,TRUE,FALSE
180002548565,PI,FRANCISCO JOSÉ MARTINS JURITY,PROFESSOR JURITY,DC,DEMOCRACIA CRISTÃ,#NULO,MASCULINO,BRANCA,SUPERIOR COMPLETO,SERVIDOR PÚBLICO CIVIL APOSENTADO,18/04/1955,23/09/2026,12:30:09,INDEFERIDO EM PRAZO RECURSAL OU COM RECURSO,INDEFERIDO EM PRAZO RECURSAL OU COM RECURSO,N,71,Nordeste,FALSE,1,TRUE,FALSE
180002549920,PI,ELIZEU MORAIS DE AGUIAR,ELIZEU AGUIAR,NOVO,PARTIDO NOVO,#NULO,MASCULINO,BRANCA,SUPERIOR COMPLETO,EMPRESÁRIO,28/05/1966,23/09/2026,12:30:09,DEFERIDO EM PRAZO RECURSAL OU COM RECURSO,DEFERIDO COM RECURSO,N,60,Nordeste,TRUE,1,TRUE,TRUE
180002549970,PI,GISVALDO OLIVEIRA DA SILVA,PROFESSOR GISVALDO,PSOL,PARTIDO SOCIALISMO E LIBERDADE,50-PSOL/18-REDE,MASCULINO,PRETA,SUPERIOR COMPLETO,PROFESSOR DE ENSINO SUPERIOR,10/06/1978,23/09/2026,12:30:09,DEFERIDO,DEFERIDO,N,48,Nordeste,TRUE,1,TRUE,TRUE
180002549995,PI,JOSÉ SANTIAGO BELIZÁRIO,SANTIAGO BELIZÁRIO,UP,UNIDADE POPULAR,#NULO,MASCULINO,PRETA,SUPERIOR INCOMPLETO,OUTROS,11/06/1993,23/09/2026,12:30:09,DEFERIDO,DEFERIDO,N,33,Nordeste,TRUE,1,TRUE,TRUE
180002550421,PI,GUSTAVO HENRIQUE LEITE FEIJÓ,GUSTAVO PELO PIAUÍ OU GUSTAVO,AVANTE,AVANTE,#NULO,MASCULINO,BRANCA,SUPERIOR COMPLETO,SERVIDOR PÚBLICO MUNICIPAL,29/11/1973,23/09/2026,12:30:09,INDEFERIDO,#NULO,N,53,Nordeste,FALSE,1,TRUE,FALSE
180002553722,PI,MARIA DE LOURDES SOARES MELO,LOURDES MELO,PCO,PARTIDO DA CAUSA OPERÁRIA,#NULO,FEMININO,PARDA,SUPERIOR COMPLETO,PROFESSOR DE ENSINO MÉDIO,12/06/1953,23/09/2026,12:30:09,INDEFERIDO EM PRAZO RECURSAL OU COM RECURSO,INDEFERIDO EM PRAZO RECURSAL OU COM RECURSO,N,73,Nordeste,FALSE,1,TRUE,FALSE
190002536162,RJ,WILLIAM CARLOS BRUM BISPO,WILLIAM SIRI,PSOL,PARTIDO SOCIALISMO E LIBERDADE,50-PSOL/18-REDE,MASCULINO,BRANCA,SUPERIOR COMPLETO,VEREADOR,08/08/1992,23/09/2026,12:30:09,DEFERIDO,DEFERIDO,N,34,Sudeste,TRUE,1,TRUE,TRUE
190002537524,RJ,ANDRÉ BOURGUIGNON MARINHO,ANDRÉ MARINHO,NOVO,PARTIDO NOVO,#NULO,MASCULINO,BRANCA,SUPERIOR COMPLETO,EMPRESÁRIO,10/08/1994,23/09/2026,12:30:09,DEFERIDO,DEFERIDO,N,32,Sudeste,TRUE,1,TRUE,TRUE
190002540198,RJ,CYRO GARCIA,CYRO GARCIA,PSTU,PARTIDO SOCIALISTA  DOS TRABALHADORES UNIFICADO,#NULO,MASCULINO,PRETA,SUPERIOR COMPLETO,APOSENTADO (EXCETO SERVIDOR PÚBLICO),26/10/1954,23/09/2026,12:30:09,DEFERIDO,DEFERIDO,N,72,Sudeste,TRUE,1,TRUE,TRUE
190002542887,RJ,DOUGLAS RUAS DOS SANTOS,DOUGLAS RUAS,PL,PARTIDO LIBERAL,#NULO,MASCULINO,BRANCA,SUPERIOR COMPLETO,DEPUTADO,17/01/1989,23/09/2026,12:30:09,DEFERIDO,DEFERIDO,N,37,Sudeste,TRUE,1,TRUE,TRUE
190002543380,RJ,EDUARDO DA COSTA PAES,EDUARDO PAES,PSD,PARTIDO SOCIAL DEMOCRÁTICO,#NULO,MASCULINO,BRANCA,SUPERIOR COMPLETO,OUTROS,14/11/1969,23/09/2026,12:30:09,DEFERIDO EM PRAZO RECURSAL OU COM RECURSO,DEFERIDO COM RECURSO,N,57,Sudeste,TRUE,1,TRUE,TRUE
190002544120,RJ,JOÃO JACQUES SOARES BUSNELLO,CORONEL BUSNELLO,MISSÃO,PARTIDO MISSÃO,#NULO,MASCULINO,BRANCA,SUPERIOR COMPLETO,POLICIAL MILITAR,06/08/1970,23/09/2026,12:30:09,DEFERIDO,DEFERIDO,N,56,Sudeste,TRUE,1,TRUE,TRUE
190002547272,RJ,JULIETE PANTOJA ALVES,JULIETE,UP,UNIDADE POPULAR,#NULO,FEMININO,BRANCA,ENSINO MÉDIO COMPLETO,OUTROS,15/10/1989,23/09/2026,12:30:09,DEFERIDO,DEFERIDO,N,37,Sudeste,TRUE,1,TRUE,TRUE
190002550196,RJ,ANTHONY WILLIAM GAROTINHO MATHEUS DE OLIVEIRA,GAROTINHO,REPUBLICANOS,REPUBLICANOS,#NULO,MASCULINO,BRANCA,SUPERIOR COMPLETO,JORNALISTA E REDATOR,18/04/1960,23/09/2026,12:30:09,INDEFERIDO EM PRAZO RECURSAL OU COM RECURSO,INDEFERIDO EM PRAZO RECURSAL OU COM RECURSO,N,66,Sudeste,FALSE,0,FALSE,FALSE
190002552513,RJ,LUAN MONTEIRO PASCHOAL PIRES,LUAN MONTEIRO,PCO,PARTIDO DA CAUSA OPERÁRIA,#NULO,MASCULINO,BRANCA,SUPERIOR COMPLETO,COMERCIANTE,05/08/1996,23/09/2026,12:30:09,DEFERIDO,DEFERIDO,N,30,Sudeste,TRUE,1,TRUE,TRUE
200002534001,RN,CARLOS EDUARDO XAVIER,CADU DE LULA,PT,PARTIDO DOS TRABALHADORES,13-PT/65-PC do B/43-PV,MASCULINO,BRANCA,SUPERIOR COMPLETO,ENGENHEIRO,14/06/1978,23/09/2026,12:30:09,DEFERIDO,DEFERIDO,N,48,Nordeste,TRUE,1,TRUE,TRUE
200002534442,RN,ÁLVARO COSTA DIAS,ÁLVARO DIAS,PL,PARTIDO LIBERAL,#NULO,MASCULINO,BRANCA,SUPERIOR COMPLETO,MÉDICO,04/09/1959,23/09/2026,12:30:09,DEFERIDO,DEFERIDO,N,67,Nordeste,TRUE,1,TRUE,TRUE
200002535255,RN,ALLYSON LEANDRO BEZERRA SILVA,ALLYSON,UNIÃO,UNIÃO BRASIL,44-UNIÃO/11-PP,MASCULINO,PARDA,SUPERIOR COMPLETO,SERVIDOR PÚBLICO FEDERAL,12/05/1992,23/09/2026,12:30:09,DEFERIDO,DEFERIDO,N,34,Nordeste,TRUE,1,TRUE,TRUE
200002542481,RN,DARIO BARBOSA DE MELO,DÁRIO BARBOSA,PSTU,PARTIDO SOCIALISTA  DOS TRABALHADORES UNIFICADO,#NULO,MASCULINO,PRETA,SUPERIOR COMPLETO,PROFESSOR DE ENSINO MÉDIO,28/05/1953,23/09/2026,12:30:09,DEFERIDO,DEFERIDO,N,73,Nordeste,TRUE,1,TRUE,TRUE
200002546756,RN,KARLO RODRIGO LUCIO VIEIRA,RODRIGO DE BOLSONARO,AGIR,AGIR,#NULO,MASCULINO,BRANCA,ENSINO MÉDIO COMPLETO,EMPRESÁRIO,17/07/1980,23/09/2026,12:30:09,DEFERIDO,DEFERIDO,N,46,Nordeste,TRUE,1,TRUE,TRUE
200002546757,RN,ROBERIO PAULINO RODRIGUES,PROFESSOR ROBERIO PAULINO,PSOL,PARTIDO SOCIALISMO E LIBERDADE,50-PSOL/18-REDE,MASCULINO,BRANCA,SUPERIOR COMPLETO,PROFESSOR DE ENSINO SUPERIOR,29/05/1957,23/09/2026,12:30:09,DEFERIDO,DEFERIDO,N,69,Nordeste,TRUE,1,TRUE,TRUE
200002547826,RN,ARINALDA VASCONCELOS DE MEDEIROS,ARINALDA DO MLB,UP,UNIDADE POPULAR,#NULO,FEMININO,PRETA,ENSINO FUNDAMENTAL INCOMPLETO,EMPREGADO DOMÉSTICO,28/06/1980,23/09/2026,12:30:09,DEFERIDO,DEFERIDO,N,46,Nordeste,TRUE,1,TRUE,TRUE
200002550223,RN,CARLOS ALBERTO DE ALMEIDA CAVALCANTE,CARLOS JARARACA,DC,DEMOCRACIA CRISTÃ,#NULO,MASCULINO,PARDA,SUPERIOR COMPLETO,REPRESENTANTE COMERCIAL,04/12/1963,23/09/2026,12:30:09,INDEFERIDO,#NULO,S,63,Nordeste,FALSE,1,TRUE,FALSE
200002553301,RN,HENRIQUE OTHON COSTA DE LYRA,HENRIQUE LYRA,PCO,PARTIDO DA CAUSA OPERÁRIA,#NULO,MASCULINO,BRANCA,SUPERIOR COMPLETO,ENGENHEIRO,20/04/1985,23/09/2026,12:30:09,INDEFERIDO EM PRAZO RECURSAL OU COM RECURSO,INDEFERIDO EM PRAZO RECURSAL OU COM RECURSO,N,41,Nordeste,FALSE,1,TRUE,FALSE
200002554482,RN,GLADYER LINHARES GODEIRO,GODEIRO LINHARESS,DC,DEMOCRACIA CRISTÃ,#NULO,MASCULINO,PARDA,SUPERIOR COMPLETO,EMPRESÁRIO,25/04/1977,23/09/2026,12:30:09,PENDENTE DE JULGAMENTO,PENDENTE DE JULGAMENTO,N,49,Nordeste,FALSE,1,TRUE,FALSE
20002539642,AL,LENILDA LUNA DE ALMEIDA,LENILDA LUNA,UP,UNIDADE POPULAR,#NULO,FEMININO,PARDA,SUPERIOR COMPLETO,SERVIDOR PÚBLICO FEDERAL,04/10/1966,23/09/2026,12:30:09,DEFERIDO,DEFERIDO,N,60,Nordeste,TRUE,1,TRUE,TRUE
20002552502,AL,MARCIO FERREIRA JAMBO SOBRINHO,MÁRCIO JAMBO,DEMOCRATA,DEMOCRATA,#NULO,MASCULINO,BRANCA,SUPERIOR INCOMPLETO,"CORRETOR DE IMÓVEIS, SEGUROS, TÍTULOS E VALORES",24/06/1969,23/09/2026,12:30:09,DEFERIDO,DEFERIDO,N,57,Nordeste,TRUE,1,TRUE,TRUE
20002553350,AL,JOÃO HENRIQUE HOLANDA CALDAS,JHC,PSDB,PARTIDO DA SOCIAL DEMOCRACIA BRASILEIRA,45-PSDB/23-CIDADANIA,MASCULINO,PARDA,SUPERIOR COMPLETO,ADVOGADO,22/07/1987,23/09/2026,12:30:09,DEFERIDO,DEFERIDO,N,39,Nordeste,TRUE,1,TRUE,TRUE
20002553745,AL,JOSÉ RENAN VASCONCELOS CALHEIROS FILHO,RENAN FILHO,MDB,MOVIMENTO DEMOCRÁTICO BRASILEIRO,#NULO,MASCULINO,BRANCA,SUPERIOR COMPLETO,ECONOMISTA,08/10/1979,23/09/2026,12:30:09,DEFERIDO,DEFERIDO,N,47,Nordeste,TRUE,1,TRUE,TRUE
210002533355,RS,PRISCILA VOIGT SEVERIANO,PRISCILA VOIGT,UP,UNIDADE POPULAR,#NULO,FEMININO,BRANCA,SUPERIOR COMPLETO,NUTRICIONISTA E ASSEMELHADOS,19/06/1991,23/09/2026,12:30:09,DEFERIDO,DEFERIDO,N,35,Sul,TRUE,1,TRUE,TRUE
210002535802,RS,MARCELO MARANATA SOARES REINALDO,MARCELO MARANATA,PSDB,PARTIDO DA SOCIAL DEMOCRACIA BRASILEIRA,45-PSDB/23-CIDADANIA,MASCULINO,BRANCA,SUPERIOR COMPLETO,ADVOGADO,25/05/1976,23/09/2026,12:30:09,DEFERIDO,DEFERIDO,N,50,Sul,TRUE,1,TRUE,TRUE
210002541367,RS,REJANE SILVA DE OLIVEIRA,REJANE DE OLIVEIRA,PSTU,PARTIDO SOCIALISTA  DOS TRABALHADORES UNIFICADO,#NULO,FEMININO,PRETA,ENSINO MÉDIO COMPLETO,PROFESSOR DE ENSINO MÉDIO,01/03/1961,23/09/2026,12:30:09,DEFERIDO,DEFERIDO,N,65,Sul,TRUE,1,TRUE,TRUE
210002542892,RS,GABRIEL VIEIRA DE SOUZA,GABRIEL SOUZA,MDB,MOVIMENTO DEMOCRÁTICO BRASILEIRO,#NULO,MASCULINO,BRANCA,SUPERIOR COMPLETO,VETERINÁRIO,02/01/1984,23/09/2026,12:30:09,DEFERIDO,DEFERIDO,N,43,Sul,TRUE,1,TRUE,TRUE
210002547857,RS,LUCIANO LORENZINI ZUCCO,ZUCCO,PL,PARTIDO LIBERAL,#NULO,MASCULINO,BRANCA,SUPERIOR COMPLETO,DEPUTADO,09/03/1974,23/09/2026,12:30:09,DEFERIDO,DEFERIDO,N,52,Sul,TRUE,1,TRUE,TRUE
210002551508,RS,JULIANA BRIZOLA,JULIANA BRIZOLA,PDT,PARTIDO DEMOCRÁTICO TRABALHISTA,#NULO,FEMININO,BRANCA,SUPERIOR COMPLETO,OUTROS,03/08/1975,23/09/2026,12:30:09,DEFERIDO,DEFERIDO,N,51,Sul,TRUE,1,TRUE,TRUE
210002552592,RS,CESAR AUGUSTO PONTES FERREIRA,CESAR PONTES,PCO,PARTIDO DA CAUSA OPERÁRIA,#NULO,MASCULINO,PARDA,SUPERIOR COMPLETO,APOSENTADO (EXCETO SERVIDOR PÚBLICO),10/01/1957,23/09/2026,12:30:09,INDEFERIDO EM PRAZO RECURSAL OU COM RECURSO,INDEFERIDO EM PRAZO RECURSAL OU COM RECURSO,N,69,Sul,FALSE,1,TRUE,FALSE
220002536806,RO,ADAILTON ANTUNES FERREIRA,ADAILTON FURIA,PSD,PARTIDO SOCIAL DEMOCRÁTICO,#NULO,MASCULINO,PARDA,SUPERIOR COMPLETO,OUTROS,24/09/1986,23/09/2026,12:30:09,DEFERIDO,DEFERIDO,N,40,Norte,TRUE,1,TRUE,TRUE
220002541939,RO,MARCOS ROGERIO DA SILVA BRITO,MARCOS ROGÉRIO,PL,PARTIDO LIBERAL,#NULO,MASCULINO,PARDA,SUPERIOR COMPLETO,SENADOR,07/07/1978,23/09/2026,12:30:09,DEFERIDO,DEFERIDO,N,48,Norte,TRUE,1,TRUE,TRUE
220002542185,RO,EXPEDITO GONCALVES FERREIRA NETTO,EXPEDITO NETTO,PT,PARTIDO DOS TRABALHADORES,13-PT/65-PC do B/43-PV,MASCULINO,PARDA,SUPERIOR COMPLETO,EMPRESÁRIO,05/10/1988,23/09/2026,12:30:09,DEFERIDO,DEFERIDO,N,38,Norte,TRUE,1,TRUE,TRUE
220002542916,RO,HILDON DE LIMA CHAVES,HILDON CHAVES,UNIÃO,UNIÃO BRASIL,44-UNIÃO/11-PP,MASCULINO,BRANCA,SUPERIOR COMPLETO,EMPRESÁRIO,25/05/1968,23/09/2026,12:30:09,DEFERIDO,DEFERIDO,N,58,Norte,TRUE,2,TRUE,TRUE
220002550927,RO,SAMUEL COSTA MENEZES,SAMUEL COSTA,PSB,PARTIDO SOCIALISTA BRASILEIRO,#NULO,MASCULINO,PARDA,SUPERIOR COMPLETO,ADVOGADO,10/12/1989,23/09/2026,12:30:09,DEFERIDO,DEFERIDO,N,37,Norte,TRUE,1,TRUE,TRUE
220002551251,RO,PEDRO ABIB HECKTHEUER,PEDRO ABIB,MDB,MOVIMENTO DEMOCRÁTICO BRASILEIRO,#NULO,MASCULINO,BRANCA,SUPERIOR COMPLETO,ADVOGADO,23/12/1990,23/09/2026,12:30:09,DEFERIDO,DEFERIDO,N,36,Norte,TRUE,1,TRUE,TRUE
230002549223,RR,ARTHUR HENRIQUE BRANDAO MACHADO,ARTHUR HENRIQUE,PL,PARTIDO LIBERAL,#NULO,MASCULINO,PARDA,SUPERIOR INCOMPLETO,OUTROS,19/08/1981,23/09/2026,12:30:09,DEFERIDO,DEFERIDO,N,45,Norte,TRUE,1,TRUE,TRUE
230002549294,RR,FARAH MESQUITA,FARAH MESQUITA,SOLIDARIEDADE,SOLIDARIEDADE,25-PRD/77-SOLIDARIEDADE,MASCULINO,PARDA,SUPERIOR INCOMPLETO,OUTROS,12/11/1974,23/09/2026,12:30:09,DEFERIDO,DEFERIDO,N,52,Norte,TRUE,1,TRUE,TRUE
230002551571,RR,FRANCISCO DOS SANTOS SAMPAIO,SOLDADO SAMPAIO,REPUBLICANOS,REPUBLICANOS,#NULO,MASCULINO,PARDA,SUPERIOR COMPLETO,GOVERNADOR,12/05/1976,23/09/2026,12:30:09,DEFERIDO,DEFERIDO,N,50,Norte,TRUE,1,TRUE,TRUE
230002552060,RR,ROSIMAYRE PATRICIA AIRES DA SILVA,ROSI AIRES,PSOL,PARTIDO SOCIALISMO E LIBERDADE,50-PSOL/18-REDE,FEMININO,PRETA,SUPERIOR INCOMPLETO,ARTESÃO,15/06/1975,23/09/2026,12:30:09,DEFERIDO,DEFERIDO,N,51,Norte,TRUE,1,TRUE,TRUE
230002553857,RR,JOSE CLEBIO GENUINO DO NASCIMENTO,CLÉBIO GENUÍNO,PCO,PARTIDO DA CAUSA OPERÁRIA,#NULO,MASCULINO,AMARELA,SUPERIOR COMPLETO,SERVIDOR PÚBLICO FEDERAL,12/02/1968,23/09/2026,12:30:09,INDEFERIDO EM PRAZO RECURSAL OU COM RECURSO,INDEFERIDO EM PRAZO RECURSAL OU COM RECURSO,N,58,Norte,FALSE,1,TRUE,FALSE
240002537073,SC,JORGINHO DOS SANTOS MELLO,JORGINHO MELLO,PL,PARTIDO LIBERAL,#NULO,MASCULINO,BRANCA,SUPERIOR COMPLETO,GOVERNADOR,15/07/1956,23/09/2026,12:30:09,DEFERIDO,DEFERIDO,N,70,Sul,TRUE,1,TRUE,TRUE
240002541913,SC,MARCUS ALEXANDRE SODRE,PROFESSOR MARCUS SODRÉ,PSTU,PARTIDO SOCIALISTA  DOS TRABALHADORES UNIFICADO,#NULO,MASCULINO,BRANCA,SUPERIOR COMPLETO,PROFESSOR DE ENSINO MÉDIO,26/01/1972,23/09/2026,12:30:09,DEFERIDO,DEFERIDO,N,54,Sul,TRUE,1,TRUE,TRUE
240002544118,SC,MARCELO MARCEL FRANCO JOSE DA SILVA,MARCELO BRIGADEIRO,MISSÃO,PARTIDO MISSÃO,#NULO,MASCULINO,BRANCA,SUPERIOR COMPLETO,EMPRESÁRIO,04/05/1982,23/09/2026,12:30:09,DEFERIDO,DEFERIDO,N,44,Sul,TRUE,1,TRUE,TRUE
240002548628,SC,GELSON LUIZ MERISIO,GELSON MERÍSIO,PSB,PARTIDO SOCIALISTA BRASILEIRO,#NULO,MASCULINO,BRANCA,SUPERIOR COMPLETO,ADMINISTRADOR,31/01/1966,23/09/2026,12:30:09,DEFERIDO,DEFERIDO,N,60,Sul,TRUE,1,TRUE,TRUE
240002550544,SC,LAÍS PAGANELLI CHAUD,LAÍS CHAUD,UP,UNIDADE POPULAR,#NULO,FEMININO,BRANCA,SUPERIOR COMPLETO,PSICÓLOGO,27/03/1995,23/09/2026,12:30:09,DEFERIDO,DEFERIDO,N,31,Sul,TRUE,1,TRUE,TRUE
240002551001,SC,JOAO RODRIGUES,JOÃO RODRIGUES,PSD,PARTIDO SOCIAL DEMOCRÁTICO,#NULO,MASCULINO,BRANCA,ENSINO MÉDIO COMPLETO,EMPRESÁRIO,23/03/1967,23/09/2026,12:30:09,DEFERIDO,DEFERIDO,N,59,Sul,TRUE,1,TRUE,TRUE
240002552157,SC,RALF GUIMARAES ZIMMER JUNIOR,RALF ZIMMER,PRD,PARTIDO RENOVACAO DEMOCRATICA,25-PRD/77-SOLIDARIEDADE,MASCULINO,BRANCA,SUPERIOR COMPLETO,ADVOGADO,28/05/1979,23/09/2026,12:30:09,DEFERIDO,DEFERIDO,N,47,Sul,TRUE,1,TRUE,TRUE
240002553718,SC,BRUNNO ANDRADE DIAS,BRUNO PEDREIRO DO PCO,PCO,PARTIDO DA CAUSA OPERÁRIA,#NULO,MASCULINO,PARDA,ENSINO MÉDIO INCOMPLETO,TRABALHADOR DE CONSTRUÇÃO CIVIL,23/07/1986,23/09/2026,12:30:09,DEFERIDO,DEFERIDO,N,40,Sul,TRUE,1,TRUE,TRUE
250002536915,SP,VERA LÚCIA PEREIRA DA SILVA SALGADO,VERA LÚCIA,PSTU,PARTIDO SOCIALISTA  DOS TRABALHADORES UNIFICADO,#NULO,FEMININO,PRETA,SUPERIOR COMPLETO,SOCIÓLOGO,12/09/1967,23/09/2026,12:30:09,DEFERIDO,DEFERIDO,N,59,Sudeste,TRUE,1,TRUE,TRUE
250002541303,SP,TARCISIO GOMES DE FREITAS,TARCÍSIO,REPUBLICANOS,REPUBLICANOS,#NULO,MASCULINO,BRANCA,SUPERIOR COMPLETO,GOVERNADOR,19/06/1975,23/09/2026,12:30:09,DEFERIDO,DEFERIDO,N,51,Sudeste,TRUE,1,TRUE,TRUE
250002544912,SP,VIVIAN MENDES DA SILVA,VIVIAN MENDES,UP,UNIDADE POPULAR,#NULO,FEMININO,BRANCA,SUPERIOR COMPLETO,RELAÇÕES-PÚBLICAS,13/01/1981,23/09/2026,12:30:09,DEFERIDO,DEFERIDO,N,45,Sudeste,TRUE,3,TRUE,TRUE
250002548080,SP,EDJANE LIMA DE SOUSA,POLICIAL EDJANE,AGIR,AGIR,#NULO,FEMININO,BRANCA,ENSINO MÉDIO COMPLETO,POLICIAL MILITAR,28/04/1977,23/09/2026,12:30:09,INDEFERIDO,#NULO,N,49,Sudeste,FALSE,0,FALSE,FALSE
250002549705,SP,FERNANDO HADDAD,FERNANDO HADDAD,PT,PARTIDO DOS TRABALHADORES,13-PT/65-PC do B/43-PV,MASCULINO,BRANCA,SUPERIOR COMPLETO,PROFESSOR DE ENSINO SUPERIOR,25/01/1963,23/09/2026,12:30:09,DEFERIDO,DEFERIDO,N,63,Sudeste,TRUE,1,TRUE,TRUE
250002550913,SP,CARLOS ALBERTO MACHADO,CARLOS MACHADO,PCB,PARTIDO COMUNISTA BRASILEIRO,#NULO,MASCULINO,PARDA,SUPERIOR COMPLETO,PROFESSOR DE ENSINO MÉDIO,02/03/1985,23/09/2026,12:30:09,DEFERIDO,DEFERIDO,N,41,Sudeste,TRUE,1,TRUE,TRUE
250002553062,SP,IZADORA CRISTINA DIAS DA SILVA,IZADORA DIAS,PCO,PARTIDO DA CAUSA OPERÁRIA,#NULO,FEMININO,PARDA,SUPERIOR INCOMPLETO,"ESTUDANTE, BOLSISTA, ESTAGIÁRIO E ASSEMELHADOS",13/01/1995,23/09/2026,12:30:09,INDEFERIDO EM PRAZO RECURSAL OU COM RECURSO,INDEFERIDO EM PRAZO RECURSAL OU COM RECURSO,N,31,Sudeste,FALSE,1,TRUE,FALSE
260002532010,SE,VALMIR DOS SANTOS COSTA,VALMIR DE FRANCISQUINHO,REPUBLICANOS,REPUBLICANOS,#NULO,MASCULINO,PARDA,SUPERIOR COMPLETO,EMPRESÁRIO,03/12/1968,23/09/2026,12:30:09,DEFERIDO EM PRAZO RECURSAL OU COM RECURSO,DEFERIDO COM RECURSO,N,58,Nordeste,TRUE,1,TRUE,TRUE
260002542491,SE,FABIO CRUZ MITIDIERI,FÁBIO,PSD,PARTIDO SOCIAL DEMOCRÁTICO,#NULO,MASCULINO,BRANCA,SUPERIOR COMPLETO,GOVERNADOR,24/02/1977,23/09/2026,12:30:09,DEFERIDO,DEFERIDO,N,49,Nordeste,TRUE,1,TRUE,TRUE
260002547415,SE,JOSE HELTON SILVA MONTEIRO,DR. HELTON,PSOL,PARTIDO SOCIALISMO E LIBERDADE,50-PSOL/18-REDE,MASCULINO,PARDA,SUPERIOR COMPLETO,MÉDICO,18/02/1976,23/09/2026,12:30:09,INDEFERIDO EM PRAZO RECURSAL OU COM RECURSO,INDEFERIDO EM PRAZO RECURSAL OU COM RECURSO,N,50,Nordeste,FALSE,1,TRUE,FALSE
260002549466,SE,JOSE RICARDO MARQUES DOS SANTOS,RICARDO MARQUES,PL,PARTIDO LIBERAL,#NULO,MASCULINO,BRANCA,SUPERIOR COMPLETO,JORNALISTA E REDATOR,16/05/1969,23/09/2026,12:30:09,DEFERIDO,DEFERIDO,N,57,Nordeste,TRUE,1,TRUE,TRUE
260002550683,SE,TATIANA CRISTINA SANTOS DE JESUS,TATY  CRISTINA DE JESUS,DC,DEMOCRACIA CRISTÃ,#NULO,FEMININO,PARDA,SUPERIOR COMPLETO,EMPRESÁRIO,29/06/1982,23/09/2026,12:30:09,DEFERIDO,DEFERIDO,N,44,Nordeste,TRUE,1,TRUE,TRUE
260002551712,SE,EMANUEL MESSIAS OLIVEIRA CACHO,EMANUEL CACHO,PSDB,PARTIDO DA SOCIAL DEMOCRACIA BRASILEIRA,45-PSDB/23-CIDADANIA,MASCULINO,PARDA,SUPERIOR COMPLETO,ADVOGADO,20/12/1959,23/09/2026,12:30:09,DEFERIDO,DEFERIDO,N,67,Nordeste,TRUE,1,TRUE,TRUE
270002539187,TO,WITER FONSECA NAVES,PROF WITER NAVES,PSOL,PARTIDO SOCIALISMO E LIBERDADE,50-PSOL/18-REDE,MASCULINO,BRANCA,SUPERIOR COMPLETO,PROFESSOR DE ENSINO MÉDIO,11/07/1971,23/09/2026,12:30:09,DEFERIDO,DEFERIDO,N,55,Norte,TRUE,1,TRUE,TRUE
270002544494,TO,LAUREZ DA ROCHA MOREIRA,LAUREZ MOREIRA,PSD,PARTIDO SOCIAL DEMOCRÁTICO,#NULO,MASCULINO,BRANCA,SUPERIOR COMPLETO,ADVOGADO,03/07/1957,23/09/2026,12:30:09,DEFERIDO,DEFERIDO,N,69,Norte,TRUE,1,TRUE,TRUE
270002544544,TO,VICENTE ALVES DE OLIVEIRA JÚNIOR,VICENTINHO JÚNIOR,PSDB,PARTIDO DA SOCIAL DEMOCRACIA BRASILEIRA,45-PSDB/23-CIDADANIA,MASCULINO,PARDA,ENSINO MÉDIO COMPLETO,DEPUTADO,11/04/1985,23/09/2026,12:30:09,DEFERIDO,DEFERIDO,N,41,Norte,TRUE,1,TRUE,TRUE
270002544599,TO,MARIA AUXILIADORA SEABRA REZENDE,PROFESSORA DORINHA,UNIÃO,UNIÃO BRASIL,44-UNIÃO/11-PP,FEMININO,BRANCA,SUPERIOR COMPLETO,SENADOR,01/10/1964,23/09/2026,12:30:09,DEFERIDO,DEFERIDO,N,62,Norte,TRUE,1,TRUE,TRUE
270002546368,TO,LUIZ CARLOS FERREIRA DA SILVA,SUBTENENTE LUIZ CARLOS,DEMOCRATA,DEMOCRATA,#NULO,MASCULINO,PARDA,SUPERIOR COMPLETO,POLICIAL MILITAR,12/12/1968,23/09/2026,12:30:09,INDEFERIDO,#NULO,S,58,Norte,FALSE,1,TRUE,FALSE
270002548412,TO,ATAIDES DE OLIVEIRA,ATAIDES DE OLIVEIRA,NOVO,PARTIDO NOVO,#NULO,MASCULINO,PARDA,SUPERIOR COMPLETO,EMPRESÁRIO,18/12/1959,23/09/2026,12:30:09,DEFERIDO,DEFERIDO,N,67,Norte,TRUE,1,TRUE,TRUE
270002550458,TO,IVAILDO PEREIRA DA CRUZ,DU PEREIRA,DC,DEMOCRACIA CRISTÃ,#NULO,MASCULINO,PARDA,ENSINO MÉDIO COMPLETO,EMPRESÁRIO,13/09/1988,23/09/2026,12:30:09,DEFERIDO,DEFERIDO,N,38,Norte,TRUE,1,TRUE,TRUE
270002554375,TO,JOSÉ WILSON SIQUEIRA CAMPOS JÚNIOR,SIQUEIRA CAMPOS JR,DEMOCRATA,DEMOCRATA,#NULO,MASCULINO,BRANCA,ENSINO MÉDIO COMPLETO,EMPRESÁRIO,19/12/1956,23/09/2026,12:30:09,DEFERIDO,DEFERIDO,N,70,Norte,TRUE,1,TRUE,TRUE
30002530014,AP,ANTONIO PAULO DE OLIVEIRA FURLAN,DR. FURLAN,PSD,PARTIDO SOCIAL DEMOCRÁTICO,#NULO,MASCULINO,BRANCA,SUPERIOR COMPLETO,MÉDICO,09/07/1973,23/09/2026,12:30:09,DEFERIDO EM PRAZO RECURSAL OU COM RECURSO,DEFERIDO COM RECURSO,N,53,Norte,TRUE,1,TRUE,TRUE
30002536311,AP,CLÉCIO LUÍS VILHENA VIEIRA,CLÉCIO,UNIÃO,UNIÃO BRASIL,44-UNIÃO/11-PP,MASCULINO,PARDA,SUPERIOR COMPLETO,GOVERNADOR,08/04/1972,23/09/2026,12:30:09,DEFERIDO,DEFERIDO,N,54,Norte,TRUE,1,TRUE,TRUE
30002536313,AP,CARLOS CLEY RAMOS PAIVA,CARLOS CLEY,PSTU,PARTIDO SOCIALISTA  DOS TRABALHADORES UNIFICADO,#NULO,MASCULINO,PARDA,ENSINO MÉDIO COMPLETO,MOTORISTA PARTICULAR,08/07/1972,23/09/2026,12:30:09,DEFERIDO,DEFERIDO,N,54,Norte,TRUE,1,TRUE,TRUE
30002551388,AP,JAIRO PALHETA DA SILVA MARQUES,JAIRO PALHETA,PCO,PARTIDO DA CAUSA OPERÁRIA,#NULO,MASCULINO,PARDA,SUPERIOR INCOMPLETO,AGRICULTOR,05/12/1978,23/09/2026,12:30:09,DEFERIDO,DEFERIDO,N,48,Norte,TRUE,1,TRUE,TRUE
30002552017,AP,MARCOS JOSE REATEGUI DE SOUZA,DELEGADO MARCOS,DC,DEMOCRACIA CRISTÃ,#NULO,MASCULINO,BRANCA,SUPERIOR COMPLETO,SERVIDOR PÚBLICO FEDERAL,06/10/1960,23/09/2026,12:30:09,DEFERIDO,DEFERIDO,N,66,Norte,TRUE,1,TRUE,TRUE
40002532272,AM,OMAR JOSE ABDELAZIZ,OMAR AZIZ,PSD,PARTIDO SOCIAL DEMOCRÁTICO,#NULO,MASCULINO,BRANCA,SUPERIOR COMPLETO,SENADOR,13/08/1958,23/09/2026,12:30:09,DEFERIDO,DEFERIDO,N,68,Norte,TRUE,8,TRUE,TRUE
40002535267,AM,GILBERTO VASCONCELOS DA SILVA,GILBERTO VASCONCELOS,PSTU,PARTIDO SOCIALISTA  DOS TRABALHADORES UNIFICADO,#NULO,MASCULINO,PRETA,SUPERIOR COMPLETO,PROFESSOR DE ENSINO FUNDAMENTAL,15/04/1967,23/09/2026,12:30:09,DEFERIDO,DEFERIDO,N,59,Norte,TRUE,1,TRUE,TRUE
40002536086,AM,DAVID ANTÔNIO ABISAI PEREIRA DE ALMEIDA,DAVID ALMEIDA,AVANTE,AVANTE,#NULO,MASCULINO,PARDA,SUPERIOR COMPLETO,OUTROS,08/02/1969,23/09/2026,12:30:09,DEFERIDO,DEFERIDO,N,57,Norte,TRUE,1,TRUE,TRUE
40002541626,AM,MARIA DO CARMO SEFFAIR LINS DE ALBUQUERQUE,PROFESSORA MARIA DO CARMO,PL,PARTIDO LIBERAL,#NULO,FEMININO,BRANCA,SUPERIOR COMPLETO,EMPRESÁRIO,26/11/1959,23/09/2026,12:30:09,DEFERIDO,DEFERIDO,N,67,Norte,TRUE,1,TRUE,TRUE
40002541741,AM,ROBERTO MAIA CIDADE FILHO,ROBERTO CIDADE,UNIÃO,UNIÃO BRASIL,44-UNIÃO/11-PP,MASCULINO,BRANCA,SUPERIOR COMPLETO,GOVERNADOR,02/10/1986,23/09/2026,12:30:09,DEFERIDO,DEFERIDO,N,40,Norte,TRUE,1,TRUE,TRUE
40002550776,AM,ISAEL FRANKLIN GONÇALVES,ISAEL MUNDURUKU,REDE,REDE SUSTENTABILIDADE,50-PSOL/18-REDE,MASCULINO,INDÍGENA,SUPERIOR COMPLETO,ADVOGADO,05/03/1978,23/09/2026,12:30:09,DEFERIDO,DEFERIDO,N,48,Norte,TRUE,1,TRUE,TRUE
40002551740,AM,BENEVENUTO DACIOLO FONSECA DOS SANTOS,CABO DACIOLO,MOBILIZA,MOBILIZAÇÃO NACIONAL,#NULO,MASCULINO,PARDA,SUPERIOR COMPLETO,MILITAR REFORMADO,30/03/1976,23/09/2026,12:30:09,DEFERIDO,DEFERIDO,N,50,Norte,TRUE,1,TRUE,TRUE
50002532269,BA,RONALDO MANSUR SANTOS SILVA,RONALDO MANSUR,PSOL,PARTIDO SOCIALISMO E LIBERDADE,50-PSOL/18-REDE,MASCULINO,PARDA,ENSINO MÉDIO COMPLETO,OUTROS,25/09/1979,23/09/2026,12:30:09,DEFERIDO,DEFERIDO,N,47,Nordeste,TRUE,1,TRUE,TRUE
50002533190,BA,ANTONIO CARLOS PEIXOTO DE MAGALHÃES NETO,ACM NETO,UNIÃO,UNIÃO BRASIL,44-UNIÃO/11-PP,MASCULINO,BRANCA,SUPERIOR COMPLETO,EMPRESÁRIO,26/01/1979,23/09/2026,12:30:09,DEFERIDO,DEFERIDO,N,47,Nordeste,TRUE,1,TRUE,TRUE
50002535253,BA,ARIEL DA SILVA CAPISTRANO,ARIEL CAPISTRANO,DC,DEMOCRACIA CRISTÃ,#NULO,MASCULINO,PRETA,ENSINO MÉDIO INCOMPLETO,EMPRESÁRIO,01/11/1986,23/09/2026,12:30:09,DEFERIDO,DEFERIDO,N,40,Nordeste,TRUE,1,TRUE,TRUE
50002536314,BA,JERONIMO RODRIGUES SOUZA,JERÔNIMO RODRIGUES,PT,PARTIDO DOS TRABALHADORES,13-PT/65-PC do B/43-PV,MASCULINO,INDÍGENA,SUPERIOR COMPLETO,SERVIDOR PÚBLICO ESTADUAL,03/04/1965,23/09/2026,12:30:09,DEFERIDO,DEFERIDO,N,61,Nordeste,TRUE,1,TRUE,TRUE
50002536579,BA,JOSE ESTEVAO DOS SANTOS BARBOSA,ESTÊVÃO,DC,DEMOCRACIA CRISTÃ,#NULO,MASCULINO,PRETA,SUPERIOR COMPLETO,ADMINISTRADOR,19/05/1958,23/09/2026,12:30:09,INDEFERIDO,#NULO,N,68,Nordeste,FALSE,1,TRUE,FALSE
50002544692,BA,AROLDO FELIX DE AZEVEDO JUNIOR,AROLDO FELIX,UP,UNIDADE POPULAR,#NULO,MASCULINO,BRANCA,SUPERIOR COMPLETO,PROFESSOR DE ENSINO SUPERIOR,16/12/1982,23/09/2026,12:30:09,DEFERIDO,DEFERIDO,N,44,Nordeste,TRUE,1,TRUE,TRUE
50002552489,BA,MARIA BONA CARRARA DE SUMBUY,MARIA BONA,PCO,PARTIDO DA CAUSA OPERÁRIA,#NULO,FEMININO,BRANCA,SUPERIOR COMPLETO,APOSENTADO (EXCETO SERVIDOR PÚBLICO),10/05/1953,23/09/2026,12:30:09,DEFERIDO,DEFERIDO,N,73,Nordeste,TRUE,1,TRUE,TRUE
60002531351,CE,CIRO FERREIRA GOMES,CIRO GOMES,PSDB,PARTIDO DA SOCIAL DEMOCRACIA BRASILEIRA,45-PSDB/23-CIDADANIA,MASCULINO,BRANCA,SUPERIOR COMPLETO,ADVOGADO,06/11/1957,23/09/2026,12:30:09,DEFERIDO,DEFERIDO,N,69,Nordeste,TRUE,1,TRUE,TRUE
60002533729,CE,SERLEY DE SOUZA LEAL,SERLEY LEAL,UP,UNIDADE POPULAR,#NULO,MASCULINO,PARDA,SUPERIOR COMPLETO,BANCÁRIO E ECONOMIÁRIO,07/12/1981,23/09/2026,12:30:09,DEFERIDO,DEFERIDO,N,45,Nordeste,TRUE,1,TRUE,TRUE
60002540336,CE,PEDRO FELIPE PINHEIRO BRITO,PEDRO BRITO,NOVO,PARTIDO NOVO,#NULO,MASCULINO,BRANCA,SUPERIOR COMPLETO,ADVOGADO,26/05/1993,23/09/2026,12:30:09,RENÚNCIA,#NULO,S,33,Nordeste,FALSE,1,TRUE,FALSE
60002540417,CE,HUGGO LEONARDO DE LIMA ANASTACIO,DELEGADO HUGGO,MISSÃO,PARTIDO MISSÃO,#NULO,MASCULINO,PARDA,SUPERIOR COMPLETO,SERVIDOR PÚBLICO ESTADUAL,23/02/1989,23/09/2026,12:30:09,DEFERIDO,DEFERIDO,N,37,Nordeste,TRUE,1,TRUE,TRUE
60002543969,CE,ELMANO DE FREITAS DA COSTA,ELMANO DE FREITAS,PT,PARTIDO DOS TRABALHADORES,13-PT/65-PC do B/43-PV,MASCULINO,PARDA,SUPERIOR COMPLETO,GOVERNADOR,12/04/1970,23/09/2026,12:30:09,DEFERIDO,DEFERIDO,N,56,Nordeste,TRUE,1,TRUE,TRUE
60002549967,CE,JOSE BATISTA NETO,ZÉ BATISTA,PSTU,PARTIDO SOCIALISTA  DOS TRABALHADORES UNIFICADO,#NULO,MASCULINO,BRANCA,ENSINO FUNDAMENTAL INCOMPLETO,TRABALHADOR DE CONSTRUÇÃO CIVIL,10/02/1974,23/09/2026,12:30:09,DEFERIDO,DEFERIDO,N,52,Nordeste,TRUE,1,TRUE,TRUE
60002552320,CE,IERI DE SOUSA BRAGA JUNIOR,IERI BRAGA,PCO,PARTIDO DA CAUSA OPERÁRIA,#NULO,MASCULINO,PARDA,SUPERIOR COMPLETO,QUÍMICO,28/03/1989,23/09/2026,12:30:09,DEFERIDO,DEFERIDO,N,37,Nordeste,TRUE,1,TRUE,TRUE
60002552498,CE,DANILO SOARES SOUSA,DANILO SOARES,DEMOCRATA,DEMOCRATA,#NULO,MASCULINO,PRETA,SUPERIOR COMPLETO,ADVOGADO,06/12/1994,23/09/2026,12:30:09,DEFERIDO,DEFERIDO,N,32,Nordeste,TRUE,1,TRUE,TRUE
60002553922,CE,VERA LUCIA DA SILVA,VERA LÚCIA,NOVO,PARTIDO NOVO,#NULO,FEMININO,BRANCA,SUPERIOR COMPLETO,EMPRESÁRIO,31/10/1967,23/09/2026,12:30:09,DEFERIDO,DEFERIDO,N,59,Nordeste,TRUE,1,TRUE,TRUE
70002535930,DF,ROBSON RAYMUNDO DA SILVA,PROFESSOR ROBSON,PSTU,PARTIDO SOCIALISTA  DOS TRABALHADORES UNIFICADO,#NULO,MASCULINO,PRETA,SUPERIOR COMPLETO,PROFESSOR DE ENSINO MÉDIO,12/04/1970,23/09/2026,12:30:09,DEFERIDO,DEFERIDO,N,56,Centro-Oeste,TRUE,1,TRUE,TRUE
70002537111,DF,SAMARA MINEIRO OLIVEIRA,PROFESSORA SAMARA MINEIRO,UP,UNIDADE POPULAR,#NULO,FEMININO,BRANCA,SUPERIOR COMPLETO,PROFESSOR DE ENSINO MÉDIO,26/07/1993,23/09/2026,12:30:09,DEFERIDO,DEFERIDO,N,33,Centro-Oeste,TRUE,1,TRUE,TRUE
70002547775,DF,FRANCISCO QUEIROZ CAPUTO NETO,KIKO CAPUTO,NOVO,PARTIDO NOVO,#NULO,MASCULINO,BRANCA,SUPERIOR COMPLETO,ADVOGADO,15/08/1969,23/09/2026,12:30:09,DEFERIDO,DEFERIDO,N,57,Centro-Oeste,TRUE,1,TRUE,TRUE
70002551298,DF,ELISSON FERREIRA FREIRE,ELISSON,AGIR,AGIR,#NULO,MASCULINO,PARDA,SUPERIOR COMPLETO,JORNALISTA E REDATOR,07/03/1987,23/09/2026,12:30:09,INDEFERIDO EM PRAZO RECURSAL OU COM RECURSO,INDEFERIDO EM PRAZO RECURSAL OU COM RECURSO,N,39,Centro-Oeste,FALSE,1,TRUE,FALSE
70002551557,DF,RICARDO GARCIA CAPPELLI,CAPPELLI,PSB,PARTIDO SOCIALISTA BRASILEIRO,#NULO,MASCULINO,BRANCA,SUPERIOR COMPLETO,JORNALISTA E REDATOR,11/02/1972,23/09/2026,12:30:09,DEFERIDO,DEFERIDO,N,54,Centro-Oeste,TRUE,1,TRUE,TRUE
70002552341,DF,EXPEDITO CARNEIRO DE MENDONÇA,EXPEDITO MENDONÇA,PCO,PARTIDO DA CAUSA OPERÁRIA,#NULO,MASCULINO,BRANCA,SUPERIOR COMPLETO,SERVIDOR PÚBLICO FEDERAL,22/11/1960,23/09/2026,12:30:09,DEFERIDO,DEFERIDO,N,66,Centro-Oeste,TRUE,1,TRUE,TRUE
70002552496,DF,LEANDRO ANTÔNIO GRASS PEIXOTO,LEANDRO GRASS,PT,PARTIDO DOS TRABALHADORES,13-PT/65-PC do B/43-PV,MASCULINO,BRANCA,SUPERIOR COMPLETO,PROFESSOR DE ENSINO SUPERIOR,15/06/1985,23/09/2026,12:30:09,DEFERIDO,DEFERIDO,N,41,Centro-Oeste,TRUE,1,TRUE,TRUE
70002552586,DF,JOSÉ ROBERTO ARRUDA,ARRUDA,PSD,PARTIDO SOCIAL DEMOCRÁTICO,#NULO,MASCULINO,BRANCA,SUPERIOR COMPLETO,ENGENHEIRO,05/01/1954,23/09/2026,12:30:09,INDEFERIDO EM PRAZO RECURSAL OU COM RECURSO,INDEFERIDO EM PRAZO RECURSAL OU COM RECURSO,N,73,Centro-Oeste,FALSE,1,TRUE,FALSE
70002552965,DF,PAULA MORENO PARO BELMONTE,PAULA BELMONTE,PSDB,PARTIDO DA SOCIAL DEMOCRACIA BRASILEIRA,45-PSDB/23-CIDADANIA,FEMININO,BRANCA,SUPERIOR COMPLETO,EMPRESÁRIO,23/06/1973,23/09/2026,12:30:09,DEFERIDO,DEFERIDO,N,53,Centro-Oeste,TRUE,1,TRUE,TRUE
70002553055,DF,CELINA LEAO HIZIM FERREIRA,CELINA LEÃO,PP,PROGRESSISTAS,44-UNIÃO/11-PP,FEMININO,BRANCA,SUPERIOR COMPLETO,GOVERNADOR,02/03/1977,23/09/2026,12:30:09,DEFERIDO,DEFERIDO,N,49,Centro-Oeste,TRUE,1,TRUE,TRUE
70002553982,DF,ALDERICO DA SILVA PINHEIRO FILHO,RICO PINHEIRO,PRTB,PARTIDO RENOVADOR TRABALHISTA BRASILEIRO,#NULO,MASCULINO,BRANCA,SUPERIOR COMPLETO,ECONOMISTA,16/02/1980,23/09/2026,12:30:09,INDEFERIDO EM PRAZO RECURSAL OU COM RECURSO,INDEFERIDO EM PRAZO RECURSAL OU COM RECURSO,N,46,Centro-Oeste,FALSE,2,TRUE,FALSE
80002541012,ES,BRENO AUGUSTO FAGUNDES BARCELOS,BRENO BARCELOS,MISSÃO,PARTIDO MISSÃO,#NULO,MASCULINO,PARDA,SUPERIOR COMPLETO,ENGENHEIRO,07/04/1985,23/09/2026,12:30:09,DEFERIDO,DEFERIDO,N,41,Sudeste,TRUE,1,TRUE,TRUE
80002550832,ES,RAFAEL KETLEY DEMUNER,RAFAEL DEMUNER,UP,UNIDADE POPULAR,#NULO,MASCULINO,BRANCA,SUPERIOR COMPLETO,SERVIDOR PÚBLICO FEDERAL,22/10/1990,23/09/2026,12:30:09,DEFERIDO,DEFERIDO,N,36,Sudeste,TRUE,1,TRUE,TRUE
80002551833,ES,HELDER IGNACIO SALOMAO,HELDER SALOMÃO,PT,PARTIDO DOS TRABALHADORES,13-PT/65-PC do B/43-PV,MASCULINO,BRANCA,SUPERIOR COMPLETO,PROFESSOR DE ENSINO MÉDIO,08/03/1964,23/09/2026,12:30:09,DEFERIDO,DEFERIDO,N,62,Sudeste,TRUE,1,TRUE,TRUE
80002552172,ES,RICARDO DE REZENDE FERRAÇO,RICARDO FERRAÇO,MDB,MOVIMENTO DEMOCRÁTICO BRASILEIRO,#NULO,MASCULINO,BRANCA,SUPERIOR INCOMPLETO,GOVERNADOR,17/08/1963,23/09/2026,12:30:09,DEFERIDO,DEFERIDO,N,63,Sudeste,TRUE,1,TRUE,TRUE
80002552682,ES,LORENZO SILVA DE PAZOLINI,LORENZO PAZOLINI,REPUBLICANOS,REPUBLICANOS,#NULO,MASCULINO,BRANCA,SUPERIOR COMPLETO,SERVIDOR PÚBLICO ESTADUAL,20/05/1982,23/09/2026,12:30:09,DEFERIDO,DEFERIDO,N,44,Sudeste,TRUE,1,TRUE,TRUE
90002540993,GO,DANIEL ELIAS CARVALHO VILELA,DANIEL VILELA,MDB,MOVIMENTO DEMOCRÁTICO BRASILEIRO,#NULO,MASCULINO,BRANCA,SUPERIOR COMPLETO,GOVERNADOR,23/10/1983,23/09/2026,12:30:09,DEFERIDO,DEFERIDO,N,43,Centro-Oeste,TRUE,1,TRUE,TRUE
90002543463,GO,MARCONI FERREIRA PERILLO JUNIOR,MARCONI PERILLO,PSDB,PARTIDO DA SOCIAL DEMOCRACIA BRASILEIRA,45-PSDB/23-CIDADANIA,MASCULINO,BRANCA,SUPERIOR COMPLETO,EMPRESÁRIO,07/03/1963,23/09/2026,12:30:09,DEFERIDO,DEFERIDO,N,63,Centro-Oeste,TRUE,2,TRUE,TRUE
90002545476,GO,LUIS CESAR BUENO E FREITAS,LUIS CESAR BUENO,PT,PARTIDO DOS TRABALHADORES,13-PT/65-PC do B/43-PV,MASCULINO,BRANCA,SUPERIOR COMPLETO,PROFESSOR DE ENSINO SUPERIOR,11/08/1960,23/09/2026,12:30:09,DEFERIDO,DEFERIDO,N,66,Centro-Oeste,TRUE,1,TRUE,TRUE
90002550707,GO,LUCIANA DE DEUS AMORIM,LUCIANA AMORIM,UP,UNIDADE POPULAR,#NULO,FEMININO,BRANCA,SUPERIOR COMPLETO,SERVIDOR PÚBLICO FEDERAL,25/01/1972,23/09/2026,12:30:09,DEFERIDO,DEFERIDO,N,54,Centro-Oeste,TRUE,1,TRUE,TRUE
90002551791,GO,WILDER PEDRO DE MORAIS,WILDER MORAIS,PL,PARTIDO LIBERAL,#NULO,MASCULINO,BRANCA,SUPERIOR COMPLETO,ENGENHEIRO,29/06/1968,23/09/2026,12:30:09,DEFERIDO,DEFERIDO,N,58,Centro-Oeste,TRUE,1,TRUE,TRUE
90002553733,GO,DANILO PINHEIRO EVANGELISTA DA SILVA,DANILO DA SILVA,PCO,PARTIDO DA CAUSA OPERÁRIA,#NULO,MASCULINO,PRETA,ENSINO MÉDIO COMPLETO,"TÉCNICO DE ELETRICIDADE, ELETRÔNICA E TELECOMUNICAÇÕES",16/07/1983,23/09/2026,12:30:09,DEFERIDO,DEFERIDO,N,43,Centro-Oeste,TRUE,1,TRUE,TRUE
