zip,arquivo,bytes,SQ_CANDIDATO,versao
proposta_governo_2026_AC.zip,AC/2026AC10002532492_01.pdf,5313228,10002532492,1
proposta_governo_2026_AC.zip,AC/2026AC10002533539_01.pdf,399509,10002533539,1
proposta_governo_2026_AC.zip,AC/2026AC10002544015_01.pdf,636418,10002544015,1
proposta_governo_2026_AC.zip,AC/2026AC10002544107_01.pdf,656073,10002544107,1
proposta_governo_2026_AC.zip,AC/2026AC10002549500_01.pdf,70478,10002549500,1
proposta_governo_2026_AC.zip,AC/2026AC10002550719_01.pdf,882947,10002550719,1
proposta_governo_2026_AL.zip,AL/2026AL20002539642_01.pdf,2057945,20002539642,1
proposta_governo_2026_AL.zip,AL/2026AL20002552502_01.pdf,12737,20002552502,1
proposta_governo_2026_AL.zip,AL/2026AL20002553350_01.pdf,537766,20002553350,1
proposta_governo_2026_AL.zip,AL/2026AL20002553745_01.pdf,3376572,20002553745,1
proposta_governo_2026_AM.zip,AM/2026AM40002532272_01.pdf,10170299,40002532272,1
proposta_governo_2026_AM.zip,AM/2026AM40002532272_02.pdf,10162707,40002532272,2
proposta_governo_2026_AM.zip,AM/2026AM40002532272_03.pdf,10167090,40002532272,3
proposta_governo_2026_AM.zip,AM/2026AM40002532272_04.pdf,10195164,40002532272,4
proposta_governo_2026_AM.zip,AM/2026AM40002532272_05.pdf,10203763,40002532272,5
proposta_governo_2026_AM.zip,AM/2026AM40002532272_06.pdf,10285667,40002532272,6
proposta_governo_2026_AM.zip,AM/2026AM40002532272_07.pdf,8459864,40002532272,7
proposta_governo_2026_AM.zip,AM/2026AM40002532272_08.pdf,1145980,40002532272,8
proposta_governo_2026_AM.zip,AM/2026AM40002535267_01.pdf,361649,40002535267,1
proposta_governo_2026_AM.zip,AM/2026AM40002536086_01.pdf,2067355,40002536086,1
proposta_governo_2026_AM.zip,AM/2026AM40002541626_01.pdf,128481,40002541626,1
proposta_governo_2026_AM.zip,AM/2026AM40002541741_01.pdf,1951427,40002541741,1
proposta_governo_2026_AM.zip,AM/2026AM40002550776_01.pdf,589360,40002550776,1
proposta_governo_2026_AM.zip,AM/2026AM40002551740_01.pdf,984687,40002551740,1
proposta_governo_2026_AP.zip,AP/2026AP30002530014_01.pdf,5371564,30002530014,1
proposta_governo_2026_AP.zip,AP/2026AP30002536311_01.pdf,1390454,30002536311,1
proposta_governo_2026_AP.zip,AP/2026AP30002536313_01.pdf,127340,30002536313,1
proposta_governo_2026_AP.zip,AP/2026AP30002551388_01.pdf,96070,30002551388,1
proposta_governo_2026_AP.zip,AP/2026AP30002552017_01.pdf,526382,30002552017,1
proposta_governo_2026_BA.zip,BA/2026BA50002532269_01.pdf,451402,50002532269,1
proposta_governo_2026_BA.zip,BA/2026BA50002533190_01.pdf,1944617,50002533190,1
proposta_governo_2026_BA.zip,BA/2026BA50002535253_01.pdf,136009,50002535253,1
proposta_governo_2026_BA.zip,BA/2026BA50002536314_01.pdf,10342922,50002536314,1
proposta_governo_2026_BA.zip,BA/2026BA50002536579_01.pdf,457304,50002536579,1
proposta_governo_2026_BA.zip,BA/2026BA50002544692_01.pdf,572083,50002544692,1
proposta_governo_2026_BA.zip,BA/2026BA50002552489_01.pdf,96070,50002552489,1
proposta_governo_2026_CE.zip,CE/2026CE60002531351_01.pdf,701767,60002531351,1
proposta_governo_2026_CE.zip,CE/2026CE60002533729_01.pdf,601651,60002533729,1
proposta_governo_2026_CE.zip,CE/2026CE60002540336_01.pdf,317295,60002540336,1
proposta_governo_2026_CE.zip,CE/2026CE60002540417_01.pdf,788262,60002540417,1
proposta_governo_2026_CE.zip,CE/2026CE60002543969_01.pdf,461625,60002543969,1
proposta_governo_2026_CE.zip,CE/2026CE60002549967_01.pdf,396998,60002549967,1
proposta_governo_2026_CE.zip,CE/2026CE60002552320_01.pdf,96070,60002552320,1
proposta_governo_2026_CE.zip,CE/2026CE60002552498_01.pdf,300153,60002552498,1
proposta_governo_2026_CE.zip,CE/2026CE60002553922_01.pdf,864521,60002553922,1
proposta_governo_2026_DF.zip,DF/2026DF70002535930_01.pdf,150305,70002535930,1
proposta_governo_2026_DF.zip,DF/2026DF70002537111_01.pdf,149402,70002537111,1
proposta_governo_2026_DF.zip,DF/2026DF70002547775_01.pdf,2204807,70002547775,1
proposta_governo_2026_DF.zip,DF/2026DF70002551298_01.pdf,1798422,70002551298,1
proposta_governo_2026_DF.zip,DF/2026DF70002551557_01.pdf,372995,70002551557,1
proposta_governo_2026_DF.zip,DF/2026DF70002552341_01.pdf,96070,70002552341,1
proposta_governo_2026_DF.zip,DF/2026DF70002552496_01.pdf,1271697,70002552496,1
proposta_governo_2026_DF.zip,DF/2026DF70002552586_01.pdf,2072075,70002552586,1
proposta_governo_2026_DF.zip,DF/2026DF70002552965_01.pdf,1509851,70002552965,1
proposta_governo_2026_DF.zip,DF/2026DF70002553055_01.pdf,433241,70002553055,1
proposta_governo_2026_DF.zip,DF/2026DF70002553982_01.pdf,40723,70002553982,1
proposta_governo_2026_DF.zip,DF/2026DF70002553982_02.pdf,730115,70002553982,2
proposta_governo_2026_ES.zip,ES/2026ES80002541012_01.pdf,1975005,80002541012,1
proposta_governo_2026_ES.zip,ES/2026ES80002550832_01.pdf,261883,80002550832,1
proposta_governo_2026_ES.zip,ES/2026ES80002551833_01.pdf,796007,80002551833,1
proposta_governo_2026_ES.zip,ES/2026ES80002552172_01.pdf,2258861,80002552172,1
proposta_governo_2026_ES.zip,ES/2026ES80002552682_01.pdf,966686,80002552682,1
proposta_governo_2026_GO.zip,GO/2026GO90002540993_01.pdf,1975601,90002540993,1
proposta_governo_2026_GO.zip,GO/2026GO90002543463_01.pdf,818822,90002543463,1
proposta_governo_2026_GO.zip,GO/2026GO90002543463_02.pdf,818822,90002543463,2
proposta_governo_2026_GO.zip,GO/2026GO90002545476_01.pdf,726591,90002545476,1
proposta_governo_2026_GO.zip,GO/2026GO90002550707_01.pdf,375349,90002550707,1
proposta_governo_2026_GO.zip,GO/2026GO90002551791_01.pdf,689187,90002551791,1
proposta_governo_2026_GO.zip,GO/2026GO90002553733_01.pdf,96070,90002553733,1
proposta_governo_2026_MA.zip,MA/2026MA100002534190_01.pdf,1349262,100002534190,1
proposta_governo_2026_MA.zip,MA/2026MA100002542556_01.pdf,2007689,100002542556,1
proposta_governo_2026_MA.zip,MA/2026MA100002543869_01.pdf,703110,100002543869,1
proposta_governo_2026_MA.zip,MA/2026MA100002544073_01.pdf,540274,100002544073,1
proposta_governo_2026_MA.zip,MA/2026MA100002544076_01.pdf,283658,100002544076,1
proposta_governo_2026_MA.zip,MA/2026MA100002545679_01.pdf,1254382,100002545679,1
proposta_governo_2026_MA.zip,MA/2026MA100002551399_01.pdf,989429,100002551399,1
proposta_governo_2026_MA.zip,MA/2026MA100002552700_01.pdf,96070,100002552700,1
proposta_governo_2026_MG.zip,MG/2026MG130002539775_01.pdf,1028065,130002539775,1
proposta_governo_2026_MG.zip,MG/2026MG130002541911_01.pdf,785849,130002541911,1
proposta_governo_2026_MG.zip,MG/2026MG130002544122_01.pdf,564355,130002544122,1
proposta_governo_2026_MG.zip,MG/2026MG130002544411_01.pdf,1256027,130002544411,1
proposta_governo_2026_MG.zip,MG/2026MG130002546802_01.pdf,1332387,130002546802,1
proposta_governo_2026_MG.zip,MG/2026MG130002547874_01.pdf,187615,130002547874,1
proposta_governo_2026_MG.zip,MG/2026MG130002549557_01.pdf,10057508,130002549557,1
proposta_governo_2026_MG.zip,MG/2026MG130002550464_01.pdf,2180833,130002550464,1
proposta_governo_2026_MG.zip,MG/2026MG130002550834_01.pdf,465075,130002550834,1
proposta_governo_2026_MG.zip,MG/2026MG130002552296_01.pdf,1853915,130002552296,1
proposta_governo_2026_MG.zip,MG/2026MG130002552308_01.pdf,96070,130002552308,1
proposta_governo_2026_MS.zip,MS/2026MS120002532257_01.pdf,150862,120002532257,1
proposta_governo_2026_MS.zip,MS/2026MS120002536582_01.pdf,724999,120002536582,1
proposta_governo_2026_MS.zip,MS/2026MS120002539834_01.pdf,620300,120002539834,1
proposta_governo_2026_MS.zip,MS/2026MS120002549681_01.pdf,785418,120002549681,1
proposta_governo_2026_MS.zip,MS/2026MS120002550198_01.pdf,443074,120002550198,1
proposta_governo_2026_MS.zip,MS/2026MS120002552155_01.pdf,491537,120002552155,1
proposta_governo_2026_MS.zip,MS/2026MS120002552191_01.pdf,886887,120002552191,1
proposta_governo_2026_MS.zip,MS/2026MS120002552201_01.pdf,96070,120002552201,1
proposta_governo_2026_MT.zip,MT/2026MT110002543953_01.pdf,282243,110002543953,1
proposta_governo_2026_MT.zip,MT/2026MT110002544985_01.pdf,859023,110002544985,1
proposta_governo_2026_MT.zip,MT/2026MT110002551480_01.pdf,376276,110002551480,1
proposta_governo_2026_MT.zip,MT/2026MT110002551737_01.pdf,843079,110002551737,1
proposta_governo_2026_MT.zip,MT/2026MT110002553058_01.pdf,940298,110002553058,1
proposta_governo_2026_MT.zip,MT/2026MT110002553937_01.pdf,680214,110002553937,1
proposta_governo_2026_MT.zip,MT/2026MT110002554073_01.pdf,635493,110002554073,1
proposta_governo_2026_PA.zip,PA/2026PA140002538631_01.pdf,596567,140002538631,1
proposta_governo_2026_PA.zip,PA/2026PA140002542386_01.pdf,373445,140002542386,1
proposta_governo_2026_PA.zip,PA/2026PA140002549930_01.pdf,450395,140002549930,1
proposta_governo_2026_PA.zip,PA/2026PA140002551357_01.pdf,195002,140002551357,1
proposta_governo_2026_PA.zip,PA/2026PA140002551598_01.pdf,1028336,140002551598,1
proposta_governo_2026_PA.zip,PA/2026PA140002551943_01.pdf,477558,140002551943,1
proposta_governo_2026_PA.zip,PA/2026PA140002554108_01.pdf,596567,140002554108,1
proposta_governo_2026_PA.zip,PA/2026PA140002554434_01.pdf,193984,140002554434,1
proposta_governo_2026_PB.zip,PB/2026PB150002538692_01.pdf,779343,150002538692,1
proposta_governo_2026_PB.zip,PB/2026PB150002540204_01.pdf,97259,150002540204,1
proposta_governo_2026_PB.zip,PB/2026PB150002544133_01.pdf,522216,150002544133,1
proposta_governo_2026_PB.zip,PB/2026PB150002551789_01.pdf,1038459,150002551789,1
proposta_governo_2026_PB.zip,PB/2026PB150002551911_01.pdf,433296,150002551911,1
proposta_governo_2026_PB.zip,PB/2026PB150002552603_01.pdf,96070,150002552603,1
proposta_governo_2026_PE.zip,PE/2026PE170002536575_01.pdf,97962,170002536575,1
proposta_governo_2026_PE.zip,PE/2026PE170002537227_01.pdf,5965957,170002537227,1
proposta_governo_2026_PE.zip,PE/2026PE170002537230_01.pdf,1174666,170002537230,1
proposta_governo_2026_PE.zip,PE/2026PE170002537320_01.pdf,130493,170002537320,1
proposta_governo_2026_PE.zip,PE/2026PE170002538097_01.pdf,746340,170002538097,1
proposta_governo_2026_PE.zip,PE/2026PE170002540337_01.pdf,894225,170002540337,1
proposta_governo_2026_PE.zip,PE/2026PE170002541258_01.pdf,179965,170002541258,1
proposta_governo_2026_PE.zip,PE/2026PE170002552776_01.pdf,96070,170002552776,1
proposta_governo_2026_PI.zip,PI/2026PI180002532987_01.pdf,1107192,180002532987,1
proposta_governo_2026_PI.zip,PI/2026PI180002537422_01.pdf,307096,180002537422,1
proposta_governo_2026_PI.zip,PI/2026PI180002538530_01.pdf,1703052,180002538530,1
proposta_governo_2026_PI.zip,PI/2026PI180002544216_01.pdf,393121,180002544216,1
proposta_governo_2026_PI.zip,PI/2026PI180002548388_01.pdf,581201,180002548388,1
proposta_governo_2026_PI.zip,PI/2026PI180002548565_01.pdf,119344,180002548565,1
proposta_governo_2026_PI.zip,PI/2026PI180002549920_01.pdf,26771,180002549920,1
proposta_governo_2026_PI.zip,PI/2026PI180002549970_01.pdf,1350189,180002549970,1
proposta_governo_2026_PI.zip,PI/2026PI180002549995_01.pdf,132287,180002549995,1
proposta_governo_2026_PI.zip,PI/2026PI180002550421_01.pdf,181313,180002550421,1
proposta_governo_2026_PI.zip,PI/2026PI180002553722_01.pdf,96070,180002553722,1
proposta_governo_2026_PR.zip,PR/2026PR160002540833_01.pdf,128430,160002540833,1
proposta_governo_2026_PR.zip,PR/2026PR160002540833_02.pdf,2420584,160002540833,2
proposta_governo_2026_PR.zip,PR/2026PR160002547594_01.pdf,90519,160002547594,1
proposta_governo_2026_PR.zip,PR/2026PR160002547666_01.pdf,4754284,160002547666,1
proposta_governo_2026_PR.zip,PR/2026PR160002548010_01.pdf,871232,160002548010,1
proposta_governo_2026_PR.zip,PR/2026PR160002549553_01.pdf,1937803,160002549553,1
proposta_governo_2026_PR.zip,PR/2026PR160002550997_01.pdf,476775,160002550997,1
proposta_governo_2026_PR.zip,PR/2026PR160002551353_01.pdf,549986,160002551353,1
proposta_governo_2026_PR.zip,PR/2026PR160002552560_01.pdf,96070,160002552560,1
proposta_governo_2026_RJ.zip,RJ/2026RJ190002536162_01.pdf,1574039,190002536162,1
proposta_governo_2026_RJ.zip,RJ/2026RJ190002537524_01.pdf,7798214,190002537524,1
proposta_governo_2026_RJ.zip,RJ/2026RJ190002540198_01.pdf,236358,190002540198,1
proposta_governo_2026_RJ.zip,RJ/2026RJ190002542887_01.pdf,1143888,190002542887,1
proposta_governo_2026_RJ.zip,RJ/2026RJ190002543380_01.pdf,466219,190002543380,1
proposta_governo_2026_RJ.zip,RJ/2026RJ190002544120_01.pdf,775598,190002544120,1
proposta_governo_2026_RJ.zip,RJ/2026RJ190002547272_01.pdf,266793,190002547272,1
proposta_governo_2026_RJ.zip,RJ/2026RJ190002552513_01.pdf,96070,190002552513,1
proposta_governo_2026_RN.zip,RN/2026RN200002534001_01.pdf,819488,200002534001,1
proposta_governo_2026_RN.zip,RN/2026RN200002534442_01.pdf,569434,200002534442,1
proposta_governo_2026_RN.zip,RN/2026RN200002535255_01.pdf,1526455,200002535255,1
proposta_governo_2026_RN.zip,RN/2026RN200002542481_01.pdf,120276,200002542481,1
proposta_governo_2026_RN.zip,RN/2026RN200002546756_01.pdf,293605,200002546756,1
proposta_governo_2026_RN.zip,RN/2026RN200002546757_01.pdf,224203,200002546757,1
proposta_governo_2026_RN.zip,RN/2026RN200002547826_01.pdf,2074403,200002547826,1
proposta_governo_2026_RN.zip,RN/2026RN200002550223_01.pdf,476027,200002550223,1
proposta_governo_2026_RN.zip,RN/2026RN200002553301_01.pdf,96070,200002553301,1
proposta_governo_2026_RN.zip,RN/2026RN200002554482_01.pdf,220374,200002554482,1
proposta_governo_2026_RO.zip,RO/2026RO220002536806_01.pdf,1698958,220002536806,1
proposta_governo_2026_RO.zip,RO/2026RO220002541939_01.pdf,2034993,220002541939,1
proposta_governo_2026_RO.zip,RO/2026RO220002542185_01.pdf,339363,220002542185,1
proposta_governo_2026_RO.zip,RO/2026RO220002542916_01.pdf,109776,220002542916,1
proposta_governo_2026_RO.zip,RO/2026RO220002542916_02.pdf,544283,220002542916,2
proposta_governo_2026_RO.zip,RO/2026RO220002550927_01.pdf,270554,220002550927,1
proposta_governo_2026_RO.zip,RO/2026RO220002551251_01.pdf,2019235,220002551251,1
proposta_governo_2026_RR.zip,RR/2026RR230002549223_01.pdf,1890868,230002549223,1
proposta_governo_2026_RR.zip,RR/2026RR230002549294_01.pdf,742758,230002549294,1
proposta_governo_2026_RR.zip,RR/2026RR230002551571_01.pdf,540305,230002551571,1
proposta_governo_2026_RR.zip,RR/2026RR230002552060_01.pdf,122796,230002552060,1
proposta_governo_2026_RR.zip,RR/2026RR230002553857_01.pdf,96070,230002553857,1
proposta_governo_2026_RS.zip,RS/2026RS210002533355_01.pdf,85548,210002533355,1
proposta_governo_2026_RS.zip,RS/2026RS210002535802_01.pdf,1373529,210002535802,1
proposta_governo_2026_RS.zip,RS/2026RS210002541367_01.pdf,1715324,210002541367,1
proposta_governo_2026_RS.zip,RS/2026RS210002542892_01.pdf,603861,210002542892,1
proposta_governo_2026_RS.zip,RS/2026RS210002547857_01.pdf,2260716,210002547857,1
proposta_governo_2026_RS.zip,RS/2026RS210002551508_01.pdf,498221,210002551508,1
proposta_governo_2026_RS.zip,RS/2026RS210002552592_01.pdf,96070,210002552592,1
proposta_governo_2026_SC.zip,SC/2026SC240002537073_01.pdf,2252980,240002537073,1
proposta_governo_2026_SC.zip,SC/2026SC240002541913_01.pdf,542640,240002541913,1
proposta_governo_2026_SC.zip,SC/2026SC240002544118_01.pdf,223672,240002544118,1
proposta_governo_2026_SC.zip,SC/2026SC240002548628_01.pdf,1972855,240002548628,1
proposta_governo_2026_SC.zip,SC/2026SC240002550544_01.pdf,246638,240002550544,1
proposta_governo_2026_SC.zip,SC/2026SC240002551001_01.pdf,172785,240002551001,1
proposta_governo_2026_SC.zip,SC/2026SC240002552157_01.pdf,319835,240002552157,1
proposta_governo_2026_SC.zip,SC/2026SC240002553718_01.pdf,96070,240002553718,1
proposta_governo_2026_SE.zip,SE/2026SE260002532010_01.pdf,4168513,260002532010,1
proposta_governo_2026_SE.zip,SE/2026SE260002542491_01.pdf,1106562,260002542491,1
proposta_governo_2026_SE.zip,SE/2026SE260002547415_01.pdf,1982760,260002547415,1
proposta_governo_2026_SE.zip,SE/2026SE260002549466_01.pdf,1643565,260002549466,1
proposta_governo_2026_SE.zip,SE/2026SE260002550683_01.pdf,158042,260002550683,1
proposta_governo_2026_SE.zip,SE/2026SE260002551712_01.pdf,241901,260002551712,1
proposta_governo_2026_SP.zip,SP/2026SP250002536915_01.pdf,567706,250002536915,1
proposta_governo_2026_SP.zip,SP/2026SP250002541303_01.pdf,7403347,250002541303,1
proposta_governo_2026_SP.zip,SP/2026SP250002544912_01.pdf,2067454,250002544912,1
proposta_governo_2026_SP.zip,SP/2026SP250002544912_02.pdf,304854,250002544912,2
proposta_governo_2026_SP.zip,SP/2026SP250002544912_03.pdf,2044910,250002544912,3
proposta_governo_2026_SP.zip,SP/2026SP250002549705_01.pdf,392838,250002549705,1
proposta_governo_2026_SP.zip,SP/2026SP250002550913_01.pdf,608840,250002550913,1
proposta_governo_2026_SP.zip,SP/2026SP250002553062_01.pdf,96070,250002553062,1
proposta_governo_2026_TO.zip,TO/2026TO270002539187_01.pdf,432593,270002539187,1
proposta_governo_2026_TO.zip,TO/2026TO270002544494_01.pdf,1694666,270002544494,1
proposta_governo_2026_TO.zip,TO/2026TO270002544544_01.pdf,1002369,270002544544,1
proposta_governo_2026_TO.zip,TO/2026TO270002544599_01.pdf,3129796,270002544599,1
proposta_governo_2026_TO.zip,TO/2026TO270002546368_01.pdf,231182,270002546368,1
proposta_governo_2026_TO.zip,TO/2026TO270002548412_01.pdf,406166,270002548412,1
proposta_governo_2026_TO.zip,TO/2026TO270002550458_01.pdf,840281,270002550458,1
proposta_governo_2026_TO.zip,TO/2026TO270002554375_01.pdf,93284,270002554375,1
