janela_id,SQ_CANDIDATO,anc_orcamento,anc_meta_quantificada,anc_prazo,anc_indicador,anc_orgao,n_elementos_anc
100002534190_J0001,100002534190,FALSE,FALSE,FALSE,FALSE,FALSE,0
100002534190_J0002,100002534190,FALSE,FALSE,FALSE,FALSE,FALSE,0
100002534190_J0003,100002534190,FALSE,FALSE,TRUE,FALSE,FALSE,1
100002534190_J0004,100002534190,FALSE,FALSE,FALSE,FALSE,FALSE,0
100002534190_J0005,100002534190,FALSE,FALSE,FALSE,FALSE,FALSE,0
100002534190_J0006,100002534190,FALSE,FALSE,FALSE,FALSE,FALSE,0
100002534190_J0007,100002534190,FALSE,FALSE,FALSE,TRUE,FALSE,1
100002534190_J0008,100002534190,FALSE,FALSE,TRUE,FALSE,FALSE,1
100002534190_J0009,100002534190,FALSE,FALSE,FALSE,FALSE,FALSE,0
100002534190_J0010,100002534190,FALSE,FALSE,TRUE,FALSE,FALSE,1
100002534190_J0011,100002534190,FALSE,FALSE,FALSE,FALSE,FALSE,0
100002534190_J0012,100002534190,FALSE,FALSE,FALSE,FALSE,FALSE,0
100002534190_J0013,100002534190,FALSE,FALSE,FALSE,FALSE,FALSE,0
100002534190_J0014,100002534190,FALSE,FALSE,FALSE,FALSE,FALSE,0
100002534190_J0015,100002534190,FALSE,FALSE,FALSE,FALSE,FALSE,0
100002534190_J0016,100002534190,FALSE,FALSE,FALSE,FALSE,TRUE,1
100002534190_J0017,100002534190,FALSE,FALSE,FALSE,TRUE,TRUE,2
100002534190_J0018,100002534190,FALSE,FALSE,FALSE,FALSE,FALSE,0
100002534190_J0019,100002534190,FALSE,FALSE,FALSE,FALSE,FALSE,0
100002534190_J0020,100002534190,FALSE,FALSE,FALSE,FALSE,FALSE,0
100002534190_J0021,100002534190,FALSE,FALSE,FALSE,FALSE,FALSE,0
100002542556_J0001,100002542556,FALSE,FALSE,FALSE,FALSE,FALSE,0
100002542556_J0002,100002542556,FALSE,FALSE,FALSE,FALSE,FALSE,0
100002543869_J0002,100002543869,FALSE,FALSE,TRUE,FALSE,TRUE,2
100002543869_J0003,100002543869,FALSE,FALSE,TRUE,FALSE,TRUE,2
100002543869_J0004,100002543869,FALSE,FALSE,FALSE,FALSE,TRUE,1
100002543869_J0005,100002543869,FALSE,FALSE,FALSE,FALSE,TRUE,1
100002543869_J0006,100002543869,FALSE,FALSE,FALSE,TRUE,TRUE,2
100002543869_J0007,100002543869,FALSE,FALSE,FALSE,FALSE,FALSE,0
100002544073_J0001,100002544073,FALSE,FALSE,FALSE,TRUE,TRUE,2
100002544076_J0001,100002544076,FALSE,FALSE,FALSE,FALSE,TRUE,1
100002544076_J0002,100002544076,FALSE,FALSE,FALSE,TRUE,TRUE,2
100002544076_J0003,100002544076,FALSE,FALSE,FALSE,FALSE,FALSE,0
100002544076_J0004,100002544076,FALSE,FALSE,FALSE,FALSE,TRUE,1
100002544076_J0005,100002544076,FALSE,FALSE,FALSE,TRUE,FALSE,1
100002544076_J0006,100002544076,FALSE,FALSE,FALSE,FALSE,FALSE,0
100002544076_J0007,100002544076,FALSE,FALSE,FALSE,TRUE,TRUE,2
100002544076_J0008,100002544076,FALSE,FALSE,FALSE,TRUE,FALSE,1
100002544076_J0009,100002544076,FALSE,FALSE,FALSE,FALSE,FALSE,0
100002544076_J0010,100002544076,TRUE,FALSE,FALSE,TRUE,FALSE,2
100002544076_J0011,100002544076,FALSE,FALSE,FALSE,FALSE,FALSE,0
100002544076_J0012,100002544076,FALSE,FALSE,FALSE,FALSE,TRUE,1
100002544076_J0013,100002544076,FALSE,FALSE,FALSE,FALSE,FALSE,0
100002544076_J0014,100002544076,FALSE,FALSE,FALSE,FALSE,FALSE,0
100002545679_J0001,100002545679,FALSE,FALSE,FALSE,FALSE,FALSE,0
100002552700_J0001,100002552700,FALSE,FALSE,FALSE,FALSE,FALSE,0
10002532492_J0001,10002532492,FALSE,FALSE,FALSE,FALSE,FALSE,0
10002532492_J0002,10002532492,FALSE,FALSE,FALSE,FALSE,FALSE,0
10002532492_J0003,10002532492,FALSE,FALSE,FALSE,FALSE,FALSE,0
10002532492_J0004,10002532492,FALSE,FALSE,FALSE,FALSE,FALSE,0
10002532492_J0005,10002532492,FALSE,FALSE,FALSE,FALSE,FALSE,0
10002532492_J0006,10002532492,FALSE,FALSE,FALSE,FALSE,FALSE,0
10002532492_J0007,10002532492,FALSE,TRUE,FALSE,FALSE,FALSE,1
10002532492_J0008,10002532492,FALSE,FALSE,FALSE,FALSE,FALSE,0
10002532492_J0009,10002532492,FALSE,FALSE,FALSE,FALSE,FALSE,0
10002532492_J0010,10002532492,FALSE,FALSE,FALSE,FALSE,FALSE,0
10002532492_J0011,10002532492,FALSE,FALSE,FALSE,FALSE,FALSE,0
10002532492_J0012,10002532492,FALSE,FALSE,FALSE,TRUE,TRUE,2
10002532492_J0013,10002532492,FALSE,FALSE,FALSE,FALSE,FALSE,0
10002533539_J0001,10002533539,FALSE,FALSE,FALSE,FALSE,FALSE,0
10002533539_J0002,10002533539,FALSE,FALSE,FALSE,FALSE,FALSE,0
10002533539_J0003,10002533539,FALSE,FALSE,FALSE,FALSE,FALSE,0
10002533539_J0004,10002533539,FALSE,FALSE,FALSE,FALSE,FALSE,0
10002544015_J0001,10002544015,FALSE,FALSE,FALSE,FALSE,FALSE,0
10002544015_J0002,10002544015,FALSE,FALSE,FALSE,FALSE,TRUE,1
10002544015_J0003,10002544015,FALSE,FALSE,FALSE,FALSE,TRUE,1
10002544015_J0004,10002544015,FALSE,FALSE,FALSE,FALSE,FALSE,0
10002544107_J0001,10002544107,FALSE,FALSE,FALSE,FALSE,FALSE,0
10002544107_J0002,10002544107,FALSE,FALSE,FALSE,FALSE,TRUE,1
10002544107_J0003,10002544107,FALSE,FALSE,FALSE,TRUE,TRUE,2
10002544107_J0004,10002544107,FALSE,FALSE,FALSE,FALSE,TRUE,1
10002544107_J0005,10002544107,FALSE,FALSE,FALSE,FALSE,FALSE,0
10002544107_J0006,10002544107,FALSE,FALSE,FALSE,FALSE,TRUE,1
10002544107_J0007,10002544107,FALSE,FALSE,FALSE,FALSE,FALSE,0
10002544107_J0008,10002544107,FALSE,FALSE,FALSE,FALSE,FALSE,0
10002544107_J0009,10002544107,FALSE,FALSE,FALSE,TRUE,TRUE,2
10002544107_J0010,10002544107,FALSE,FALSE,FALSE,FALSE,FALSE,0
10002544107_J0011,10002544107,FALSE,FALSE,FALSE,FALSE,FALSE,0
10002544107_J0012,10002544107,FALSE,FALSE,FALSE,FALSE,FALSE,0
10002544107_J0013,10002544107,FALSE,FALSE,FALSE,FALSE,FALSE,0
10002544107_J0014,10002544107,FALSE,FALSE,FALSE,FALSE,FALSE,0
10002544107_J0015,10002544107,FALSE,FALSE,FALSE,FALSE,FALSE,0
10002544107_J0016,10002544107,FALSE,FALSE,FALSE,FALSE,FALSE,0
10002544107_J0017,10002544107,FALSE,FALSE,FALSE,FALSE,FALSE,0
10002544107_J0018,10002544107,FALSE,FALSE,FALSE,FALSE,FALSE,0
10002544107_J0019,10002544107,FALSE,FALSE,FALSE,FALSE,FALSE,0
10002544107_J0020,10002544107,FALSE,FALSE,FALSE,FALSE,FALSE,0
10002544107_J0021,10002544107,FALSE,FALSE,FALSE,FALSE,FALSE,0
10002544107_J0022,10002544107,FALSE,FALSE,FALSE,FALSE,FALSE,0
10002544107_J0023,10002544107,FALSE,FALSE,FALSE,FALSE,FALSE,0
10002544107_J0024,10002544107,FALSE,FALSE,FALSE,FALSE,FALSE,0
10002544107_J0025,10002544107,FALSE,FALSE,FALSE,FALSE,FALSE,0
10002544107_J0026,10002544107,FALSE,FALSE,FALSE,FALSE,FALSE,0
10002544107_J0027,10002544107,FALSE,FALSE,FALSE,FALSE,FALSE,0
10002544107_J0028,10002544107,FALSE,FALSE,FALSE,TRUE,FALSE,1
10002544107_J0029,10002544107,FALSE,FALSE,FALSE,TRUE,TRUE,2
10002544107_J0030,10002544107,FALSE,FALSE,FALSE,FALSE,FALSE,0
10002544107_J0031,10002544107,FALSE,FALSE,FALSE,FALSE,FALSE,0
10002550719_J0001,10002550719,FALSE,FALSE,FALSE,FALSE,FALSE,0
10002550719_J0002,10002550719,FALSE,FALSE,FALSE,FALSE,FALSE,0
10002550719_J0003,10002550719,FALSE,FALSE,FALSE,FALSE,FALSE,0
10002550719_J0004,10002550719,FALSE,FALSE,TRUE,FALSE,TRUE,2
10002550719_J0005,10002550719,FALSE,FALSE,FALSE,FALSE,FALSE,0
10002550719_J0006,10002550719,FALSE,FALSE,FALSE,FALSE,FALSE,0
10002550719_J0007,10002550719,FALSE,FALSE,FALSE,FALSE,FALSE,0
10002550719_J0008,10002550719,FALSE,FALSE,FALSE,FALSE,TRUE,1
10002550719_J0009,10002550719,FALSE,FALSE,FALSE,FALSE,FALSE,0
10002550719_J0010,10002550719,FALSE,FALSE,FALSE,FALSE,FALSE,0
10002550719_J0011,10002550719,FALSE,FALSE,FALSE,FALSE,FALSE,0
10002550719_J0012,10002550719,FALSE,FALSE,FALSE,FALSE,FALSE,0
10002550719_J0013,10002550719,FALSE,FALSE,FALSE,FALSE,TRUE,1
10002550719_J0014,10002550719,FALSE,FALSE,FALSE,FALSE,TRUE,1
10002550719_J0015,10002550719,FALSE,FALSE,FALSE,TRUE,TRUE,2
10002550719_J0016,10002550719,FALSE,FALSE,FALSE,FALSE,FALSE,0
110002543953_J0001,110002543953,FALSE,FALSE,FALSE,FALSE,TRUE,1
110002543953_J0002,110002543953,FALSE,FALSE,FALSE,FALSE,FALSE,0
110002551480_J0001,110002551480,FALSE,TRUE,FALSE,FALSE,TRUE,2
110002551480_J0002,110002551480,FALSE,FALSE,FALSE,TRUE,FALSE,1
110002551480_J0003,110002551480,FALSE,FALSE,FALSE,FALSE,FALSE,0
110002551737_J0003,110002551737,FALSE,FALSE,FALSE,FALSE,TRUE,1
110002551737_J0004,110002551737,FALSE,FALSE,FALSE,FALSE,FALSE,0
110002551737_J0005,110002551737,FALSE,FALSE,FALSE,TRUE,FALSE,1
110002551737_J0006,110002551737,FALSE,FALSE,TRUE,FALSE,TRUE,2
110002553058_J0001,110002553058,FALSE,TRUE,FALSE,FALSE,FALSE,1
110002553058_J0002,110002553058,FALSE,FALSE,FALSE,FALSE,FALSE,0
110002553058_J0003,110002553058,FALSE,FALSE,FALSE,FALSE,FALSE,0
110002553058_J0004,110002553058,FALSE,FALSE,FALSE,FALSE,FALSE,0
110002553058_J0005,110002553058,FALSE,FALSE,FALSE,FALSE,FALSE,0
110002553058_J0006,110002553058,FALSE,FALSE,FALSE,FALSE,TRUE,1
110002553058_J0007,110002553058,FALSE,FALSE,FALSE,FALSE,TRUE,1
120002532257_J0001,120002532257,FALSE,FALSE,FALSE,FALSE,FALSE,0
120002532257_J0002,120002532257,FALSE,FALSE,FALSE,FALSE,FALSE,0
120002536582_J0001,120002536582,FALSE,FALSE,FALSE,FALSE,FALSE,0
120002536582_J0002,120002536582,FALSE,FALSE,FALSE,FALSE,FALSE,0
120002536582_J0003,120002536582,FALSE,FALSE,FALSE,FALSE,FALSE,0
120002536582_J0004,120002536582,FALSE,FALSE,FALSE,FALSE,FALSE,0
120002536582_J0005,120002536582,FALSE,FALSE,FALSE,FALSE,FALSE,0
120002536582_J0006,120002536582,FALSE,FALSE,FALSE,FALSE,FALSE,0
120002536582_J0007,120002536582,FALSE,FALSE,FALSE,FALSE,FALSE,0
120002536582_J0008,120002536582,FALSE,FALSE,FALSE,FALSE,FALSE,0
120002536582_J0009,120002536582,FALSE,FALSE,FALSE,FALSE,FALSE,0
120002536582_J0010,120002536582,FALSE,FALSE,FALSE,FALSE,FALSE,0
120002536582_J0011,120002536582,FALSE,FALSE,FALSE,FALSE,FALSE,0
120002536582_J0012,120002536582,FALSE,FALSE,FALSE,FALSE,FALSE,0
120002539834_J0001,120002539834,FALSE,FALSE,FALSE,FALSE,FALSE,0
120002539834_J0002,120002539834,FALSE,FALSE,FALSE,FALSE,FALSE,0
120002539834_J0003,120002539834,FALSE,FALSE,FALSE,FALSE,FALSE,0
120002539834_J0004,120002539834,FALSE,FALSE,FALSE,FALSE,FALSE,0
120002539834_J0005,120002539834,FALSE,FALSE,FALSE,FALSE,TRUE,1
120002539834_J0006,120002539834,FALSE,FALSE,TRUE,FALSE,FALSE,1
120002539834_J0007,120002539834,FALSE,FALSE,FALSE,TRUE,TRUE,2
120002539834_J0008,120002539834,TRUE,FALSE,FALSE,FALSE,FALSE,1
120002539834_J0009,120002539834,FALSE,FALSE,FALSE,TRUE,FALSE,1
120002539834_J0010,120002539834,FALSE,FALSE,FALSE,FALSE,FALSE,0
120002549681_J0001,120002549681,FALSE,TRUE,FALSE,FALSE,FALSE,1
120002549681_J0002,120002549681,FALSE,TRUE,FALSE,FALSE,FALSE,1
120002549681_J0003,120002549681,FALSE,TRUE,TRUE,TRUE,FALSE,3
120002549681_J0004,120002549681,FALSE,TRUE,TRUE,FALSE,FALSE,2
120002549681_J0005,120002549681,FALSE,TRUE,TRUE,FALSE,FALSE,2
120002552191_J0001,120002552191,FALSE,FALSE,FALSE,FALSE,FALSE,0
120002552191_J0002,120002552191,FALSE,FALSE,FALSE,FALSE,FALSE,0
120002552191_J0003,120002552191,FALSE,FALSE,FALSE,FALSE,FALSE,0
120002552201_J0001,120002552201,FALSE,FALSE,FALSE,FALSE,FALSE,0
130002539775_J0001,130002539775,FALSE,FALSE,FALSE,FALSE,TRUE,1
130002539775_J0005,130002539775,FALSE,FALSE,FALSE,FALSE,FALSE,0
130002539775_J0007,130002539775,FALSE,FALSE,FALSE,FALSE,FALSE,0
130002539775_J0008,130002539775,FALSE,FALSE,FALSE,FALSE,FALSE,0
130002539775_J0009,130002539775,FALSE,FALSE,FALSE,FALSE,FALSE,0
130002539775_J0010,130002539775,FALSE,FALSE,FALSE,FALSE,FALSE,0
130002539775_J0011,130002539775,FALSE,FALSE,FALSE,FALSE,TRUE,1
130002539775_J0012,130002539775,FALSE,FALSE,FALSE,FALSE,TRUE,1
130002539775_J0013,130002539775,FALSE,FALSE,FALSE,FALSE,TRUE,1
130002539775_J0014,130002539775,FALSE,FALSE,FALSE,FALSE,FALSE,0
130002539775_J0015,130002539775,FALSE,FALSE,FALSE,FALSE,TRUE,1
130002539775_J0016,130002539775,FALSE,FALSE,FALSE,FALSE,FALSE,0
130002539775_J0017,130002539775,FALSE,FALSE,FALSE,FALSE,FALSE,0
130002539775_J0018,130002539775,FALSE,FALSE,FALSE,FALSE,FALSE,0
130002539775_J0020,130002539775,FALSE,FALSE,FALSE,FALSE,FALSE,0
130002539775_J0021,130002539775,FALSE,FALSE,FALSE,FALSE,FALSE,0
130002539775_J0022,130002539775,FALSE,FALSE,FALSE,FALSE,FALSE,0
130002539775_J0023,130002539775,FALSE,FALSE,FALSE,FALSE,FALSE,0
130002539775_J0024,130002539775,FALSE,FALSE,FALSE,FALSE,TRUE,1
130002539775_J0026,130002539775,FALSE,FALSE,FALSE,FALSE,TRUE,1
130002539775_J0027,130002539775,FALSE,FALSE,FALSE,FALSE,FALSE,0
130002539775_J0028,130002539775,FALSE,FALSE,FALSE,FALSE,FALSE,0
130002539775_J0029,130002539775,FALSE,FALSE,FALSE,FALSE,TRUE,1
130002539775_J0030,130002539775,FALSE,FALSE,FALSE,FALSE,TRUE,1
130002539775_J0031,130002539775,FALSE,FALSE,FALSE,FALSE,FALSE,0
130002539775_J0032,130002539775,FALSE,FALSE,FALSE,FALSE,FALSE,0
130002539775_J0033,130002539775,FALSE,FALSE,FALSE,FALSE,FALSE,0
130002539775_J0034,130002539775,FALSE,FALSE,FALSE,FALSE,FALSE,0
130002539775_J0035,130002539775,FALSE,FALSE,FALSE,FALSE,FALSE,0
130002539775_J0036,130002539775,FALSE,FALSE,FALSE,FALSE,FALSE,0
130002539775_J0037,130002539775,FALSE,FALSE,TRUE,FALSE,FALSE,1
130002541911_J0001,130002541911,FALSE,FALSE,FALSE,FALSE,FALSE,0
130002541911_J0002,130002541911,FALSE,FALSE,FALSE,FALSE,FALSE,0
130002541911_J0003,130002541911,FALSE,FALSE,FALSE,FALSE,TRUE,1
130002544411_J0001,130002544411,FALSE,FALSE,FALSE,FALSE,FALSE,0
130002544411_J0002,130002544411,FALSE,FALSE,FALSE,FALSE,FALSE,0
130002544411_J0003,130002544411,FALSE,FALSE,FALSE,FALSE,TRUE,1
130002544411_J0004,130002544411,FALSE,FALSE,FALSE,FALSE,TRUE,1
130002544411_J0005,130002544411,FALSE,FALSE,FALSE,FALSE,TRUE,1
130002544411_J0006,130002544411,TRUE,FALSE,FALSE,FALSE,TRUE,2
130002544411_J0007,130002544411,FALSE,FALSE,FALSE,FALSE,TRUE,1
130002544411_J0008,130002544411,FALSE,FALSE,FALSE,FALSE,TRUE,1
130002544411_J0009,130002544411,FALSE,FALSE,FALSE,FALSE,TRUE,1
130002544411_J0010,130002544411,FALSE,FALSE,FALSE,FALSE,TRUE,1
130002544411_J0011,130002544411,FALSE,FALSE,FALSE,FALSE,FALSE,0
130002546802_J0001,130002546802,FALSE,FALSE,FALSE,FALSE,FALSE,0
130002546802_J0002,130002546802,FALSE,FALSE,FALSE,FALSE,FALSE,0
130002546802_J0003,130002546802,FALSE,FALSE,FALSE,FALSE,FALSE,0
130002547874_J0001,130002547874,FALSE,FALSE,FALSE,FALSE,FALSE,0
130002547874_J0002,130002547874,FALSE,FALSE,FALSE,FALSE,TRUE,1
130002547874_J0003,130002547874,FALSE,FALSE,FALSE,FALSE,FALSE,0
130002549557_J0001,130002549557,FALSE,FALSE,FALSE,FALSE,FALSE,0
130002549557_J0002,130002549557,FALSE,FALSE,FALSE,FALSE,FALSE,0
130002549557_J0003,130002549557,FALSE,TRUE,FALSE,FALSE,FALSE,1
130002549557_J0004,130002549557,FALSE,FALSE,FALSE,FALSE,FALSE,0
130002549557_J0005,130002549557,FALSE,FALSE,FALSE,TRUE,FALSE,1
130002549557_J0006,130002549557,FALSE,FALSE,FALSE,TRUE,TRUE,2
130002549557_J0007,130002549557,FALSE,FALSE,FALSE,FALSE,FALSE,0
130002549557_J0008,130002549557,TRUE,FALSE,TRUE,FALSE,FALSE,2
130002549557_J0009,130002549557,FALSE,TRUE,FALSE,FALSE,FALSE,1
130002550464_J0001,130002550464,FALSE,FALSE,FALSE,FALSE,FALSE,0
130002550464_J0002,130002550464,FALSE,FALSE,FALSE,FALSE,FALSE,0
130002550464_J0003,130002550464,FALSE,FALSE,FALSE,FALSE,FALSE,0
130002550464_J0004,130002550464,TRUE,FALSE,FALSE,TRUE,TRUE,3
130002550464_J0005,130002550464,FALSE,FALSE,FALSE,FALSE,FALSE,0
130002550464_J0006,130002550464,FALSE,FALSE,FALSE,FALSE,FALSE,0
130002550464_J0007,130002550464,FALSE,FALSE,FALSE,FALSE,FALSE,0
130002550464_J0008,130002550464,FALSE,FALSE,FALSE,FALSE,FALSE,0
130002550464_J0009,130002550464,FALSE,FALSE,FALSE,TRUE,FALSE,1
130002550464_J0010,130002550464,FALSE,FALSE,FALSE,FALSE,TRUE,1
130002550834_J0001,130002550834,FALSE,FALSE,FALSE,FALSE,FALSE,0
130002552296_J0001,130002552296,FALSE,FALSE,FALSE,FALSE,TRUE,1
130002552296_J0002,130002552296,FALSE,FALSE,FALSE,FALSE,TRUE,1
130002552296_J0003,130002552296,FALSE,FALSE,FALSE,TRUE,FALSE,1
140002542386_J0001,140002542386,FALSE,FALSE,FALSE,FALSE,FALSE,0
140002542386_J0002,140002542386,FALSE,FALSE,FALSE,FALSE,TRUE,1
140002542386_J0003,140002542386,FALSE,TRUE,FALSE,FALSE,FALSE,1
140002542386_J0004,140002542386,FALSE,FALSE,FALSE,FALSE,FALSE,0
140002542386_J0005,140002542386,FALSE,FALSE,FALSE,FALSE,FALSE,0
140002549930_J0001,140002549930,FALSE,FALSE,FALSE,FALSE,FALSE,0
140002549930_J0002,140002549930,FALSE,FALSE,FALSE,FALSE,FALSE,0
140002549930_J0003,140002549930,FALSE,FALSE,FALSE,FALSE,FALSE,0
140002549930_J0004,140002549930,FALSE,FALSE,FALSE,FALSE,FALSE,0
140002551598_J0001,140002551598,FALSE,FALSE,FALSE,FALSE,FALSE,0
140002551598_J0002,140002551598,FALSE,FALSE,FALSE,FALSE,FALSE,0
140002551598_J0003,140002551598,FALSE,FALSE,FALSE,FALSE,FALSE,0
140002551598_J0004,140002551598,FALSE,FALSE,FALSE,FALSE,FALSE,0
140002551598_J0005,140002551598,FALSE,FALSE,FALSE,FALSE,FALSE,0
140002551598_J0006,140002551598,FALSE,FALSE,FALSE,FALSE,FALSE,0
140002551598_J0007,140002551598,FALSE,TRUE,FALSE,FALSE,FALSE,1
140002551598_J0008,140002551598,FALSE,FALSE,FALSE,FALSE,FALSE,0
140002551598_J0009,140002551598,FALSE,FALSE,FALSE,FALSE,FALSE,0
140002551943_J0001,140002551943,FALSE,FALSE,FALSE,FALSE,FALSE,0
140002551943_J0002,140002551943,FALSE,FALSE,FALSE,FALSE,FALSE,0
140002551943_J0003,140002551943,FALSE,FALSE,FALSE,FALSE,FALSE,0
140002551943_J0004,140002551943,FALSE,FALSE,FALSE,FALSE,FALSE,0
140002551943_J0005,140002551943,TRUE,FALSE,FALSE,FALSE,FALSE,1
140002551943_J0006,140002551943,FALSE,FALSE,FALSE,FALSE,FALSE,0
140002551943_J0007,140002551943,FALSE,FALSE,FALSE,FALSE,FALSE,0
140002551943_J0008,140002551943,FALSE,FALSE,FALSE,FALSE,TRUE,1
140002551943_J0009,140002551943,FALSE,FALSE,FALSE,FALSE,FALSE,0
140002554108_J0001,140002554108,FALSE,FALSE,FALSE,FALSE,FALSE,0
140002554108_J0002,140002554108,FALSE,FALSE,FALSE,FALSE,FALSE,0
140002554108_J0003,140002554108,FALSE,FALSE,FALSE,FALSE,FALSE,0
140002554108_J0004,140002554108,FALSE,FALSE,FALSE,FALSE,FALSE,0
150002538692_J0001,150002538692,FALSE,FALSE,FALSE,FALSE,TRUE,1
150002538692_J0002,150002538692,FALSE,FALSE,FALSE,FALSE,TRUE,1
150002538692_J0003,150002538692,FALSE,FALSE,FALSE,FALSE,FALSE,0
150002538692_J0004,150002538692,FALSE,FALSE,FALSE,FALSE,FALSE,0
150002538692_J0005,150002538692,FALSE,FALSE,FALSE,FALSE,FALSE,0
150002538692_J0006,150002538692,FALSE,FALSE,FALSE,FALSE,FALSE,0
150002538692_J0007,150002538692,FALSE,FALSE,FALSE,FALSE,FALSE,0
150002538692_J0008,150002538692,FALSE,FALSE,FALSE,FALSE,FALSE,0
150002538692_J0009,150002538692,FALSE,FALSE,FALSE,FALSE,FALSE,0
150002538692_J0010,150002538692,FALSE,FALSE,FALSE,TRUE,TRUE,2
150002538692_J0011,150002538692,FALSE,FALSE,FALSE,FALSE,TRUE,1
150002538692_J0012,150002538692,FALSE,FALSE,FALSE,TRUE,TRUE,2
150002544133_J0001,150002544133,FALSE,FALSE,TRUE,FALSE,FALSE,1
150002544133_J0002,150002544133,FALSE,FALSE,FALSE,FALSE,FALSE,0
150002544133_J0003,150002544133,FALSE,FALSE,FALSE,FALSE,FALSE,0
150002544133_J0004,150002544133,FALSE,FALSE,FALSE,FALSE,TRUE,1
150002544133_J0005,150002544133,FALSE,FALSE,FALSE,FALSE,FALSE,0
150002544133_J0006,150002544133,FALSE,FALSE,FALSE,FALSE,FALSE,0
150002544133_J0007,150002544133,FALSE,FALSE,FALSE,FALSE,FALSE,0
150002544133_J0008,150002544133,FALSE,FALSE,FALSE,FALSE,FALSE,0
150002544133_J0009,150002544133,FALSE,FALSE,FALSE,FALSE,FALSE,0
150002544133_J0010,150002544133,FALSE,FALSE,FALSE,FALSE,FALSE,0
150002544133_J0011,150002544133,FALSE,FALSE,FALSE,TRUE,TRUE,2
150002551789_J0001,150002551789,FALSE,FALSE,FALSE,TRUE,TRUE,2
150002551789_J0002,150002551789,FALSE,FALSE,FALSE,FALSE,TRUE,1
150002551789_J0003,150002551789,FALSE,FALSE,FALSE,FALSE,FALSE,0
150002551789_J0004,150002551789,FALSE,FALSE,FALSE,FALSE,FALSE,0
150002551789_J0005,150002551789,FALSE,FALSE,FALSE,FALSE,FALSE,0
150002552603_J0001,150002552603,FALSE,FALSE,FALSE,FALSE,FALSE,0
160002540833_J0001,160002540833,FALSE,FALSE,FALSE,FALSE,TRUE,1
160002540833_J0002,160002540833,FALSE,FALSE,FALSE,FALSE,TRUE,1
160002540833_J0003,160002540833,FALSE,FALSE,FALSE,FALSE,FALSE,0
160002540833_J0004,160002540833,FALSE,FALSE,FALSE,FALSE,FALSE,0
160002540833_J0005,160002540833,FALSE,FALSE,FALSE,FALSE,FALSE,0
160002540833_J0006,160002540833,FALSE,FALSE,FALSE,FALSE,FALSE,0
160002540833_J0007,160002540833,FALSE,FALSE,FALSE,FALSE,FALSE,0
160002540833_J0008,160002540833,FALSE,FALSE,FALSE,FALSE,FALSE,0
160002540833_J0009,160002540833,FALSE,FALSE,FALSE,FALSE,FALSE,0
160002540833_J0010,160002540833,FALSE,FALSE,FALSE,TRUE,FALSE,1
160002540833_J0011,160002540833,FALSE,FALSE,FALSE,FALSE,FALSE,0
160002540833_J0012,160002540833,FALSE,FALSE,FALSE,FALSE,TRUE,1
160002540833_J0013,160002540833,FALSE,FALSE,FALSE,TRUE,TRUE,2
160002540833_J0014,160002540833,FALSE,FALSE,FALSE,FALSE,TRUE,1
160002540833_J0015,160002540833,FALSE,FALSE,FALSE,TRUE,TRUE,2
160002547666_J0001,160002547666,FALSE,FALSE,FALSE,FALSE,FALSE,0
160002547666_J0002,160002547666,FALSE,FALSE,FALSE,FALSE,TRUE,1
160002547666_J0003,160002547666,FALSE,FALSE,FALSE,FALSE,TRUE,1
160002547666_J0004,160002547666,FALSE,FALSE,FALSE,FALSE,TRUE,1
160002547666_J0005,160002547666,FALSE,FALSE,FALSE,FALSE,FALSE,0
160002547666_J0006,160002547666,FALSE,FALSE,FALSE,FALSE,FALSE,0
160002547666_J0007,160002547666,FALSE,FALSE,FALSE,FALSE,FALSE,0
160002547666_J0008,160002547666,FALSE,FALSE,FALSE,FALSE,FALSE,0
160002547666_J0009,160002547666,FALSE,FALSE,FALSE,FALSE,FALSE,0
160002548010_J0001,160002548010,FALSE,FALSE,FALSE,FALSE,FALSE,0
160002548010_J0002,160002548010,FALSE,FALSE,FALSE,FALSE,TRUE,1
160002549553_J0001,160002549553,FALSE,FALSE,FALSE,FALSE,FALSE,0
160002549553_J0002,160002549553,FALSE,FALSE,FALSE,FALSE,FALSE,0
160002549553_J0003,160002549553,FALSE,FALSE,FALSE,FALSE,TRUE,1
160002549553_J0004,160002549553,FALSE,FALSE,FALSE,FALSE,FALSE,0
160002549553_J0005,160002549553,FALSE,FALSE,FALSE,FALSE,FALSE,0
160002549553_J0006,160002549553,FALSE,FALSE,FALSE,FALSE,TRUE,1
160002549553_J0007,160002549553,FALSE,FALSE,FALSE,FALSE,FALSE,0
160002549553_J0008,160002549553,FALSE,FALSE,FALSE,FALSE,TRUE,1
160002549553_J0009,160002549553,FALSE,FALSE,FALSE,FALSE,TRUE,1
160002549553_J0010,160002549553,FALSE,FALSE,FALSE,FALSE,TRUE,1
160002549553_J0011,160002549553,FALSE,FALSE,FALSE,FALSE,TRUE,1
160002549553_J0012,160002549553,FALSE,FALSE,FALSE,FALSE,FALSE,0
160002549553_J0013,160002549553,FALSE,FALSE,FALSE,TRUE,FALSE,1
160002549553_J0014,160002549553,FALSE,FALSE,FALSE,FALSE,TRUE,1
160002549553_J0015,160002549553,FALSE,FALSE,FALSE,FALSE,FALSE,0
160002549553_J0016,160002549553,FALSE,FALSE,FALSE,FALSE,FALSE,0
160002549553_J0017,160002549553,FALSE,FALSE,FALSE,FALSE,FALSE,0
160002549553_J0018,160002549553,FALSE,FALSE,FALSE,FALSE,FALSE,0
160002549553_J0019,160002549553,FALSE,FALSE,FALSE,FALSE,FALSE,0
160002549553_J0020,160002549553,FALSE,FALSE,TRUE,FALSE,FALSE,1
160002549553_J0021,160002549553,FALSE,FALSE,FALSE,FALSE,FALSE,0
160002549553_J0022,160002549553,FALSE,FALSE,FALSE,TRUE,FALSE,1
160002549553_J0023,160002549553,FALSE,FALSE,FALSE,FALSE,FALSE,0
160002549553_J0024,160002549553,FALSE,FALSE,FALSE,TRUE,FALSE,1
160002549553_J0025,160002549553,FALSE,FALSE,FALSE,FALSE,FALSE,0
160002549553_J0026,160002549553,FALSE,FALSE,FALSE,FALSE,FALSE,0
160002549553_J0027,160002549553,FALSE,FALSE,FALSE,FALSE,TRUE,1
160002549553_J0028,160002549553,FALSE,FALSE,FALSE,FALSE,FALSE,0
160002549553_J0029,160002549553,FALSE,FALSE,FALSE,FALSE,FALSE,0
160002549553_J0030,160002549553,FALSE,FALSE,FALSE,TRUE,FALSE,1
160002549553_J0031,160002549553,FALSE,FALSE,FALSE,FALSE,FALSE,0
160002549553_J0032,160002549553,FALSE,FALSE,FALSE,FALSE,TRUE,1
160002549553_J0033,160002549553,FALSE,FALSE,FALSE,TRUE,TRUE,2
160002549553_J0034,160002549553,FALSE,FALSE,FALSE,FALSE,FALSE,0
160002549553_J0035,160002549553,FALSE,FALSE,FALSE,FALSE,FALSE,0
160002549553_J0036,160002549553,FALSE,FALSE,FALSE,TRUE,FALSE,1
160002549553_J0037,160002549553,FALSE,FALSE,FALSE,TRUE,FALSE,1
160002549553_J0038,160002549553,FALSE,FALSE,FALSE,FALSE,FALSE,0
160002549553_J0039,160002549553,FALSE,FALSE,FALSE,FALSE,FALSE,0
160002549553_J0040,160002549553,FALSE,TRUE,FALSE,TRUE,TRUE,3
160002549553_J0041,160002549553,FALSE,FALSE,FALSE,FALSE,FALSE,0
160002549553_J0042,160002549553,FALSE,FALSE,FALSE,FALSE,FALSE,0
160002549553_J0043,160002549553,FALSE,FALSE,FALSE,TRUE,FALSE,1
160002549553_J0044,160002549553,FALSE,FALSE,FALSE,TRUE,FALSE,1
160002549553_J0045,160002549553,FALSE,FALSE,FALSE,FALSE,FALSE,0
160002549553_J0046,160002549553,FALSE,FALSE,FALSE,FALSE,FALSE,0
160002549553_J0047,160002549553,FALSE,FALSE,FALSE,FALSE,FALSE,0
160002549553_J0048,160002549553,FALSE,FALSE,FALSE,FALSE,FALSE,0
160002549553_J0049,160002549553,FALSE,FALSE,FALSE,FALSE,FALSE,0
160002549553_J0050,160002549553,FALSE,FALSE,FALSE,FALSE,FALSE,0
160002551353_J0001,160002551353,FALSE,FALSE,FALSE,FALSE,TRUE,1
160002551353_J0002,160002551353,FALSE,FALSE,FALSE,FALSE,TRUE,1
160002551353_J0003,160002551353,FALSE,FALSE,FALSE,FALSE,FALSE,0
160002551353_J0004,160002551353,FALSE,FALSE,FALSE,FALSE,FALSE,0
160002551353_J0005,160002551353,FALSE,FALSE,FALSE,FALSE,TRUE,1
160002551353_J0006,160002551353,FALSE,FALSE,FALSE,FALSE,FALSE,0
160002551353_J0007,160002551353,FALSE,FALSE,FALSE,FALSE,FALSE,0
170002536575_J0001,170002536575,FALSE,FALSE,FALSE,FALSE,TRUE,1
170002537227_J0001,170002537227,FALSE,FALSE,FALSE,FALSE,FALSE,0
170002537227_J0002,170002537227,FALSE,FALSE,FALSE,FALSE,FALSE,0
170002537227_J0003,170002537227,FALSE,FALSE,FALSE,FALSE,FALSE,0
170002537227_J0004,170002537227,FALSE,FALSE,FALSE,FALSE,FALSE,0
170002537227_J0005,170002537227,FALSE,FALSE,FALSE,FALSE,FALSE,0
170002537227_J0006,170002537227,FALSE,FALSE,FALSE,FALSE,FALSE,0
170002537227_J0007,170002537227,FALSE,FALSE,FALSE,FALSE,FALSE,0
170002537227_J0008,170002537227,FALSE,FALSE,FALSE,FALSE,FALSE,0
170002537227_J0009,170002537227,TRUE,FALSE,FALSE,TRUE,TRUE,3
170002537227_J0010,170002537227,FALSE,FALSE,FALSE,FALSE,FALSE,0
170002537227_J0011,170002537227,FALSE,FALSE,FALSE,TRUE,FALSE,1
170002537227_J0012,170002537227,FALSE,FALSE,FALSE,FALSE,FALSE,0
170002537227_J0013,170002537227,FALSE,FALSE,FALSE,FALSE,FALSE,0
170002537227_J0014,170002537227,FALSE,FALSE,FALSE,FALSE,FALSE,0
170002537227_J0015,170002537227,TRUE,FALSE,TRUE,FALSE,FALSE,2
170002537227_J0016,170002537227,FALSE,FALSE,FALSE,FALSE,FALSE,0
170002537227_J0017,170002537227,FALSE,FALSE,FALSE,FALSE,FALSE,0
170002537227_J0018,170002537227,FALSE,FALSE,FALSE,FALSE,TRUE,1
170002537227_J0019,170002537227,FALSE,FALSE,FALSE,FALSE,TRUE,1
170002537227_J0020,170002537227,FALSE,FALSE,FALSE,FALSE,FALSE,0
170002537227_J0021,170002537227,FALSE,FALSE,FALSE,FALSE,FALSE,0
170002537230_J0001,170002537230,FALSE,FALSE,FALSE,FALSE,FALSE,0
170002537230_J0002,170002537230,FALSE,FALSE,FALSE,TRUE,TRUE,2
170002537230_J0003,170002537230,FALSE,FALSE,FALSE,FALSE,FALSE,0
170002537230_J0004,170002537230,FALSE,FALSE,FALSE,FALSE,FALSE,0
170002537230_J0005,170002537230,FALSE,FALSE,FALSE,FALSE,FALSE,0
170002537230_J0006,170002537230,FALSE,FALSE,FALSE,FALSE,FALSE,0
170002537230_J0007,170002537230,FALSE,FALSE,FALSE,FALSE,FALSE,0
170002537230_J0008,170002537230,FALSE,FALSE,TRUE,FALSE,TRUE,2
170002537230_J0009,170002537230,FALSE,FALSE,FALSE,FALSE,FALSE,0
170002537230_J0010,170002537230,FALSE,FALSE,FALSE,FALSE,FALSE,0
170002537320_J0001,170002537320,FALSE,FALSE,FALSE,FALSE,TRUE,1
170002537320_J0002,170002537320,FALSE,FALSE,FALSE,FALSE,FALSE,0
170002538097_J0001,170002538097,FALSE,FALSE,FALSE,FALSE,FALSE,0
170002538097_J0002,170002538097,FALSE,FALSE,FALSE,FALSE,FALSE,0
170002538097_J0003,170002538097,FALSE,FALSE,FALSE,FALSE,FALSE,0
170002538097_J0004,170002538097,FALSE,FALSE,FALSE,FALSE,TRUE,1
170002538097_J0005,170002538097,FALSE,FALSE,FALSE,FALSE,TRUE,1
170002538097_J0006,170002538097,FALSE,FALSE,FALSE,FALSE,FALSE,0
170002538097_J0007,170002538097,FALSE,FALSE,FALSE,FALSE,FALSE,0
170002538097_J0008,170002538097,FALSE,FALSE,FALSE,FALSE,TRUE,1
170002538097_J0009,170002538097,FALSE,FALSE,FALSE,FALSE,TRUE,1
170002538097_J0010,170002538097,FALSE,TRUE,TRUE,FALSE,FALSE,2
170002538097_J0011,170002538097,FALSE,FALSE,FALSE,FALSE,FALSE,0
170002538097_J0012,170002538097,FALSE,FALSE,FALSE,FALSE,TRUE,1
170002538097_J0013,170002538097,FALSE,FALSE,FALSE,FALSE,FALSE,0
170002540337_J0001,170002540337,FALSE,FALSE,FALSE,FALSE,FALSE,0
170002540337_J0002,170002540337,FALSE,FALSE,FALSE,FALSE,FALSE,0
170002540337_J0003,170002540337,FALSE,FALSE,FALSE,FALSE,FALSE,0
170002540337_J0004,170002540337,FALSE,FALSE,FALSE,FALSE,FALSE,0
170002540337_J0005,170002540337,FALSE,FALSE,FALSE,FALSE,FALSE,0
170002540337_J0006,170002540337,FALSE,FALSE,FALSE,FALSE,FALSE,0
170002540337_J0007,170002540337,FALSE,FALSE,FALSE,FALSE,FALSE,0
170002540337_J0008,170002540337,FALSE,FALSE,FALSE,FALSE,FALSE,0
170002540337_J0009,170002540337,FALSE,FALSE,FALSE,FALSE,FALSE,0
170002540337_J0010,170002540337,FALSE,FALSE,FALSE,FALSE,FALSE,0
170002540337_J0011,170002540337,FALSE,FALSE,FALSE,FALSE,FALSE,0
170002540337_J0012,170002540337,FALSE,FALSE,FALSE,FALSE,FALSE,0
170002540337_J0013,170002540337,FALSE,FALSE,FALSE,FALSE,TRUE,1
170002540337_J0014,170002540337,FALSE,FALSE,FALSE,FALSE,FALSE,0
170002540337_J0015,170002540337,FALSE,FALSE,FALSE,FALSE,FALSE,0
170002540337_J0016,170002540337,FALSE,FALSE,FALSE,FALSE,TRUE,1
170002540337_J0017,170002540337,FALSE,FALSE,FALSE,TRUE,TRUE,2
170002540337_J0018,170002540337,FALSE,FALSE,FALSE,TRUE,TRUE,2
170002540337_J0019,170002540337,FALSE,FALSE,FALSE,FALSE,TRUE,1
170002552776_J0001,170002552776,FALSE,FALSE,FALSE,FALSE,FALSE,0
180002532987_J0001,180002532987,TRUE,TRUE,TRUE,TRUE,TRUE,5
180002532987_J0002,180002532987,FALSE,TRUE,FALSE,FALSE,FALSE,1
180002532987_J0003,180002532987,FALSE,FALSE,FALSE,FALSE,FALSE,0
180002532987_J0004,180002532987,FALSE,TRUE,FALSE,FALSE,TRUE,2
180002532987_J0005,180002532987,FALSE,FALSE,FALSE,TRUE,TRUE,2
180002532987_J0006,180002532987,FALSE,FALSE,FALSE,FALSE,FALSE,0
180002538530_J0001,180002538530,FALSE,FALSE,FALSE,FALSE,FALSE,0
180002538530_J0002,180002538530,FALSE,FALSE,FALSE,FALSE,TRUE,1
180002538530_J0003,180002538530,FALSE,FALSE,FALSE,FALSE,FALSE,0
180002538530_J0004,180002538530,FALSE,FALSE,FALSE,FALSE,TRUE,1
180002538530_J0005,180002538530,FALSE,FALSE,FALSE,FALSE,FALSE,0
180002538530_J0006,180002538530,FALSE,FALSE,FALSE,FALSE,FALSE,0
180002538530_J0007,180002538530,FALSE,FALSE,FALSE,FALSE,FALSE,0
180002538530_J0008,180002538530,FALSE,FALSE,FALSE,FALSE,FALSE,0
180002538530_J0009,180002538530,FALSE,FALSE,FALSE,FALSE,FALSE,0
180002538530_J0010,180002538530,FALSE,FALSE,FALSE,FALSE,FALSE,0
180002538530_J0011,180002538530,FALSE,FALSE,FALSE,FALSE,FALSE,0
180002538530_J0012,180002538530,FALSE,FALSE,FALSE,FALSE,FALSE,0
180002538530_J0013,180002538530,FALSE,FALSE,FALSE,FALSE,FALSE,0
180002538530_J0014,180002538530,FALSE,FALSE,FALSE,FALSE,FALSE,0
180002538530_J0015,180002538530,FALSE,FALSE,FALSE,FALSE,FALSE,0
180002538530_J0016,180002538530,FALSE,FALSE,FALSE,FALSE,TRUE,1
180002538530_J0017,180002538530,FALSE,FALSE,FALSE,FALSE,FALSE,0
180002538530_J0018,180002538530,FALSE,FALSE,FALSE,TRUE,FALSE,1
180002538530_J0019,180002538530,FALSE,FALSE,FALSE,FALSE,FALSE,0
180002538530_J0020,180002538530,FALSE,FALSE,FALSE,FALSE,FALSE,0
180002538530_J0021,180002538530,FALSE,FALSE,FALSE,TRUE,TRUE,2
180002538530_J0022,180002538530,FALSE,FALSE,FALSE,FALSE,TRUE,1
180002549970_J0001,180002549970,FALSE,FALSE,FALSE,FALSE,TRUE,1
180002549970_J0002,180002549970,FALSE,FALSE,FALSE,TRUE,TRUE,2
180002549970_J0003,180002549970,FALSE,FALSE,FALSE,FALSE,FALSE,0
190002536162_J0003,190002536162,FALSE,FALSE,FALSE,FALSE,TRUE,1
190002536162_J0004,190002536162,FALSE,FALSE,FALSE,TRUE,TRUE,2
190002536162_J0005,190002536162,FALSE,FALSE,FALSE,FALSE,FALSE,0
190002536162_J0006,190002536162,FALSE,FALSE,TRUE,TRUE,TRUE,3
190002536162_J0007,190002536162,FALSE,FALSE,FALSE,FALSE,FALSE,0
190002536162_J0008,190002536162,FALSE,FALSE,FALSE,TRUE,TRUE,2
190002536162_J0009,190002536162,FALSE,FALSE,FALSE,FALSE,TRUE,1
190002536162_J0010,190002536162,FALSE,FALSE,FALSE,FALSE,FALSE,0
190002536162_J0011,190002536162,FALSE,FALSE,FALSE,FALSE,FALSE,0
190002536162_J0012,190002536162,FALSE,FALSE,FALSE,TRUE,TRUE,2
190002536162_J0013,190002536162,FALSE,FALSE,FALSE,TRUE,FALSE,1
190002536162_J0014,190002536162,FALSE,FALSE,FALSE,TRUE,FALSE,1
190002536162_J0015,190002536162,FALSE,FALSE,FALSE,TRUE,TRUE,2
190002536162_J0016,190002536162,FALSE,FALSE,FALSE,TRUE,FALSE,1
190002536162_J0017,190002536162,FALSE,FALSE,FALSE,FALSE,FALSE,0
190002536162_J0018,190002536162,FALSE,FALSE,FALSE,FALSE,FALSE,0
190002536162_J0019,190002536162,FALSE,FALSE,FALSE,FALSE,FALSE,0
190002536162_J0020,190002536162,FALSE,FALSE,FALSE,FALSE,FALSE,0
190002536162_J0021,190002536162,FALSE,FALSE,FALSE,FALSE,TRUE,1
190002536162_J0022,190002536162,FALSE,FALSE,FALSE,FALSE,FALSE,0
190002536162_J0023,190002536162,FALSE,FALSE,FALSE,FALSE,FALSE,0
190002536162_J0024,190002536162,FALSE,FALSE,FALSE,FALSE,FALSE,0
190002536162_J0025,190002536162,FALSE,FALSE,FALSE,FALSE,TRUE,1
190002537524_J0001,190002537524,FALSE,FALSE,FALSE,FALSE,FALSE,0
190002537524_J0002,190002537524,FALSE,FALSE,FALSE,FALSE,FALSE,0
190002537524_J0003,190002537524,FALSE,FALSE,FALSE,FALSE,FALSE,0
190002537524_J0004,190002537524,FALSE,FALSE,FALSE,FALSE,FALSE,0
190002537524_J0005,190002537524,FALSE,FALSE,FALSE,FALSE,FALSE,0
190002537524_J0006,190002537524,FALSE,FALSE,FALSE,FALSE,FALSE,0
190002537524_J0007,190002537524,FALSE,FALSE,FALSE,FALSE,FALSE,0
190002537524_J0008,190002537524,FALSE,FALSE,FALSE,FALSE,FALSE,0
190002537524_J0009,190002537524,FALSE,FALSE,FALSE,FALSE,FALSE,0
190002537524_J0010,190002537524,FALSE,FALSE,FALSE,FALSE,FALSE,0
190002537524_J0011,190002537524,FALSE,FALSE,TRUE,FALSE,FALSE,1
190002537524_J0012,190002537524,FALSE,FALSE,FALSE,FALSE,FALSE,0
190002537524_J0013,190002537524,TRUE,TRUE,FALSE,FALSE,TRUE,3
190002537524_J0014,190002537524,FALSE,FALSE,FALSE,TRUE,FALSE,1
190002537524_J0015,190002537524,FALSE,TRUE,FALSE,FALSE,FALSE,1
190002537524_J0016,190002537524,TRUE,FALSE,TRUE,TRUE,FALSE,3
190002537524_J0017,190002537524,FALSE,FALSE,FALSE,FALSE,FALSE,0
190002537524_J0018,190002537524,TRUE,FALSE,TRUE,FALSE,FALSE,2
190002537524_J0019,190002537524,FALSE,FALSE,FALSE,FALSE,FALSE,0
190002537524_J0020,190002537524,FALSE,FALSE,FALSE,FALSE,FALSE,0
190002537524_J0021,190002537524,FALSE,FALSE,TRUE,FALSE,FALSE,1
190002542887_J0001,190002542887,FALSE,FALSE,FALSE,FALSE,FALSE,0
190002542887_J0002,190002542887,FALSE,FALSE,FALSE,FALSE,FALSE,0
190002542887_J0003,190002542887,FALSE,FALSE,FALSE,FALSE,FALSE,0
190002542887_J0004,190002542887,FALSE,FALSE,FALSE,TRUE,FALSE,1
190002542887_J0005,190002542887,FALSE,FALSE,FALSE,FALSE,FALSE,0
190002542887_J0006,190002542887,FALSE,FALSE,FALSE,FALSE,FALSE,0
190002542887_J0007,190002542887,FALSE,FALSE,FALSE,FALSE,FALSE,0
190002542887_J0008,190002542887,FALSE,FALSE,FALSE,TRUE,TRUE,2
190002543380_J0001,190002543380,FALSE,FALSE,FALSE,FALSE,FALSE,0
190002544120_J0001,190002544120,FALSE,FALSE,FALSE,FALSE,TRUE,1
190002544120_J0002,190002544120,FALSE,FALSE,TRUE,FALSE,TRUE,2
190002544120_J0003,190002544120,TRUE,FALSE,FALSE,FALSE,TRUE,2
190002544120_J0004,190002544120,FALSE,FALSE,FALSE,FALSE,FALSE,0
190002544120_J0005,190002544120,FALSE,FALSE,FALSE,TRUE,FALSE,1
190002544120_J0006,190002544120,FALSE,FALSE,FALSE,FALSE,FALSE,0
190002544120_J0007,190002544120,FALSE,FALSE,FALSE,FALSE,TRUE,1
190002547272_J0001,190002547272,FALSE,FALSE,FALSE,FALSE,FALSE,0
190002552513_J0001,190002552513,FALSE,FALSE,FALSE,FALSE,FALSE,0
200002534001_J0001,200002534001,FALSE,FALSE,FALSE,FALSE,FALSE,0
200002534001_J0002,200002534001,FALSE,FALSE,FALSE,FALSE,FALSE,0
200002534001_J0003,200002534001,FALSE,FALSE,FALSE,FALSE,FALSE,0
200002534001_J0004,200002534001,FALSE,FALSE,FALSE,FALSE,FALSE,0
200002534001_J0005,200002534001,FALSE,FALSE,FALSE,FALSE,FALSE,0
200002534001_J0006,200002534001,FALSE,FALSE,FALSE,FALSE,FALSE,0
200002534001_J0007,200002534001,FALSE,FALSE,FALSE,FALSE,FALSE,0
200002534001_J0008,200002534001,FALSE,FALSE,FALSE,FALSE,FALSE,0
200002534001_J0009,200002534001,FALSE,FALSE,FALSE,FALSE,FALSE,0
200002534001_J0010,200002534001,FALSE,FALSE,FALSE,FALSE,FALSE,0
200002534001_J0011,200002534001,FALSE,FALSE,FALSE,FALSE,FALSE,0
200002534001_J0012,200002534001,FALSE,FALSE,FALSE,FALSE,FALSE,0
200002534001_J0013,200002534001,FALSE,FALSE,FALSE,FALSE,FALSE,0
200002534001_J0014,200002534001,FALSE,FALSE,FALSE,FALSE,FALSE,0
200002534442_J0001,200002534442,FALSE,FALSE,FALSE,FALSE,FALSE,0
200002534442_J0002,200002534442,FALSE,FALSE,FALSE,FALSE,FALSE,0
200002534442_J0003,200002534442,FALSE,FALSE,FALSE,FALSE,FALSE,0
200002534442_J0004,200002534442,FALSE,FALSE,FALSE,TRUE,FALSE,1
200002534442_J0005,200002534442,FALSE,FALSE,FALSE,FALSE,FALSE,0
200002534442_J0006,200002534442,FALSE,FALSE,TRUE,FALSE,FALSE,1
200002534442_J0007,200002534442,FALSE,FALSE,FALSE,TRUE,TRUE,2
200002534442_J0008,200002534442,FALSE,FALSE,FALSE,FALSE,FALSE,0
200002534442_J0009,200002534442,FALSE,FALSE,FALSE,TRUE,FALSE,1
200002534442_J0010,200002534442,FALSE,FALSE,FALSE,FALSE,TRUE,1
200002534442_J0011,200002534442,FALSE,FALSE,FALSE,FALSE,FALSE,0
200002534442_J0012,200002534442,FALSE,FALSE,FALSE,FALSE,TRUE,1
200002534442_J0013,200002534442,FALSE,FALSE,FALSE,FALSE,FALSE,0
200002534442_J0014,200002534442,FALSE,FALSE,FALSE,FALSE,FALSE,0
200002534442_J0015,200002534442,FALSE,FALSE,FALSE,TRUE,FALSE,1
200002534442_J0016,200002534442,FALSE,FALSE,FALSE,TRUE,FALSE,1
200002534442_J0017,200002534442,FALSE,FALSE,FALSE,FALSE,TRUE,1
200002534442_J0018,200002534442,FALSE,FALSE,FALSE,FALSE,FALSE,0
200002535255_J0001,200002535255,FALSE,FALSE,FALSE,FALSE,FALSE,0
200002535255_J0002,200002535255,FALSE,FALSE,FALSE,FALSE,TRUE,1
200002535255_J0003,200002535255,FALSE,FALSE,FALSE,FALSE,FALSE,0
200002535255_J0004,200002535255,FALSE,FALSE,FALSE,FALSE,FALSE,0
200002542481_J0001,200002542481,FALSE,FALSE,FALSE,FALSE,FALSE,0
200002546757_J0001,200002546757,FALSE,FALSE,FALSE,FALSE,FALSE,0
200002546757_J0002,200002546757,FALSE,FALSE,TRUE,FALSE,FALSE,1
200002547826_J0001,200002547826,FALSE,FALSE,FALSE,FALSE,FALSE,0
20002539642_J0001,20002539642,FALSE,FALSE,FALSE,FALSE,FALSE,0
20002539642_J0002,20002539642,FALSE,FALSE,FALSE,TRUE,TRUE,2
20002539642_J0003,20002539642,FALSE,FALSE,FALSE,FALSE,FALSE,0
20002553350_J0001,20002553350,FALSE,TRUE,FALSE,FALSE,FALSE,1
20002553350_J0002,20002553350,FALSE,FALSE,FALSE,FALSE,FALSE,0
20002553350_J0003,20002553350,FALSE,TRUE,FALSE,FALSE,FALSE,1
20002553350_J0004,20002553350,FALSE,FALSE,FALSE,FALSE,FALSE,0
20002553350_J0005,20002553350,FALSE,FALSE,FALSE,FALSE,TRUE,1
20002553350_J0006,20002553350,FALSE,FALSE,FALSE,FALSE,FALSE,0
20002553350_J0007,20002553350,FALSE,FALSE,FALSE,FALSE,FALSE,0
20002553350_J0008,20002553350,FALSE,FALSE,FALSE,FALSE,FALSE,0
20002553350_J0009,20002553350,FALSE,FALSE,FALSE,FALSE,FALSE,0
20002553745_J0001,20002553745,FALSE,FALSE,FALSE,FALSE,FALSE,0
20002553745_J0002,20002553745,FALSE,FALSE,FALSE,FALSE,FALSE,0
20002553745_J0003,20002553745,FALSE,FALSE,FALSE,TRUE,TRUE,2
20002553745_J0004,20002553745,FALSE,TRUE,FALSE,FALSE,TRUE,2
20002553745_J0005,20002553745,FALSE,FALSE,FALSE,FALSE,FALSE,0
20002553745_J0006,20002553745,FALSE,FALSE,FALSE,FALSE,FALSE,0
20002553745_J0007,20002553745,FALSE,FALSE,FALSE,TRUE,TRUE,2
20002553745_J0008,20002553745,FALSE,FALSE,FALSE,FALSE,FALSE,0
20002553745_J0009,20002553745,FALSE,FALSE,FALSE,FALSE,FALSE,0
210002533355_J0001,210002533355,TRUE,TRUE,TRUE,FALSE,FALSE,3
210002533355_J0002,210002533355,FALSE,FALSE,FALSE,FALSE,FALSE,0
210002535802_J0001,210002535802,FALSE,FALSE,FALSE,FALSE,FALSE,0
210002535802_J0002,210002535802,FALSE,FALSE,FALSE,FALSE,FALSE,0
210002535802_J0003,210002535802,FALSE,FALSE,FALSE,FALSE,TRUE,1
210002535802_J0004,210002535802,FALSE,FALSE,FALSE,FALSE,FALSE,0
210002535802_J0005,210002535802,FALSE,FALSE,FALSE,FALSE,FALSE,0
210002535802_J0006,210002535802,FALSE,FALSE,FALSE,FALSE,FALSE,0
210002535802_J0007,210002535802,FALSE,FALSE,FALSE,FALSE,FALSE,0
210002535802_J0008,210002535802,FALSE,FALSE,FALSE,FALSE,FALSE,0
210002535802_J0009,210002535802,FALSE,FALSE,FALSE,FALSE,FALSE,0
210002535802_J0010,210002535802,FALSE,FALSE,FALSE,FALSE,FALSE,0
210002535802_J0011,210002535802,FALSE,FALSE,FALSE,FALSE,FALSE,0
210002535802_J0012,210002535802,FALSE,FALSE,FALSE,FALSE,FALSE,0
210002535802_J0013,210002535802,FALSE,FALSE,FALSE,FALSE,FALSE,0
210002535802_J0014,210002535802,FALSE,FALSE,FALSE,FALSE,FALSE,0
210002535802_J0015,210002535802,FALSE,FALSE,TRUE,FALSE,FALSE,1
210002535802_J0016,210002535802,FALSE,FALSE,FALSE,FALSE,FALSE,0
210002535802_J0017,210002535802,FALSE,FALSE,FALSE,FALSE,FALSE,0
210002535802_J0018,210002535802,FALSE,FALSE,FALSE,FALSE,FALSE,0
210002535802_J0019,210002535802,FALSE,FALSE,FALSE,FALSE,FALSE,0
210002535802_J0020,210002535802,FALSE,FALSE,FALSE,FALSE,FALSE,0
210002535802_J0021,210002535802,FALSE,FALSE,FALSE,FALSE,FALSE,0
210002535802_J0022,210002535802,FALSE,FALSE,FALSE,FALSE,FALSE,0
210002535802_J0023,210002535802,FALSE,FALSE,FALSE,FALSE,FALSE,0
210002535802_J0024,210002535802,FALSE,FALSE,FALSE,FALSE,FALSE,0
210002535802_J0025,210002535802,FALSE,FALSE,FALSE,FALSE,FALSE,0
210002535802_J0026,210002535802,FALSE,FALSE,FALSE,FALSE,FALSE,0
210002535802_J0027,210002535802,FALSE,FALSE,FALSE,FALSE,FALSE,0
210002535802_J0028,210002535802,FALSE,FALSE,FALSE,FALSE,FALSE,0
210002535802_J0029,210002535802,FALSE,FALSE,FALSE,FALSE,FALSE,0
210002535802_J0030,210002535802,FALSE,FALSE,FALSE,FALSE,FALSE,0
210002535802_J0031,210002535802,FALSE,FALSE,FALSE,FALSE,FALSE,0
210002535802_J0032,210002535802,FALSE,FALSE,FALSE,FALSE,FALSE,0
210002535802_J0033,210002535802,FALSE,FALSE,FALSE,FALSE,FALSE,0
210002535802_J0034,210002535802,FALSE,FALSE,FALSE,FALSE,FALSE,0
210002535802_J0035,210002535802,FALSE,FALSE,FALSE,FALSE,FALSE,0
210002535802_J0036,210002535802,FALSE,FALSE,FALSE,FALSE,FALSE,0
210002535802_J0037,210002535802,FALSE,FALSE,FALSE,FALSE,FALSE,0
210002535802_J0038,210002535802,FALSE,FALSE,FALSE,FALSE,FALSE,0
210002535802_J0039,210002535802,FALSE,FALSE,FALSE,FALSE,FALSE,0
210002535802_J0040,210002535802,FALSE,FALSE,FALSE,FALSE,FALSE,0
210002535802_J0041,210002535802,FALSE,FALSE,FALSE,FALSE,FALSE,0
210002535802_J0042,210002535802,FALSE,FALSE,FALSE,FALSE,FALSE,0
210002535802_J0043,210002535802,FALSE,FALSE,FALSE,FALSE,FALSE,0
210002535802_J0044,210002535802,FALSE,FALSE,FALSE,FALSE,FALSE,0
210002535802_J0045,210002535802,FALSE,FALSE,FALSE,FALSE,FALSE,0
210002535802_J0046,210002535802,FALSE,FALSE,FALSE,FALSE,FALSE,0
210002535802_J0047,210002535802,FALSE,FALSE,FALSE,FALSE,FALSE,0
210002535802_J0048,210002535802,FALSE,FALSE,FALSE,FALSE,FALSE,0
210002535802_J0049,210002535802,FALSE,FALSE,FALSE,FALSE,FALSE,0
210002535802_J0050,210002535802,FALSE,FALSE,FALSE,FALSE,FALSE,0
210002535802_J0051,210002535802,FALSE,FALSE,FALSE,FALSE,FALSE,0
210002535802_J0052,210002535802,FALSE,FALSE,FALSE,FALSE,FALSE,0
210002535802_J0053,210002535802,FALSE,FALSE,FALSE,FALSE,FALSE,0
210002535802_J0054,210002535802,FALSE,FALSE,FALSE,FALSE,FALSE,0
210002535802_J0055,210002535802,FALSE,FALSE,FALSE,FALSE,FALSE,0
210002535802_J0056,210002535802,FALSE,FALSE,FALSE,FALSE,FALSE,0
210002535802_J0057,210002535802,FALSE,FALSE,FALSE,FALSE,FALSE,0
210002535802_J0058,210002535802,FALSE,FALSE,FALSE,FALSE,TRUE,1
210002535802_J0059,210002535802,FALSE,FALSE,FALSE,FALSE,FALSE,0
210002535802_J0060,210002535802,FALSE,FALSE,FALSE,FALSE,FALSE,0
210002535802_J0061,210002535802,FALSE,FALSE,FALSE,FALSE,FALSE,0
210002535802_J0062,210002535802,FALSE,FALSE,FALSE,FALSE,FALSE,0
210002535802_J0063,210002535802,FALSE,FALSE,FALSE,FALSE,FALSE,0
210002535802_J0064,210002535802,FALSE,FALSE,FALSE,FALSE,FALSE,0
210002535802_J0065,210002535802,FALSE,FALSE,FALSE,FALSE,FALSE,0
210002535802_J0066,210002535802,FALSE,FALSE,FALSE,FALSE,FALSE,0
210002535802_J0067,210002535802,FALSE,FALSE,FALSE,FALSE,FALSE,0
210002535802_J0068,210002535802,FALSE,FALSE,FALSE,FALSE,FALSE,0
210002535802_J0069,210002535802,FALSE,FALSE,FALSE,FALSE,FALSE,0
210002535802_J0070,210002535802,FALSE,FALSE,FALSE,FALSE,FALSE,0
210002535802_J0071,210002535802,FALSE,FALSE,TRUE,FALSE,TRUE,2
210002535802_J0072,210002535802,FALSE,FALSE,FALSE,FALSE,FALSE,0
210002535802_J0073,210002535802,FALSE,FALSE,FALSE,FALSE,TRUE,1
210002535802_J0074,210002535802,FALSE,FALSE,FALSE,FALSE,FALSE,0
210002535802_J0075,210002535802,FALSE,FALSE,FALSE,FALSE,FALSE,0
210002535802_J0076,210002535802,FALSE,FALSE,FALSE,FALSE,FALSE,0
210002535802_J0077,210002535802,FALSE,FALSE,FALSE,FALSE,FALSE,0
210002535802_J0078,210002535802,FALSE,FALSE,FALSE,FALSE,FALSE,0
210002535802_J0079,210002535802,FALSE,FALSE,FALSE,FALSE,FALSE,0
210002535802_J0080,210002535802,FALSE,FALSE,FALSE,FALSE,FALSE,0
210002535802_J0081,210002535802,FALSE,FALSE,FALSE,FALSE,FALSE,0
210002535802_J0082,210002535802,FALSE,FALSE,FALSE,FALSE,FALSE,0
210002535802_J0083,210002535802,FALSE,FALSE,FALSE,FALSE,FALSE,0
210002535802_J0084,210002535802,FALSE,FALSE,FALSE,FALSE,FALSE,0
210002535802_J0085,210002535802,FALSE,FALSE,FALSE,FALSE,FALSE,0
210002535802_J0086,210002535802,FALSE,FALSE,FALSE,FALSE,FALSE,0
210002535802_J0087,210002535802,FALSE,FALSE,FALSE,FALSE,FALSE,0
210002535802_J0088,210002535802,FALSE,FALSE,FALSE,FALSE,FALSE,0
210002535802_J0089,210002535802,FALSE,FALSE,FALSE,FALSE,FALSE,0
210002535802_J0090,210002535802,FALSE,FALSE,FALSE,FALSE,FALSE,0
210002535802_J0091,210002535802,FALSE,FALSE,FALSE,FALSE,FALSE,0
210002535802_J0092,210002535802,FALSE,FALSE,FALSE,FALSE,FALSE,0
210002535802_J0093,210002535802,FALSE,FALSE,FALSE,FALSE,FALSE,0
210002535802_J0094,210002535802,FALSE,FALSE,FALSE,FALSE,FALSE,0
210002535802_J0095,210002535802,FALSE,FALSE,FALSE,FALSE,FALSE,0
210002535802_J0096,210002535802,FALSE,FALSE,FALSE,FALSE,FALSE,0
210002535802_J0097,210002535802,FALSE,FALSE,FALSE,FALSE,FALSE,0
210002535802_J0098,210002535802,FALSE,FALSE,FALSE,FALSE,FALSE,0
210002535802_J0099,210002535802,FALSE,FALSE,FALSE,FALSE,FALSE,0
210002535802_J0100,210002535802,FALSE,FALSE,FALSE,FALSE,FALSE,0
210002541367_J0001,210002541367,FALSE,FALSE,FALSE,FALSE,FALSE,0
210002541367_J0004,210002541367,FALSE,FALSE,FALSE,FALSE,FALSE,0
210002541367_J0005,210002541367,FALSE,FALSE,FALSE,FALSE,FALSE,0
210002541367_J0006,210002541367,FALSE,FALSE,FALSE,FALSE,FALSE,0
210002541367_J0007,210002541367,FALSE,FALSE,TRUE,FALSE,FALSE,1
210002541367_J0008,210002541367,FALSE,FALSE,TRUE,FALSE,FALSE,1
210002541367_J0009,210002541367,TRUE,FALSE,TRUE,FALSE,FALSE,2
210002541367_J0010,210002541367,FALSE,FALSE,FALSE,FALSE,FALSE,0
210002541367_J0011,210002541367,TRUE,FALSE,TRUE,FALSE,FALSE,2
210002541367_J0012,210002541367,FALSE,FALSE,FALSE,FALSE,FALSE,0
210002541367_J0013,210002541367,TRUE,TRUE,TRUE,FALSE,FALSE,3
210002541367_J0014,210002541367,FALSE,TRUE,TRUE,FALSE,FALSE,2
210002541367_J0015,210002541367,FALSE,FALSE,FALSE,FALSE,FALSE,0
210002541367_J0016,210002541367,FALSE,FALSE,FALSE,FALSE,FALSE,0
210002541367_J0017,210002541367,FALSE,FALSE,FALSE,FALSE,FALSE,0
210002541367_J0018,210002541367,FALSE,FALSE,FALSE,FALSE,FALSE,0
210002541367_J0019,210002541367,FALSE,FALSE,FALSE,FALSE,FALSE,0
210002541367_J0020,210002541367,FALSE,TRUE,FALSE,TRUE,TRUE,3
210002541367_J0021,210002541367,FALSE,FALSE,FALSE,FALSE,TRUE,1
210002541367_J0022,210002541367,FALSE,FALSE,FALSE,FALSE,FALSE,0
210002541367_J0023,210002541367,FALSE,FALSE,FALSE,FALSE,FALSE,0
210002541367_J0024,210002541367,TRUE,TRUE,TRUE,FALSE,FALSE,3
210002541367_J0025,210002541367,FALSE,FALSE,FALSE,FALSE,TRUE,1
210002541367_J0026,210002541367,FALSE,FALSE,TRUE,FALSE,FALSE,1
210002541367_J0027,210002541367,FALSE,FALSE,FALSE,FALSE,FALSE,0
210002541367_J0028,210002541367,FALSE,FALSE,TRUE,FALSE,FALSE,1
210002541367_J0029,210002541367,FALSE,FALSE,FALSE,FALSE,FALSE,0
210002541367_J0030,210002541367,FALSE,FALSE,TRUE,FALSE,FALSE,1
210002541367_J0031,210002541367,FALSE,FALSE,TRUE,FALSE,FALSE,1
210002541367_J0032,210002541367,FALSE,FALSE,FALSE,FALSE,FALSE,0
210002541367_J0033,210002541367,FALSE,FALSE,FALSE,FALSE,TRUE,1
210002541367_J0034,210002541367,FALSE,FALSE,FALSE,FALSE,FALSE,0
210002541367_J0035,210002541367,FALSE,FALSE,TRUE,FALSE,FALSE,1
210002541367_J0036,210002541367,FALSE,FALSE,FALSE,FALSE,FALSE,0
210002541367_J0037,210002541367,FALSE,FALSE,FALSE,FALSE,FALSE,0
210002541367_J0038,210002541367,FALSE,FALSE,TRUE,FALSE,FALSE,1
210002542892_J0001,210002542892,FALSE,FALSE,FALSE,FALSE,TRUE,1
210002542892_J0002,210002542892,FALSE,FALSE,FALSE,FALSE,FALSE,0
210002542892_J0003,210002542892,TRUE,FALSE,FALSE,TRUE,FALSE,2
210002542892_J0004,210002542892,FALSE,FALSE,FALSE,FALSE,FALSE,0
210002542892_J0005,210002542892,FALSE,FALSE,TRUE,FALSE,FALSE,1
210002542892_J0006,210002542892,FALSE,FALSE,FALSE,FALSE,FALSE,0
210002542892_J0007,210002542892,FALSE,FALSE,TRUE,FALSE,FALSE,1
210002542892_J0008,210002542892,FALSE,FALSE,FALSE,FALSE,FALSE,0
210002542892_J0009,210002542892,FALSE,FALSE,FALSE,FALSE,FALSE,0
210002542892_J0010,210002542892,FALSE,FALSE,FALSE,FALSE,FALSE,0
210002542892_J0011,210002542892,FALSE,FALSE,FALSE,FALSE,FALSE,0
210002542892_J0012,210002542892,FALSE,FALSE,FALSE,FALSE,FALSE,0
210002542892_J0013,210002542892,FALSE,FALSE,TRUE,FALSE,FALSE,1
210002542892_J0014,210002542892,FALSE,FALSE,TRUE,FALSE,FALSE,1
210002542892_J0015,210002542892,FALSE,FALSE,FALSE,FALSE,TRUE,1
210002542892_J0016,210002542892,FALSE,FALSE,FALSE,FALSE,FALSE,0
210002542892_J0017,210002542892,FALSE,FALSE,FALSE,FALSE,FALSE,0
210002542892_J0018,210002542892,FALSE,FALSE,FALSE,FALSE,FALSE,0
210002542892_J0019,210002542892,TRUE,FALSE,FALSE,FALSE,FALSE,1
210002542892_J0020,210002542892,FALSE,FALSE,FALSE,FALSE,FALSE,0
210002542892_J0021,210002542892,FALSE,FALSE,FALSE,FALSE,FALSE,0
210002542892_J0022,210002542892,FALSE,FALSE,FALSE,FALSE,FALSE,0
210002542892_J0023,210002542892,FALSE,FALSE,FALSE,FALSE,FALSE,0
210002542892_J0024,210002542892,FALSE,FALSE,FALSE,FALSE,FALSE,0
210002542892_J0025,210002542892,FALSE,FALSE,FALSE,FALSE,FALSE,0
210002542892_J0026,210002542892,FALSE,FALSE,FALSE,FALSE,FALSE,0
210002542892_J0027,210002542892,FALSE,FALSE,FALSE,FALSE,FALSE,0
210002542892_J0028,210002542892,FALSE,FALSE,FALSE,FALSE,FALSE,0
210002542892_J0029,210002542892,FALSE,FALSE,FALSE,TRUE,TRUE,2
210002542892_J0030,210002542892,FALSE,FALSE,TRUE,FALSE,FALSE,1
210002542892_J0031,210002542892,FALSE,FALSE,FALSE,FALSE,FALSE,0
210002542892_J0032,210002542892,FALSE,FALSE,FALSE,FALSE,FALSE,0
210002542892_J0033,210002542892,FALSE,FALSE,TRUE,FALSE,FALSE,1
210002542892_J0034,210002542892,FALSE,FALSE,FALSE,FALSE,FALSE,0
210002542892_J0035,210002542892,FALSE,FALSE,FALSE,FALSE,FALSE,0
210002542892_J0036,210002542892,FALSE,FALSE,FALSE,FALSE,FALSE,0
210002542892_J0037,210002542892,FALSE,FALSE,TRUE,FALSE,FALSE,1
210002542892_J0038,210002542892,FALSE,FALSE,FALSE,FALSE,FALSE,0
210002542892_J0039,210002542892,FALSE,FALSE,FALSE,FALSE,TRUE,1
210002542892_J0040,210002542892,FALSE,FALSE,FALSE,FALSE,TRUE,1
210002542892_J0041,210002542892,FALSE,FALSE,FALSE,TRUE,FALSE,1
210002542892_J0042,210002542892,FALSE,FALSE,FALSE,TRUE,TRUE,2
210002542892_J0043,210002542892,FALSE,FALSE,FALSE,TRUE,TRUE,2
210002542892_J0044,210002542892,FALSE,FALSE,FALSE,TRUE,TRUE,2
210002542892_J0045,210002542892,FALSE,FALSE,FALSE,FALSE,FALSE,0
210002542892_J0046,210002542892,FALSE,FALSE,FALSE,FALSE,FALSE,0
210002542892_J0047,210002542892,FALSE,FALSE,FALSE,FALSE,FALSE,0
210002542892_J0048,210002542892,FALSE,FALSE,FALSE,FALSE,TRUE,1
210002542892_J0049,210002542892,FALSE,FALSE,FALSE,FALSE,FALSE,0
210002542892_J0050,210002542892,FALSE,FALSE,FALSE,FALSE,FALSE,0
210002542892_J0051,210002542892,FALSE,FALSE,FALSE,FALSE,FALSE,0
210002542892_J0052,210002542892,FALSE,FALSE,FALSE,FALSE,FALSE,0
210002542892_J0053,210002542892,FALSE,FALSE,FALSE,FALSE,FALSE,0
210002542892_J0054,210002542892,FALSE,FALSE,FALSE,FALSE,FALSE,0
210002547857_J0001,210002547857,FALSE,FALSE,TRUE,FALSE,FALSE,1
210002547857_J0002,210002547857,TRUE,TRUE,TRUE,TRUE,TRUE,5
210002547857_J0003,210002547857,FALSE,FALSE,FALSE,FALSE,FALSE,0
210002547857_J0004,210002547857,FALSE,FALSE,FALSE,FALSE,FALSE,0
210002547857_J0005,210002547857,FALSE,FALSE,FALSE,FALSE,FALSE,0
210002547857_J0006,210002547857,FALSE,FALSE,FALSE,FALSE,FALSE,0
210002547857_J0007,210002547857,FALSE,FALSE,FALSE,FALSE,FALSE,0
210002547857_J0008,210002547857,FALSE,FALSE,FALSE,FALSE,FALSE,0
210002547857_J0009,210002547857,FALSE,FALSE,FALSE,FALSE,FALSE,0
210002547857_J0010,210002547857,FALSE,FALSE,FALSE,FALSE,FALSE,0
210002547857_J0011,210002547857,FALSE,FALSE,FALSE,FALSE,FALSE,0
210002547857_J0012,210002547857,FALSE,FALSE,FALSE,FALSE,FALSE,0
210002547857_J0013,210002547857,FALSE,FALSE,FALSE,FALSE,FALSE,0
210002547857_J0014,210002547857,FALSE,FALSE,FALSE,FALSE,FALSE,0
210002547857_J0015,210002547857,FALSE,FALSE,FALSE,FALSE,TRUE,1
210002547857_J0016,210002547857,FALSE,FALSE,FALSE,FALSE,FALSE,0
210002547857_J0017,210002547857,FALSE,FALSE,FALSE,FALSE,TRUE,1
210002547857_J0018,210002547857,FALSE,FALSE,FALSE,FALSE,FALSE,0
210002547857_J0019,210002547857,FALSE,FALSE,TRUE,FALSE,FALSE,1
210002547857_J0020,210002547857,FALSE,FALSE,TRUE,FALSE,FALSE,1
210002547857_J0021,210002547857,FALSE,FALSE,FALSE,FALSE,FALSE,0
210002547857_J0022,210002547857,FALSE,FALSE,TRUE,FALSE,FALSE,1
210002547857_J0023,210002547857,FALSE,FALSE,TRUE,FALSE,FALSE,1
210002547857_J0024,210002547857,FALSE,FALSE,FALSE,TRUE,TRUE,2
210002547857_J0025,210002547857,FALSE,FALSE,FALSE,FALSE,FALSE,0
210002547857_J0026,210002547857,FALSE,FALSE,FALSE,FALSE,TRUE,1
210002547857_J0027,210002547857,FALSE,FALSE,FALSE,FALSE,FALSE,0
210002547857_J0028,210002547857,FALSE,FALSE,FALSE,FALSE,FALSE,0
210002547857_J0029,210002547857,FALSE,FALSE,FALSE,FALSE,FALSE,0
210002547857_J0030,210002547857,FALSE,FALSE,FALSE,FALSE,FALSE,0
210002547857_J0031,210002547857,FALSE,FALSE,FALSE,FALSE,FALSE,0
210002547857_J0032,210002547857,FALSE,FALSE,TRUE,TRUE,FALSE,2
210002547857_J0033,210002547857,FALSE,FALSE,FALSE,TRUE,FALSE,1
210002547857_J0034,210002547857,FALSE,FALSE,FALSE,FALSE,FALSE,0
210002547857_J0035,210002547857,FALSE,FALSE,FALSE,FALSE,FALSE,0
210002547857_J0036,210002547857,FALSE,FALSE,FALSE,FALSE,TRUE,1
210002547857_J0037,210002547857,FALSE,FALSE,FALSE,FALSE,TRUE,1
210002547857_J0038,210002547857,FALSE,FALSE,FALSE,FALSE,FALSE,0
210002547857_J0039,210002547857,FALSE,FALSE,FALSE,FALSE,TRUE,1
210002547857_J0040,210002547857,FALSE,FALSE,FALSE,FALSE,FALSE,0
210002547857_J0041,210002547857,FALSE,FALSE,FALSE,FALSE,TRUE,1
210002551508_J0001,210002551508,FALSE,FALSE,FALSE,FALSE,FALSE,0
210002551508_J0002,210002551508,FALSE,FALSE,FALSE,FALSE,FALSE,0
210002551508_J0003,210002551508,FALSE,FALSE,FALSE,FALSE,FALSE,0
210002551508_J0005,210002551508,FALSE,FALSE,FALSE,FALSE,TRUE,1
210002551508_J0006,210002551508,FALSE,FALSE,FALSE,FALSE,FALSE,0
210002551508_J0007,210002551508,FALSE,FALSE,FALSE,FALSE,FALSE,0
210002551508_J0008,210002551508,FALSE,FALSE,FALSE,FALSE,FALSE,0
210002551508_J0009,210002551508,FALSE,FALSE,FALSE,FALSE,FALSE,0
210002551508_J0010,210002551508,FALSE,FALSE,FALSE,FALSE,FALSE,0
210002551508_J0011,210002551508,FALSE,FALSE,TRUE,FALSE,FALSE,1
210002551508_J0012,210002551508,FALSE,FALSE,FALSE,FALSE,FALSE,0
210002551508_J0013,210002551508,FALSE,FALSE,TRUE,FALSE,FALSE,1
210002551508_J0014,210002551508,FALSE,FALSE,FALSE,FALSE,FALSE,0
210002551508_J0015,210002551508,FALSE,FALSE,FALSE,FALSE,FALSE,0
210002551508_J0016,210002551508,FALSE,FALSE,FALSE,FALSE,TRUE,1
210002551508_J0017,210002551508,FALSE,FALSE,FALSE,FALSE,FALSE,0
210002551508_J0018,210002551508,FALSE,FALSE,FALSE,FALSE,FALSE,0
210002551508_J0019,210002551508,FALSE,FALSE,FALSE,FALSE,FALSE,0
210002551508_J0020,210002551508,FALSE,FALSE,FALSE,TRUE,FALSE,1
210002551508_J0021,210002551508,FALSE,FALSE,FALSE,FALSE,FALSE,0
210002551508_J0022,210002551508,FALSE,FALSE,FALSE,FALSE,FALSE,0
210002551508_J0023,210002551508,FALSE,TRUE,FALSE,TRUE,TRUE,3
210002551508_J0024,210002551508,FALSE,FALSE,TRUE,FALSE,FALSE,1
210002551508_J0025,210002551508,FALSE,FALSE,FALSE,FALSE,FALSE,0
210002551508_J0026,210002551508,FALSE,FALSE,FALSE,FALSE,FALSE,0
210002551508_J0027,210002551508,FALSE,FALSE,FALSE,FALSE,FALSE,0
210002551508_J0028,210002551508,FALSE,FALSE,FALSE,FALSE,FALSE,0
210002551508_J0029,210002551508,TRUE,FALSE,TRUE,FALSE,FALSE,2
210002551508_J0030,210002551508,FALSE,FALSE,FALSE,FALSE,FALSE,0
210002551508_J0031,210002551508,FALSE,FALSE,FALSE,FALSE,FALSE,0
220002536806_J0001,220002536806,FALSE,FALSE,FALSE,FALSE,FALSE,0
220002536806_J0002,220002536806,FALSE,FALSE,FALSE,FALSE,FALSE,0
220002536806_J0003,220002536806,FALSE,FALSE,FALSE,FALSE,TRUE,1
220002536806_J0004,220002536806,FALSE,FALSE,FALSE,FALSE,FALSE,0
220002536806_J0005,220002536806,FALSE,FALSE,FALSE,FALSE,FALSE,0
220002536806_J0006,220002536806,FALSE,FALSE,FALSE,FALSE,TRUE,1
220002536806_J0007,220002536806,FALSE,FALSE,TRUE,FALSE,FALSE,1
220002536806_J0008,220002536806,FALSE,FALSE,FALSE,FALSE,FALSE,0
220002536806_J0009,220002536806,FALSE,FALSE,FALSE,FALSE,FALSE,0
220002536806_J0010,220002536806,FALSE,FALSE,FALSE,FALSE,TRUE,1
220002536806_J0011,220002536806,FALSE,FALSE,FALSE,FALSE,FALSE,0
220002536806_J0013,220002536806,FALSE,FALSE,FALSE,FALSE,FALSE,0
220002536806_J0014,220002536806,FALSE,FALSE,FALSE,TRUE,TRUE,2
220002536806_J0015,220002536806,FALSE,FALSE,FALSE,FALSE,TRUE,1
220002536806_J0016,220002536806,FALSE,FALSE,FALSE,FALSE,FALSE,0
220002536806_J0017,220002536806,FALSE,FALSE,FALSE,FALSE,FALSE,0
220002536806_J0018,220002536806,FALSE,FALSE,FALSE,FALSE,TRUE,1
220002536806_J0019,220002536806,FALSE,FALSE,FALSE,FALSE,TRUE,1
220002536806_J0020,220002536806,FALSE,FALSE,FALSE,FALSE,FALSE,0
220002536806_J0021,220002536806,FALSE,FALSE,FALSE,FALSE,FALSE,0
220002536806_J0022,220002536806,FALSE,FALSE,FALSE,FALSE,FALSE,0
220002536806_J0023,220002536806,FALSE,FALSE,FALSE,TRUE,FALSE,1
220002536806_J0024,220002536806,FALSE,FALSE,FALSE,TRUE,FALSE,1
220002536806_J0025,220002536806,FALSE,FALSE,FALSE,FALSE,FALSE,0
220002536806_J0026,220002536806,FALSE,FALSE,FALSE,FALSE,FALSE,0
220002536806_J0027,220002536806,FALSE,FALSE,FALSE,FALSE,FALSE,0
220002536806_J0028,220002536806,FALSE,FALSE,FALSE,FALSE,FALSE,0
220002536806_J0029,220002536806,FALSE,FALSE,FALSE,FALSE,FALSE,0
220002536806_J0030,220002536806,FALSE,FALSE,FALSE,FALSE,TRUE,1
220002541939_J0001,220002541939,FALSE,FALSE,FALSE,FALSE,FALSE,0
220002541939_J0002,220002541939,FALSE,FALSE,FALSE,FALSE,FALSE,0
220002541939_J0003,220002541939,FALSE,FALSE,FALSE,TRUE,TRUE,2
220002541939_J0004,220002541939,FALSE,FALSE,FALSE,FALSE,TRUE,1
220002541939_J0005,220002541939,FALSE,FALSE,FALSE,FALSE,FALSE,0
220002541939_J0006,220002541939,FALSE,FALSE,FALSE,TRUE,TRUE,2
220002541939_J0007,220002541939,FALSE,FALSE,FALSE,FALSE,FALSE,0
220002541939_J0008,220002541939,FALSE,FALSE,FALSE,FALSE,FALSE,0
220002542185_J0001,220002542185,FALSE,FALSE,TRUE,TRUE,FALSE,2
220002542185_J0002,220002542185,FALSE,TRUE,TRUE,FALSE,FALSE,2
220002542185_J0003,220002542185,FALSE,TRUE,FALSE,FALSE,FALSE,1
220002542185_J0004,220002542185,FALSE,FALSE,FALSE,FALSE,FALSE,0
220002542185_J0005,220002542185,FALSE,FALSE,FALSE,FALSE,FALSE,0
220002542916_J0001,220002542916,FALSE,FALSE,FALSE,FALSE,FALSE,0
220002542916_J0003,220002542916,FALSE,FALSE,FALSE,FALSE,TRUE,1
220002542916_J0004,220002542916,FALSE,FALSE,FALSE,TRUE,FALSE,1
220002542916_J0005,220002542916,FALSE,FALSE,FALSE,FALSE,FALSE,0
220002542916_J0006,220002542916,FALSE,FALSE,FALSE,FALSE,FALSE,0
220002542916_J0007,220002542916,FALSE,FALSE,FALSE,TRUE,FALSE,1
220002542916_J0008,220002542916,FALSE,FALSE,FALSE,FALSE,FALSE,0
220002542916_J0009,220002542916,FALSE,FALSE,FALSE,FALSE,FALSE,0
220002542916_J0010,220002542916,FALSE,FALSE,FALSE,FALSE,FALSE,0
220002542916_J0011,220002542916,FALSE,FALSE,FALSE,FALSE,FALSE,0
220002542916_J0012,220002542916,FALSE,FALSE,TRUE,FALSE,FALSE,1
220002550927_J0001,220002550927,FALSE,FALSE,FALSE,FALSE,FALSE,0
220002551251_J0001,220002551251,FALSE,TRUE,FALSE,FALSE,FALSE,1
220002551251_J0002,220002551251,FALSE,FALSE,FALSE,FALSE,FALSE,0
220002551251_J0003,220002551251,FALSE,FALSE,FALSE,FALSE,FALSE,0
220002551251_J0004,220002551251,FALSE,FALSE,FALSE,FALSE,FALSE,0
220002551251_J0005,220002551251,FALSE,FALSE,FALSE,FALSE,FALSE,0
220002551251_J0006,220002551251,FALSE,FALSE,FALSE,FALSE,TRUE,1
220002551251_J0007,220002551251,FALSE,TRUE,TRUE,TRUE,FALSE,3
220002551251_J0008,220002551251,TRUE,TRUE,FALSE,TRUE,TRUE,4
230002549223_J0001,230002549223,FALSE,TRUE,FALSE,FALSE,FALSE,1
230002549223_J0002,230002549223,FALSE,FALSE,FALSE,FALSE,FALSE,0
230002549223_J0003,230002549223,FALSE,FALSE,FALSE,FALSE,FALSE,0
230002549223_J0004,230002549223,FALSE,FALSE,FALSE,FALSE,TRUE,1
230002549223_J0005,230002549223,FALSE,FALSE,FALSE,FALSE,TRUE,1
230002549223_J0006,230002549223,FALSE,FALSE,FALSE,FALSE,TRUE,1
230002549223_J0007,230002549223,FALSE,FALSE,FALSE,FALSE,FALSE,0
230002549294_J0001,230002549294,FALSE,FALSE,FALSE,FALSE,FALSE,0
230002551571_J0001,230002551571,FALSE,FALSE,FALSE,FALSE,TRUE,1
230002551571_J0002,230002551571,FALSE,FALSE,FALSE,FALSE,TRUE,1
230002551571_J0003,230002551571,FALSE,FALSE,FALSE,FALSE,TRUE,1
230002551571_J0004,230002551571,FALSE,FALSE,FALSE,FALSE,TRUE,1
230002551571_J0005,230002551571,FALSE,FALSE,FALSE,TRUE,FALSE,1
230002552060_J0001,230002552060,FALSE,FALSE,FALSE,TRUE,FALSE,1
240002537073_J0001,240002537073,FALSE,FALSE,TRUE,FALSE,FALSE,1
240002537073_J0002,240002537073,FALSE,FALSE,FALSE,FALSE,TRUE,1
240002537073_J0003,240002537073,FALSE,FALSE,FALSE,FALSE,FALSE,0
240002541913_J0001,240002541913,FALSE,FALSE,FALSE,FALSE,FALSE,0
240002541913_J0002,240002541913,FALSE,FALSE,FALSE,FALSE,FALSE,0
240002541913_J0003,240002541913,FALSE,FALSE,FALSE,FALSE,FALSE,0
240002541913_J0004,240002541913,FALSE,FALSE,FALSE,FALSE,FALSE,0
240002541913_J0005,240002541913,FALSE,FALSE,FALSE,FALSE,FALSE,0
240002541913_J0006,240002541913,FALSE,FALSE,FALSE,FALSE,TRUE,1
240002541913_J0007,240002541913,FALSE,FALSE,FALSE,FALSE,FALSE,0
240002544118_J0001,240002544118,FALSE,FALSE,FALSE,TRUE,TRUE,2
240002548628_J0001,240002548628,FALSE,FALSE,FALSE,FALSE,FALSE,0
240002548628_J0002,240002548628,FALSE,FALSE,FALSE,FALSE,FALSE,0
240002548628_J0003,240002548628,FALSE,FALSE,FALSE,FALSE,TRUE,1
240002548628_J0004,240002548628,FALSE,FALSE,FALSE,FALSE,FALSE,0
240002548628_J0005,240002548628,FALSE,FALSE,TRUE,FALSE,FALSE,1
240002548628_J0006,240002548628,FALSE,FALSE,FALSE,FALSE,FALSE,0
240002548628_J0007,240002548628,FALSE,FALSE,FALSE,FALSE,TRUE,1
240002548628_J0008,240002548628,FALSE,FALSE,FALSE,FALSE,FALSE,0
240002548628_J0009,240002548628,FALSE,FALSE,FALSE,FALSE,FALSE,0
240002548628_J0010,240002548628,FALSE,FALSE,FALSE,FALSE,FALSE,0
240002548628_J0011,240002548628,FALSE,FALSE,FALSE,FALSE,FALSE,0
240002548628_J0012,240002548628,FALSE,FALSE,FALSE,FALSE,FALSE,0
240002548628_J0013,240002548628,FALSE,FALSE,FALSE,TRUE,FALSE,1
240002548628_J0014,240002548628,FALSE,FALSE,FALSE,FALSE,FALSE,0
240002548628_J0015,240002548628,FALSE,FALSE,FALSE,FALSE,TRUE,1
240002548628_J0016,240002548628,FALSE,FALSE,FALSE,FALSE,TRUE,1
240002548628_J0017,240002548628,FALSE,FALSE,FALSE,FALSE,FALSE,0
240002548628_J0019,240002548628,FALSE,FALSE,FALSE,FALSE,FALSE,0
240002548628_J0020,240002548628,FALSE,FALSE,FALSE,FALSE,FALSE,0
240002548628_J0021,240002548628,FALSE,FALSE,FALSE,FALSE,TRUE,1
240002548628_J0022,240002548628,FALSE,FALSE,FALSE,FALSE,FALSE,0
240002548628_J0023,240002548628,FALSE,FALSE,FALSE,FALSE,FALSE,0
240002548628_J0024,240002548628,FALSE,FALSE,FALSE,TRUE,TRUE,2
240002548628_J0025,240002548628,FALSE,FALSE,FALSE,FALSE,FALSE,0
240002548628_J0026,240002548628,FALSE,FALSE,FALSE,FALSE,FALSE,0
240002548628_J0027,240002548628,FALSE,FALSE,FALSE,TRUE,FALSE,1
240002548628_J0028,240002548628,FALSE,FALSE,FALSE,FALSE,FALSE,0
240002548628_J0029,240002548628,FALSE,FALSE,FALSE,TRUE,FALSE,1
240002548628_J0030,240002548628,FALSE,FALSE,FALSE,FALSE,FALSE,0
240002548628_J0031,240002548628,FALSE,FALSE,FALSE,FALSE,FALSE,0
240002548628_J0032,240002548628,FALSE,FALSE,FALSE,FALSE,FALSE,0
240002548628_J0033,240002548628,FALSE,FALSE,FALSE,FALSE,FALSE,0
240002551001_J0001,240002551001,FALSE,FALSE,FALSE,FALSE,FALSE,0
240002551001_J0002,240002551001,FALSE,FALSE,FALSE,FALSE,TRUE,1
240002552157_J0001,240002552157,FALSE,FALSE,TRUE,FALSE,FALSE,1
240002552157_J0002,240002552157,FALSE,FALSE,FALSE,FALSE,FALSE,0
240002552157_J0003,240002552157,FALSE,FALSE,FALSE,FALSE,TRUE,1
240002552157_J0004,240002552157,FALSE,FALSE,FALSE,FALSE,TRUE,1
240002552157_J0005,240002552157,FALSE,FALSE,FALSE,FALSE,TRUE,1
240002552157_J0006,240002552157,FALSE,FALSE,FALSE,FALSE,FALSE,0
240002553718_J0001,240002553718,FALSE,FALSE,FALSE,FALSE,FALSE,0
250002536915_J0001,250002536915,FALSE,FALSE,FALSE,FALSE,FALSE,0
250002536915_J0002,250002536915,FALSE,FALSE,FALSE,FALSE,FALSE,0
250002536915_J0003,250002536915,FALSE,FALSE,FALSE,FALSE,FALSE,0
250002536915_J0004,250002536915,FALSE,FALSE,FALSE,FALSE,FALSE,0
250002536915_J0005,250002536915,FALSE,FALSE,FALSE,FALSE,FALSE,0
250002541303_J0001,250002541303,FALSE,FALSE,FALSE,TRUE,TRUE,2
250002541303_J0002,250002541303,FALSE,FALSE,FALSE,FALSE,TRUE,1
250002541303_J0003,250002541303,FALSE,FALSE,FALSE,FALSE,FALSE,0
250002541303_J0004,250002541303,FALSE,FALSE,FALSE,FALSE,FALSE,0
250002541303_J0005,250002541303,FALSE,FALSE,TRUE,FALSE,FALSE,1
250002541303_J0006,250002541303,FALSE,FALSE,FALSE,FALSE,FALSE,0
250002541303_J0007,250002541303,FALSE,FALSE,FALSE,FALSE,FALSE,0
250002541303_J0008,250002541303,TRUE,TRUE,TRUE,TRUE,TRUE,5
250002541303_J0009,250002541303,FALSE,FALSE,FALSE,FALSE,FALSE,0
250002541303_J0010,250002541303,FALSE,FALSE,FALSE,FALSE,FALSE,0
250002541303_J0011,250002541303,FALSE,FALSE,FALSE,TRUE,TRUE,2
250002541303_J0012,250002541303,FALSE,FALSE,FALSE,FALSE,FALSE,0
250002541303_J0013,250002541303,FALSE,FALSE,FALSE,FALSE,FALSE,0
250002541303_J0014,250002541303,FALSE,FALSE,FALSE,FALSE,FALSE,0
250002541303_J0015,250002541303,FALSE,FALSE,FALSE,FALSE,FALSE,0
250002541303_J0016,250002541303,FALSE,FALSE,FALSE,FALSE,FALSE,0
250002541303_J0017,250002541303,FALSE,FALSE,FALSE,FALSE,FALSE,0
250002541303_J0018,250002541303,FALSE,FALSE,FALSE,FALSE,TRUE,1
250002544912_J0001,250002544912,FALSE,FALSE,FALSE,FALSE,FALSE,0
250002544912_J0002,250002544912,FALSE,FALSE,FALSE,FALSE,FALSE,0
250002544912_J0003,250002544912,FALSE,FALSE,FALSE,FALSE,FALSE,0
250002544912_J0004,250002544912,FALSE,FALSE,FALSE,FALSE,FALSE,0
250002544912_J0005,250002544912,FALSE,FALSE,FALSE,FALSE,TRUE,1
250002544912_J0006,250002544912,FALSE,FALSE,FALSE,FALSE,FALSE,0
250002544912_J0007,250002544912,FALSE,FALSE,FALSE,FALSE,FALSE,0
250002544912_J0008,250002544912,FALSE,FALSE,FALSE,FALSE,FALSE,0
250002544912_J0009,250002544912,FALSE,FALSE,FALSE,FALSE,TRUE,1
250002544912_J0010,250002544912,FALSE,FALSE,FALSE,FALSE,FALSE,0
250002549705_J0001,250002549705,FALSE,FALSE,FALSE,FALSE,FALSE,0
250002549705_J0002,250002549705,FALSE,FALSE,FALSE,FALSE,TRUE,1
250002550913_J0001,250002550913,FALSE,FALSE,FALSE,FALSE,TRUE,1
250002550913_J0002,250002550913,FALSE,FALSE,FALSE,FALSE,TRUE,1
250002550913_J0003,250002550913,FALSE,FALSE,FALSE,TRUE,FALSE,1
250002550913_J0004,250002550913,FALSE,FALSE,FALSE,FALSE,TRUE,1
250002550913_J0005,250002550913,FALSE,FALSE,FALSE,FALSE,TRUE,1
250002550913_J0006,250002550913,FALSE,FALSE,FALSE,TRUE,TRUE,2
250002550913_J0007,250002550913,FALSE,FALSE,FALSE,FALSE,TRUE,1
250002550913_J0008,250002550913,TRUE,FALSE,FALSE,FALSE,TRUE,2
250002550913_J0009,250002550913,FALSE,FALSE,FALSE,FALSE,TRUE,1
250002550913_J0010,250002550913,FALSE,FALSE,FALSE,FALSE,FALSE,0
250002550913_J0011,250002550913,FALSE,FALSE,FALSE,FALSE,FALSE,0
250002550913_J0012,250002550913,FALSE,FALSE,FALSE,FALSE,FALSE,0
250002550913_J0013,250002550913,FALSE,FALSE,FALSE,FALSE,FALSE,0
250002550913_J0014,250002550913,FALSE,FALSE,FALSE,FALSE,FALSE,0
250002550913_J0015,250002550913,FALSE,FALSE,FALSE,FALSE,FALSE,0
250002550913_J0016,250002550913,FALSE,FALSE,FALSE,FALSE,FALSE,0
250002550913_J0017,250002550913,FALSE,FALSE,FALSE,FALSE,TRUE,1
250002550913_J0018,250002550913,FALSE,FALSE,FALSE,TRUE,FALSE,1
250002550913_J0019,250002550913,FALSE,FALSE,FALSE,FALSE,FALSE,0
260002532010_J0001,260002532010,FALSE,FALSE,FALSE,FALSE,TRUE,1
260002532010_J0002,260002532010,FALSE,FALSE,FALSE,FALSE,FALSE,0
260002532010_J0003,260002532010,FALSE,FALSE,FALSE,FALSE,FALSE,0
260002532010_J0004,260002532010,FALSE,FALSE,FALSE,FALSE,FALSE,0
260002532010_J0005,260002532010,FALSE,FALSE,FALSE,TRUE,TRUE,2
260002532010_J0006,260002532010,FALSE,FALSE,FALSE,FALSE,FALSE,0
260002532010_J0007,260002532010,FALSE,FALSE,FALSE,TRUE,FALSE,1
260002532010_J0008,260002532010,FALSE,FALSE,FALSE,FALSE,FALSE,0
260002532010_J0009,260002532010,FALSE,FALSE,FALSE,FALSE,FALSE,0
260002542491_J0001,260002542491,FALSE,FALSE,FALSE,FALSE,FALSE,0
260002542491_J0002,260002542491,FALSE,FALSE,FALSE,FALSE,FALSE,0
260002542491_J0003,260002542491,FALSE,FALSE,FALSE,TRUE,FALSE,1
260002542491_J0004,260002542491,FALSE,FALSE,FALSE,FALSE,FALSE,0
260002549466_J0001,260002549466,FALSE,FALSE,FALSE,FALSE,TRUE,1
260002549466_J0002,260002549466,FALSE,FALSE,FALSE,FALSE,FALSE,0
260002549466_J0003,260002549466,FALSE,FALSE,FALSE,FALSE,FALSE,0
260002549466_J0004,260002549466,FALSE,FALSE,TRUE,FALSE,FALSE,1
260002549466_J0005,260002549466,FALSE,FALSE,FALSE,FALSE,FALSE,0
260002549466_J0006,260002549466,FALSE,FALSE,TRUE,FALSE,FALSE,1
260002549466_J0007,260002549466,FALSE,FALSE,FALSE,FALSE,FALSE,0
260002549466_J0008,260002549466,FALSE,FALSE,FALSE,FALSE,FALSE,0
260002549466_J0009,260002549466,FALSE,FALSE,FALSE,FALSE,FALSE,0
260002549466_J0010,260002549466,FALSE,FALSE,FALSE,TRUE,TRUE,2
260002549466_J0011,260002549466,FALSE,FALSE,FALSE,FALSE,TRUE,1
260002549466_J0012,260002549466,FALSE,FALSE,FALSE,FALSE,FALSE,0
260002549466_J0013,260002549466,FALSE,FALSE,FALSE,FALSE,FALSE,0
260002549466_J0014,260002549466,FALSE,FALSE,FALSE,FALSE,FALSE,0
260002549466_J0015,260002549466,FALSE,FALSE,FALSE,FALSE,TRUE,1
260002549466_J0016,260002549466,FALSE,FALSE,FALSE,TRUE,TRUE,2
260002549466_J0017,260002549466,FALSE,FALSE,FALSE,TRUE,TRUE,2
260002549466_J0018,260002549466,FALSE,FALSE,FALSE,FALSE,FALSE,0
260002549466_J0019,260002549466,FALSE,TRUE,FALSE,FALSE,TRUE,2
260002551712_J0001,260002551712,FALSE,FALSE,FALSE,FALSE,FALSE,0
260002551712_J0002,260002551712,FALSE,FALSE,FALSE,FALSE,FALSE,0
270002539187_J0001,270002539187,FALSE,FALSE,FALSE,FALSE,TRUE,1
270002539187_J0002,270002539187,FALSE,FALSE,FALSE,FALSE,TRUE,1
270002539187_J0003,270002539187,FALSE,FALSE,FALSE,FALSE,TRUE,1
270002544494_J0001,270002544494,FALSE,FALSE,FALSE,FALSE,FALSE,0
270002544494_J0002,270002544494,FALSE,FALSE,FALSE,FALSE,FALSE,0
270002544494_J0003,270002544494,FALSE,FALSE,FALSE,FALSE,TRUE,1
270002544494_J0004,270002544494,FALSE,FALSE,FALSE,TRUE,FALSE,1
270002544494_J0005,270002544494,FALSE,FALSE,FALSE,FALSE,FALSE,0
270002544494_J0006,270002544494,FALSE,FALSE,FALSE,FALSE,TRUE,1
270002544494_J0007,270002544494,FALSE,FALSE,FALSE,TRUE,TRUE,2
270002544494_J0008,270002544494,FALSE,FALSE,FALSE,FALSE,FALSE,0
270002544544_J0001,270002544544,FALSE,FALSE,FALSE,FALSE,FALSE,0
270002544544_J0002,270002544544,FALSE,FALSE,FALSE,FALSE,FALSE,0
270002544544_J0003,270002544544,FALSE,FALSE,FALSE,TRUE,FALSE,1
270002544544_J0004,270002544544,FALSE,FALSE,FALSE,FALSE,FALSE,0
270002544599_J0001,270002544599,FALSE,FALSE,FALSE,FALSE,TRUE,1
270002544599_J0002,270002544599,FALSE,FALSE,FALSE,FALSE,FALSE,0
270002544599_J0003,270002544599,FALSE,FALSE,FALSE,FALSE,FALSE,0
270002544599_J0004,270002544599,FALSE,FALSE,FALSE,FALSE,TRUE,1
270002544599_J0005,270002544599,FALSE,FALSE,FALSE,FALSE,FALSE,0
270002548412_J0001,270002548412,FALSE,FALSE,FALSE,FALSE,FALSE,0
270002548412_J0002,270002548412,FALSE,FALSE,FALSE,FALSE,TRUE,1
270002550458_J0001,270002550458,FALSE,FALSE,FALSE,FALSE,TRUE,1
270002550458_J0002,270002550458,FALSE,FALSE,FALSE,FALSE,TRUE,1
270002550458_J0003,270002550458,FALSE,FALSE,FALSE,FALSE,FALSE,0
270002550458_J0004,270002550458,FALSE,FALSE,FALSE,FALSE,FALSE,0
270002550458_J0005,270002550458,FALSE,FALSE,FALSE,FALSE,TRUE,1
270002550458_J0006,270002550458,FALSE,FALSE,FALSE,FALSE,TRUE,1
270002550458_J0007,270002550458,FALSE,FALSE,FALSE,TRUE,FALSE,1
270002550458_J0008,270002550458,FALSE,FALSE,FALSE,TRUE,TRUE,2
270002550458_J0009,270002550458,FALSE,FALSE,FALSE,FALSE,FALSE,0
270002550458_J0010,270002550458,FALSE,FALSE,FALSE,TRUE,TRUE,2
270002550458_J0011,270002550458,FALSE,FALSE,FALSE,FALSE,TRUE,1
30002530014_J0001,30002530014,FALSE,FALSE,FALSE,FALSE,FALSE,0
30002530014_J0002,30002530014,FALSE,FALSE,FALSE,FALSE,FALSE,0
30002530014_J0003,30002530014,FALSE,FALSE,FALSE,TRUE,FALSE,1
30002530014_J0004,30002530014,FALSE,FALSE,FALSE,FALSE,TRUE,1
30002530014_J0005,30002530014,FALSE,FALSE,FALSE,FALSE,FALSE,0
30002530014_J0006,30002530014,FALSE,FALSE,FALSE,TRUE,TRUE,2
30002530014_J0007,30002530014,FALSE,FALSE,FALSE,FALSE,FALSE,0
30002530014_J0008,30002530014,FALSE,FALSE,FALSE,FALSE,FALSE,0
30002530014_J0009,30002530014,FALSE,FALSE,FALSE,FALSE,FALSE,0
30002536311_J0001,30002536311,FALSE,FALSE,FALSE,FALSE,FALSE,0
30002536311_J0002,30002536311,FALSE,FALSE,FALSE,FALSE,FALSE,0
30002536311_J0003,30002536311,FALSE,FALSE,FALSE,TRUE,TRUE,2
30002536311_J0004,30002536311,FALSE,FALSE,FALSE,FALSE,FALSE,0
30002536313_J0001,30002536313,FALSE,FALSE,FALSE,FALSE,FALSE,0
30002551388_J0001,30002551388,FALSE,FALSE,FALSE,FALSE,FALSE,0
30002552017_J0001,30002552017,FALSE,FALSE,FALSE,FALSE,FALSE,0
40002532272_J0001,40002532272,FALSE,FALSE,FALSE,FALSE,FALSE,0
40002532272_J0002,40002532272,FALSE,FALSE,FALSE,FALSE,FALSE,0
40002532272_J0003,40002532272,FALSE,FALSE,FALSE,FALSE,FALSE,0
40002532272_J0004,40002532272,FALSE,FALSE,FALSE,FALSE,FALSE,0
40002532272_J0005,40002532272,FALSE,FALSE,FALSE,FALSE,FALSE,0
40002532272_J0006,40002532272,FALSE,FALSE,FALSE,FALSE,FALSE,0
40002532272_J0007,40002532272,FALSE,FALSE,FALSE,FALSE,FALSE,0
40002535267_J0001,40002535267,FALSE,FALSE,FALSE,FALSE,FALSE,0
40002535267_J0002,40002535267,FALSE,FALSE,FALSE,FALSE,FALSE,0
40002535267_J0003,40002535267,FALSE,FALSE,FALSE,FALSE,FALSE,0
40002535267_J0004,40002535267,FALSE,FALSE,FALSE,FALSE,FALSE,0
40002536086_J0001,40002536086,FALSE,FALSE,FALSE,FALSE,FALSE,0
40002536086_J0002,40002536086,FALSE,FALSE,FALSE,FALSE,FALSE,0
40002536086_J0003,40002536086,FALSE,TRUE,FALSE,FALSE,FALSE,1
40002536086_J0004,40002536086,FALSE,FALSE,FALSE,FALSE,FALSE,0
40002536086_J0005,40002536086,FALSE,FALSE,FALSE,FALSE,FALSE,0
40002536086_J0006,40002536086,FALSE,FALSE,FALSE,FALSE,FALSE,0
40002536086_J0007,40002536086,FALSE,FALSE,FALSE,FALSE,FALSE,0
40002536086_J0008,40002536086,FALSE,FALSE,FALSE,FALSE,FALSE,0
40002536086_J0009,40002536086,FALSE,FALSE,FALSE,FALSE,FALSE,0
40002536086_J0010,40002536086,FALSE,FALSE,FALSE,TRUE,FALSE,1
40002536086_J0011,40002536086,FALSE,FALSE,FALSE,TRUE,TRUE,2
40002536086_J0012,40002536086,FALSE,FALSE,FALSE,FALSE,FALSE,0
40002536086_J0013,40002536086,FALSE,FALSE,FALSE,FALSE,FALSE,0
40002536086_J0014,40002536086,FALSE,FALSE,FALSE,FALSE,FALSE,0
40002541626_J0001,40002541626,FALSE,FALSE,FALSE,FALSE,FALSE,0
40002541741_J0001,40002541741,FALSE,FALSE,FALSE,FALSE,FALSE,0
40002541741_J0002,40002541741,FALSE,FALSE,FALSE,FALSE,FALSE,0
40002541741_J0003,40002541741,FALSE,FALSE,FALSE,TRUE,TRUE,2
40002550776_J0001,40002550776,FALSE,FALSE,FALSE,FALSE,FALSE,0
40002550776_J0002,40002550776,FALSE,FALSE,FALSE,TRUE,FALSE,1
40002550776_J0003,40002550776,FALSE,FALSE,TRUE,FALSE,FALSE,1
40002550776_J0004,40002550776,FALSE,FALSE,FALSE,FALSE,FALSE,0
40002550776_J0005,40002550776,FALSE,FALSE,FALSE,FALSE,TRUE,1
40002550776_J0006,40002550776,FALSE,FALSE,FALSE,FALSE,FALSE,0
40002550776_J0007,40002550776,FALSE,FALSE,FALSE,FALSE,FALSE,0
40002550776_J0008,40002550776,FALSE,FALSE,TRUE,FALSE,TRUE,2
40002550776_J0009,40002550776,FALSE,FALSE,FALSE,FALSE,FALSE,0
40002550776_J0010,40002550776,FALSE,FALSE,FALSE,FALSE,TRUE,1
40002550776_J0011,40002550776,FALSE,FALSE,TRUE,FALSE,TRUE,2
40002550776_J0012,40002550776,FALSE,FALSE,FALSE,FALSE,FALSE,0
40002550776_J0013,40002550776,FALSE,FALSE,FALSE,FALSE,FALSE,0
40002550776_J0014,40002550776,FALSE,FALSE,FALSE,FALSE,FALSE,0
40002550776_J0015,40002550776,FALSE,FALSE,FALSE,FALSE,FALSE,0
40002550776_J0016,40002550776,FALSE,FALSE,FALSE,FALSE,TRUE,1
40002550776_J0017,40002550776,FALSE,FALSE,FALSE,FALSE,FALSE,0
40002550776_J0018,40002550776,FALSE,FALSE,FALSE,FALSE,FALSE,0
40002550776_J0019,40002550776,FALSE,FALSE,FALSE,FALSE,FALSE,0
40002551740_J0001,40002551740,FALSE,FALSE,FALSE,FALSE,FALSE,0
40002551740_J0002,40002551740,FALSE,FALSE,FALSE,FALSE,TRUE,1
40002551740_J0003,40002551740,FALSE,FALSE,FALSE,FALSE,FALSE,0
40002551740_J0004,40002551740,FALSE,FALSE,FALSE,FALSE,FALSE,0
40002551740_J0005,40002551740,FALSE,FALSE,FALSE,FALSE,FALSE,0
40002551740_J0006,40002551740,FALSE,FALSE,FALSE,FALSE,FALSE,0
40002551740_J0007,40002551740,FALSE,FALSE,FALSE,TRUE,TRUE,2
40002551740_J0008,40002551740,FALSE,FALSE,FALSE,TRUE,TRUE,2
40002551740_J0009,40002551740,FALSE,FALSE,FALSE,FALSE,FALSE,0
50002532269_J0001,50002532269,FALSE,FALSE,FALSE,FALSE,FALSE,0
50002532269_J0002,50002532269,FALSE,FALSE,FALSE,FALSE,FALSE,0
50002533190_J0001,50002533190,FALSE,FALSE,FALSE,FALSE,FALSE,0
50002533190_J0002,50002533190,FALSE,FALSE,FALSE,FALSE,FALSE,0
50002533190_J0003,50002533190,FALSE,FALSE,FALSE,FALSE,FALSE,0
50002533190_J0004,50002533190,FALSE,FALSE,FALSE,TRUE,FALSE,1
50002533190_J0005,50002533190,FALSE,TRUE,FALSE,FALSE,FALSE,1
50002533190_J0006,50002533190,FALSE,FALSE,FALSE,FALSE,FALSE,0
50002533190_J0007,50002533190,FALSE,FALSE,FALSE,FALSE,FALSE,0
50002533190_J0008,50002533190,FALSE,TRUE,FALSE,FALSE,FALSE,1
50002533190_J0009,50002533190,FALSE,FALSE,TRUE,FALSE,FALSE,1
50002533190_J0010,50002533190,FALSE,FALSE,FALSE,TRUE,TRUE,2
50002533190_J0011,50002533190,FALSE,FALSE,FALSE,FALSE,FALSE,0
50002533190_J0012,50002533190,FALSE,FALSE,FALSE,FALSE,FALSE,0
50002533190_J0013,50002533190,FALSE,FALSE,FALSE,FALSE,FALSE,0
50002533190_J0014,50002533190,FALSE,FALSE,FALSE,FALSE,FALSE,0
50002533190_J0015,50002533190,FALSE,FALSE,FALSE,FALSE,FALSE,0
50002533190_J0016,50002533190,FALSE,FALSE,FALSE,FALSE,FALSE,0
50002533190_J0017,50002533190,FALSE,FALSE,FALSE,FALSE,FALSE,0
50002533190_J0018,50002533190,FALSE,FALSE,FALSE,FALSE,FALSE,0
50002533190_J0019,50002533190,FALSE,FALSE,FALSE,FALSE,FALSE,0
50002533190_J0020,50002533190,FALSE,TRUE,TRUE,FALSE,FALSE,2
50002533190_J0021,50002533190,FALSE,FALSE,TRUE,FALSE,FALSE,1
50002533190_J0022,50002533190,FALSE,FALSE,FALSE,FALSE,FALSE,0
50002533190_J0023,50002533190,TRUE,TRUE,TRUE,FALSE,FALSE,3
50002533190_J0024,50002533190,TRUE,FALSE,TRUE,TRUE,TRUE,4
50002533190_J0025,50002533190,FALSE,FALSE,FALSE,FALSE,FALSE,0
50002533190_J0026,50002533190,FALSE,FALSE,FALSE,FALSE,TRUE,1
50002533190_J0027,50002533190,FALSE,FALSE,TRUE,FALSE,FALSE,1
50002533190_J0028,50002533190,FALSE,FALSE,TRUE,FALSE,FALSE,1
50002536314_J0001,50002536314,FALSE,FALSE,FALSE,FALSE,FALSE,0
50002536314_J0002,50002536314,FALSE,FALSE,FALSE,TRUE,FALSE,1
50002536314_J0003,50002536314,FALSE,FALSE,FALSE,TRUE,TRUE,2
50002536314_J0004,50002536314,FALSE,FALSE,FALSE,FALSE,FALSE,0
50002536314_J0005,50002536314,FALSE,FALSE,FALSE,FALSE,FALSE,0
50002536314_J0006,50002536314,FALSE,FALSE,FALSE,FALSE,FALSE,0
50002536314_J0007,50002536314,FALSE,FALSE,FALSE,FALSE,FALSE,0
50002536314_J0008,50002536314,FALSE,FALSE,FALSE,FALSE,FALSE,0
50002536314_J0009,50002536314,FALSE,FALSE,FALSE,TRUE,TRUE,2
50002544692_J0001,50002544692,FALSE,FALSE,FALSE,FALSE,FALSE,0
50002552489_J0001,50002552489,FALSE,FALSE,FALSE,FALSE,FALSE,0
60002531351_J0001,60002531351,FALSE,FALSE,FALSE,FALSE,FALSE,0
60002531351_J0002,60002531351,FALSE,FALSE,FALSE,FALSE,FALSE,0
60002531351_J0003,60002531351,FALSE,FALSE,FALSE,FALSE,FALSE,0
60002531351_J0004,60002531351,FALSE,FALSE,FALSE,FALSE,FALSE,0
60002531351_J0005,60002531351,FALSE,FALSE,FALSE,FALSE,FALSE,0
60002531351_J0006,60002531351,FALSE,FALSE,FALSE,FALSE,FALSE,0
60002531351_J0007,60002531351,FALSE,FALSE,FALSE,FALSE,FALSE,0
60002531351_J0008,60002531351,FALSE,FALSE,FALSE,FALSE,FALSE,0
60002533729_J0001,60002533729,FALSE,FALSE,FALSE,FALSE,FALSE,0
60002533729_J0002,60002533729,FALSE,FALSE,FALSE,FALSE,FALSE,0
60002533729_J0003,60002533729,FALSE,FALSE,FALSE,FALSE,FALSE,0
60002533729_J0004,60002533729,FALSE,FALSE,FALSE,FALSE,FALSE,0
60002533729_J0005,60002533729,FALSE,FALSE,FALSE,FALSE,FALSE,0
60002533729_J0006,60002533729,FALSE,FALSE,FALSE,FALSE,FALSE,0
60002540417_J0001,60002540417,FALSE,FALSE,FALSE,FALSE,FALSE,0
60002540417_J0002,60002540417,FALSE,FALSE,FALSE,FALSE,FALSE,0
60002540417_J0003,60002540417,FALSE,FALSE,FALSE,FALSE,FALSE,0
60002540417_J0004,60002540417,FALSE,FALSE,FALSE,FALSE,FALSE,0
60002540417_J0005,60002540417,FALSE,FALSE,FALSE,FALSE,FALSE,0
60002540417_J0006,60002540417,FALSE,TRUE,FALSE,FALSE,TRUE,2
60002540417_J0008,60002540417,FALSE,TRUE,FALSE,FALSE,FALSE,1
60002540417_J0009,60002540417,FALSE,TRUE,TRUE,FALSE,FALSE,2
60002543969_J0001,60002543969,FALSE,FALSE,FALSE,FALSE,FALSE,0
60002543969_J0002,60002543969,FALSE,FALSE,FALSE,FALSE,FALSE,0
60002543969_J0003,60002543969,FALSE,FALSE,FALSE,FALSE,FALSE,0
60002543969_J0004,60002543969,FALSE,FALSE,FALSE,FALSE,FALSE,0
60002543969_J0005,60002543969,FALSE,FALSE,FALSE,FALSE,FALSE,0
60002543969_J0006,60002543969,FALSE,FALSE,FALSE,FALSE,FALSE,0
60002543969_J0007,60002543969,FALSE,FALSE,FALSE,FALSE,FALSE,0
60002543969_J0008,60002543969,FALSE,FALSE,FALSE,FALSE,TRUE,1
60002543969_J0009,60002543969,FALSE,FALSE,FALSE,FALSE,TRUE,1
60002543969_J0010,60002543969,FALSE,FALSE,FALSE,FALSE,FALSE,0
60002543969_J0011,60002543969,FALSE,FALSE,FALSE,FALSE,FALSE,0
60002543969_J0012,60002543969,FALSE,FALSE,FALSE,TRUE,FALSE,1
60002543969_J0013,60002543969,FALSE,FALSE,FALSE,TRUE,FALSE,1
60002543969_J0014,60002543969,FALSE,FALSE,FALSE,TRUE,TRUE,2
60002543969_J0015,60002543969,FALSE,FALSE,FALSE,TRUE,FALSE,1
60002543969_J0016,60002543969,FALSE,FALSE,FALSE,TRUE,FALSE,1
60002543969_J0017,60002543969,FALSE,FALSE,FALSE,FALSE,FALSE,0
60002543969_J0018,60002543969,FALSE,FALSE,FALSE,FALSE,FALSE,0
60002543969_J0019,60002543969,FALSE,FALSE,FALSE,TRUE,TRUE,2
60002543969_J0020,60002543969,FALSE,FALSE,FALSE,FALSE,FALSE,0
60002549967_J0001,60002549967,FALSE,FALSE,FALSE,FALSE,FALSE,0
60002549967_J0002,60002549967,FALSE,FALSE,FALSE,FALSE,FALSE,0
60002549967_J0003,60002549967,FALSE,FALSE,FALSE,FALSE,FALSE,0
60002549967_J0004,60002549967,FALSE,FALSE,FALSE,FALSE,FALSE,0
60002549967_J0005,60002549967,FALSE,FALSE,FALSE,FALSE,FALSE,0
60002549967_J0006,60002549967,FALSE,FALSE,FALSE,FALSE,FALSE,0
60002549967_J0007,60002549967,FALSE,FALSE,FALSE,FALSE,FALSE,0
60002552320_J0001,60002552320,FALSE,FALSE,FALSE,FALSE,FALSE,0
60002553922_J0001,60002553922,FALSE,FALSE,FALSE,FALSE,FALSE,0
60002553922_J0002,60002553922,FALSE,FALSE,FALSE,FALSE,FALSE,0
60002553922_J0003,60002553922,FALSE,FALSE,FALSE,FALSE,FALSE,0
70002547775_J0001,70002547775,FALSE,FALSE,FALSE,FALSE,FALSE,0
70002547775_J0002,70002547775,FALSE,FALSE,FALSE,FALSE,FALSE,0
70002547775_J0003,70002547775,FALSE,FALSE,FALSE,FALSE,FALSE,0
70002547775_J0004,70002547775,FALSE,FALSE,FALSE,FALSE,FALSE,0
70002547775_J0005,70002547775,FALSE,FALSE,FALSE,TRUE,FALSE,1
70002547775_J0006,70002547775,FALSE,FALSE,FALSE,FALSE,FALSE,0
70002547775_J0007,70002547775,FALSE,FALSE,FALSE,FALSE,FALSE,0
70002547775_J0008,70002547775,FALSE,FALSE,FALSE,FALSE,FALSE,0
70002547775_J0009,70002547775,FALSE,FALSE,FALSE,FALSE,FALSE,0
70002547775_J0010,70002547775,FALSE,FALSE,FALSE,FALSE,FALSE,0
70002547775_J0011,70002547775,FALSE,FALSE,FALSE,FALSE,FALSE,0
70002547775_J0012,70002547775,FALSE,FALSE,FALSE,FALSE,FALSE,0
70002547775_J0013,70002547775,FALSE,FALSE,FALSE,FALSE,FALSE,0
70002547775_J0014,70002547775,FALSE,FALSE,FALSE,FALSE,FALSE,0
70002547775_J0015,70002547775,FALSE,FALSE,FALSE,TRUE,FALSE,1
70002547775_J0016,70002547775,FALSE,FALSE,FALSE,FALSE,FALSE,0
70002547775_J0017,70002547775,FALSE,FALSE,FALSE,FALSE,TRUE,1
70002547775_J0018,70002547775,FALSE,FALSE,FALSE,FALSE,FALSE,0
70002547775_J0019,70002547775,FALSE,FALSE,FALSE,FALSE,FALSE,0
70002547775_J0020,70002547775,FALSE,FALSE,FALSE,TRUE,TRUE,2
70002547775_J0021,70002547775,FALSE,FALSE,FALSE,TRUE,FALSE,1
70002547775_J0022,70002547775,FALSE,FALSE,FALSE,FALSE,TRUE,1
70002547775_J0023,70002547775,FALSE,FALSE,FALSE,TRUE,TRUE,2
70002547775_J0024,70002547775,FALSE,FALSE,FALSE,FALSE,FALSE,0
70002551557_J0001,70002551557,FALSE,FALSE,FALSE,FALSE,FALSE,0
70002551557_J0002,70002551557,FALSE,FALSE,FALSE,FALSE,FALSE,0
70002551557_J0003,70002551557,FALSE,FALSE,FALSE,FALSE,FALSE,0
70002551557_J0004,70002551557,FALSE,FALSE,TRUE,FALSE,FALSE,1
70002551557_J0005,70002551557,FALSE,FALSE,FALSE,FALSE,TRUE,1
70002551557_J0006,70002551557,FALSE,FALSE,FALSE,FALSE,FALSE,0
70002551557_J0007,70002551557,FALSE,FALSE,FALSE,FALSE,FALSE,0
70002551557_J0008,70002551557,FALSE,FALSE,FALSE,FALSE,TRUE,1
70002551557_J0009,70002551557,FALSE,FALSE,FALSE,FALSE,TRUE,1
70002552341_J0001,70002552341,FALSE,FALSE,FALSE,FALSE,FALSE,0
70002552496_J0001,70002552496,FALSE,FALSE,FALSE,FALSE,FALSE,0
70002552496_J0002,70002552496,FALSE,FALSE,FALSE,FALSE,FALSE,0
70002552496_J0003,70002552496,FALSE,FALSE,FALSE,TRUE,FALSE,1
70002552496_J0004,70002552496,FALSE,FALSE,FALSE,FALSE,TRUE,1
70002552496_J0005,70002552496,FALSE,TRUE,FALSE,FALSE,FALSE,1
70002552496_J0006,70002552496,FALSE,FALSE,FALSE,FALSE,FALSE,0
70002552496_J0007,70002552496,FALSE,FALSE,FALSE,FALSE,FALSE,0
70002552496_J0008,70002552496,FALSE,FALSE,FALSE,FALSE,FALSE,0
70002552496_J0009,70002552496,FALSE,FALSE,FALSE,FALSE,FALSE,0
70002552496_J0010,70002552496,FALSE,FALSE,FALSE,TRUE,FALSE,1
70002552965_J0001,70002552965,FALSE,FALSE,FALSE,FALSE,FALSE,0
70002552965_J0002,70002552965,FALSE,FALSE,FALSE,FALSE,TRUE,1
70002553055_J0001,70002553055,FALSE,FALSE,FALSE,FALSE,TRUE,1
70002553055_J0002,70002553055,FALSE,FALSE,FALSE,TRUE,TRUE,2
70002553055_J0003,70002553055,FALSE,FALSE,FALSE,FALSE,FALSE,0
70002553055_J0004,70002553055,FALSE,FALSE,FALSE,FALSE,FALSE,0
70002553055_J0005,70002553055,FALSE,FALSE,FALSE,FALSE,FALSE,0
70002553055_J0006,70002553055,FALSE,FALSE,FALSE,FALSE,FALSE,0
70002553055_J0007,70002553055,FALSE,FALSE,FALSE,FALSE,TRUE,1
70002553055_J0008,70002553055,FALSE,FALSE,TRUE,TRUE,FALSE,2
80002541012_J0001,80002541012,FALSE,FALSE,FALSE,FALSE,FALSE,0
80002541012_J0002,80002541012,FALSE,FALSE,FALSE,FALSE,FALSE,0
80002541012_J0003,80002541012,FALSE,FALSE,FALSE,FALSE,FALSE,0
80002541012_J0004,80002541012,FALSE,FALSE,FALSE,FALSE,FALSE,0
80002541012_J0005,80002541012,FALSE,FALSE,FALSE,FALSE,FALSE,0
80002550832_J0001,80002550832,TRUE,FALSE,FALSE,FALSE,FALSE,1
80002550832_J0002,80002550832,FALSE,FALSE,FALSE,FALSE,FALSE,0
80002551833_J0001,80002551833,FALSE,FALSE,FALSE,FALSE,FALSE,0
80002551833_J0002,80002551833,FALSE,FALSE,FALSE,FALSE,FALSE,0
80002551833_J0003,80002551833,FALSE,FALSE,FALSE,FALSE,FALSE,0
80002551833_J0004,80002551833,FALSE,FALSE,FALSE,FALSE,FALSE,0
80002551833_J0005,80002551833,FALSE,FALSE,FALSE,FALSE,TRUE,1
80002551833_J0006,80002551833,FALSE,FALSE,FALSE,FALSE,FALSE,0
80002552172_J0001,80002552172,FALSE,FALSE,FALSE,FALSE,FALSE,0
80002552172_J0002,80002552172,FALSE,FALSE,FALSE,FALSE,FALSE,0
80002552172_J0003,80002552172,FALSE,FALSE,TRUE,FALSE,TRUE,2
80002552172_J0004,80002552172,FALSE,FALSE,FALSE,FALSE,FALSE,0
80002552172_J0005,80002552172,FALSE,FALSE,FALSE,FALSE,FALSE,0
80002552172_J0006,80002552172,FALSE,FALSE,FALSE,FALSE,FALSE,0
80002552172_J0007,80002552172,FALSE,FALSE,FALSE,TRUE,FALSE,1
80002552172_J0008,80002552172,FALSE,FALSE,FALSE,FALSE,FALSE,0
80002552172_J0009,80002552172,FALSE,FALSE,FALSE,FALSE,FALSE,0
80002552172_J0010,80002552172,TRUE,FALSE,FALSE,FALSE,FALSE,1
80002552172_J0011,80002552172,FALSE,FALSE,FALSE,FALSE,FALSE,0
80002552172_J0012,80002552172,FALSE,FALSE,FALSE,FALSE,FALSE,0
80002552172_J0013,80002552172,FALSE,FALSE,FALSE,TRUE,FALSE,1
80002552172_J0014,80002552172,FALSE,FALSE,FALSE,FALSE,FALSE,0
80002552172_J0015,80002552172,FALSE,FALSE,FALSE,FALSE,FALSE,0
80002552172_J0016,80002552172,FALSE,FALSE,TRUE,FALSE,FALSE,1
80002552172_J0017,80002552172,FALSE,FALSE,FALSE,FALSE,FALSE,0
80002552172_J0018,80002552172,FALSE,FALSE,FALSE,FALSE,FALSE,0
80002552172_J0019,80002552172,FALSE,FALSE,FALSE,FALSE,FALSE,0
80002552172_J0020,80002552172,TRUE,FALSE,FALSE,FALSE,FALSE,1
80002552172_J0021,80002552172,FALSE,FALSE,FALSE,FALSE,FALSE,0
80002552172_J0022,80002552172,FALSE,FALSE,TRUE,TRUE,TRUE,3
80002552172_J0023,80002552172,FALSE,FALSE,FALSE,FALSE,FALSE,0
80002552172_J0024,80002552172,FALSE,FALSE,FALSE,TRUE,TRUE,2
80002552172_J0025,80002552172,TRUE,FALSE,TRUE,TRUE,TRUE,4
80002552172_J0026,80002552172,FALSE,FALSE,FALSE,TRUE,TRUE,2
80002552172_J0027,80002552172,FALSE,FALSE,FALSE,FALSE,FALSE,0
80002552172_J0028,80002552172,FALSE,FALSE,TRUE,TRUE,FALSE,2
80002552172_J0029,80002552172,FALSE,FALSE,FALSE,FALSE,FALSE,0
80002552172_J0030,80002552172,FALSE,TRUE,FALSE,FALSE,FALSE,1
80002552172_J0031,80002552172,FALSE,FALSE,FALSE,TRUE,FALSE,1
80002552172_J0032,80002552172,FALSE,FALSE,FALSE,FALSE,FALSE,0
80002552682_J0001,80002552682,FALSE,FALSE,FALSE,FALSE,FALSE,0
80002552682_J0002,80002552682,FALSE,FALSE,FALSE,FALSE,FALSE,0
80002552682_J0003,80002552682,FALSE,FALSE,FALSE,FALSE,FALSE,0
80002552682_J0004,80002552682,FALSE,FALSE,FALSE,FALSE,FALSE,0
80002552682_J0005,80002552682,FALSE,FALSE,FALSE,FALSE,FALSE,0
80002552682_J0006,80002552682,FALSE,FALSE,FALSE,FALSE,FALSE,0
80002552682_J0007,80002552682,FALSE,FALSE,TRUE,FALSE,TRUE,2
80002552682_J0008,80002552682,FALSE,FALSE,FALSE,FALSE,FALSE,0
80002552682_J0009,80002552682,FALSE,FALSE,FALSE,FALSE,TRUE,1
80002552682_J0010,80002552682,FALSE,FALSE,FALSE,FALSE,FALSE,0
80002552682_J0011,80002552682,FALSE,FALSE,FALSE,TRUE,TRUE,2
90002540993_J0001,90002540993,FALSE,FALSE,FALSE,FALSE,FALSE,0
90002540993_J0002,90002540993,FALSE,FALSE,FALSE,FALSE,FALSE,0
90002540993_J0003,90002540993,FALSE,FALSE,FALSE,FALSE,FALSE,0
90002540993_J0005,90002540993,FALSE,FALSE,FALSE,FALSE,FALSE,0
90002540993_J0006,90002540993,FALSE,FALSE,FALSE,FALSE,FALSE,0
90002540993_J0007,90002540993,FALSE,FALSE,FALSE,FALSE,FALSE,0
90002540993_J0008,90002540993,FALSE,FALSE,FALSE,FALSE,FALSE,0
90002540993_J0009,90002540993,FALSE,FALSE,FALSE,FALSE,FALSE,0
90002540993_J0010,90002540993,FALSE,FALSE,FALSE,FALSE,FALSE,0
90002540993_J0011,90002540993,FALSE,FALSE,FALSE,FALSE,FALSE,0
90002540993_J0012,90002540993,FALSE,FALSE,FALSE,FALSE,FALSE,0
90002540993_J0013,90002540993,FALSE,FALSE,TRUE,TRUE,FALSE,2
90002540993_J0014,90002540993,FALSE,FALSE,FALSE,TRUE,TRUE,2
90002543463_J0001,90002543463,FALSE,FALSE,FALSE,FALSE,FALSE,0
90002543463_J0002,90002543463,FALSE,FALSE,FALSE,FALSE,FALSE,0
90002543463_J0003,90002543463,FALSE,FALSE,FALSE,FALSE,FALSE,0
90002543463_J0004,90002543463,FALSE,FALSE,FALSE,FALSE,FALSE,0
90002543463_J0005,90002543463,FALSE,FALSE,FALSE,FALSE,TRUE,1
90002543463_J0006,90002543463,FALSE,FALSE,FALSE,TRUE,TRUE,2
90002543463_J0007,90002543463,FALSE,FALSE,FALSE,FALSE,TRUE,1
90002543463_J0008,90002543463,FALSE,FALSE,FALSE,FALSE,FALSE,0
90002543463_J0009,90002543463,FALSE,FALSE,FALSE,FALSE,TRUE,1
90002543463_J0010,90002543463,FALSE,FALSE,FALSE,FALSE,TRUE,1
90002545476_J0001,90002545476,FALSE,FALSE,FALSE,TRUE,FALSE,1
90002545476_J0002,90002545476,FALSE,FALSE,TRUE,FALSE,FALSE,1
90002545476_J0003,90002545476,FALSE,FALSE,FALSE,FALSE,FALSE,0
90002545476_J0004,90002545476,FALSE,FALSE,FALSE,FALSE,FALSE,0
90002545476_J0005,90002545476,FALSE,FALSE,FALSE,FALSE,TRUE,1
90002545476_J0006,90002545476,FALSE,FALSE,TRUE,FALSE,TRUE,2
90002545476_J0007,90002545476,FALSE,FALSE,FALSE,FALSE,FALSE,0
90002545476_J0008,90002545476,FALSE,FALSE,FALSE,FALSE,FALSE,0
90002545476_J0009,90002545476,FALSE,FALSE,FALSE,FALSE,TRUE,1
90002545476_J0010,90002545476,FALSE,FALSE,FALSE,FALSE,FALSE,0
90002545476_J0011,90002545476,FALSE,FALSE,FALSE,FALSE,TRUE,1
90002545476_J0012,90002545476,FALSE,FALSE,FALSE,FALSE,FALSE,0
90002545476_J0013,90002545476,FALSE,FALSE,FALSE,FALSE,FALSE,0
90002545476_J0014,90002545476,FALSE,FALSE,FALSE,FALSE,FALSE,0
90002545476_J0015,90002545476,FALSE,FALSE,TRUE,FALSE,FALSE,1
90002545476_J0016,90002545476,FALSE,FALSE,TRUE,TRUE,FALSE,2
90002545476_J0017,90002545476,FALSE,FALSE,FALSE,TRUE,FALSE,1
90002545476_J0018,90002545476,FALSE,FALSE,FALSE,FALSE,FALSE,0
90002545476_J0019,90002545476,FALSE,FALSE,FALSE,TRUE,FALSE,1
90002545476_J0020,90002545476,FALSE,FALSE,FALSE,FALSE,FALSE,0
90002545476_J0021,90002545476,FALSE,FALSE,FALSE,FALSE,FALSE,0
90002551791_J0001,90002551791,FALSE,FALSE,FALSE,FALSE,TRUE,1
90002551791_J0002,90002551791,FALSE,FALSE,FALSE,FALSE,TRUE,1
90002551791_J0003,90002551791,FALSE,FALSE,FALSE,FALSE,FALSE,0
90002551791_J0004,90002551791,FALSE,FALSE,FALSE,FALSE,FALSE,0
90002551791_J0005,90002551791,FALSE,FALSE,FALSE,FALSE,TRUE,1
90002551791_J0006,90002551791,FALSE,FALSE,FALSE,FALSE,TRUE,1
90002553733_J0001,90002553733,FALSE,FALSE,FALSE,FALSE,FALSE,0
