SQ_CANDIDATO,SG_UF,regiao,NM_URNA_CANDIDATO,SG_PARTIDO,n_pdfs_usados,paginas,palavras,palavras_anexos,n_pdfs_total,n_descartados,palavras_pag,precisa_ocr,plano_curto,plano_com_anexos,ocr_aplicado
100002534190,MA,Nordeste,SAULO ARCANGELI,PSTU,1,290,39492,0,1,0,136.179310344828,FALSE,FALSE,FALSE,
100002542556,MA,Nordeste,FELIPE CAMARÃO,PT,1,73,18335,0,1,0,251.164383561644,FALSE,FALSE,FALSE,
100002543869,MA,Nordeste,ORLEANS BRANDÃO,MDB,1,29,8226,0,1,0,283.655172413793,FALSE,FALSE,FALSE,
100002544073,MA,Nordeste,REGINALDO LIMA,PCB,1,36,11144,0,1,0,309.555555555556,FALSE,FALSE,FALSE,
100002544076,MA,Nordeste,ANDRÉ LUIS,MISSÃO,1,46,15775,0,1,0,342.934782608696,FALSE,FALSE,FALSE,
100002545679,MA,Nordeste,EDUARDO BRAIDE,PSD,1,28,1437,0,1,0,51.3214285714286,FALSE,TRUE,FALSE,
100002552700,MA,Nordeste,DIMAS CASSIMIRO,PCO,1,7,2577,0,1,0,368.142857142857,FALSE,FALSE,FALSE,
10002532492,AC,Norte,ALAN RICK,REPUBLICANOS,1,41,12688,0,1,0,309.463414634146,FALSE,FALSE,FALSE,
10002533539,AC,Norte,DR.LUISINHO,AGIR,1,40,6430,0,1,0,160.75,FALSE,FALSE,FALSE,
10002544015,AC,Norte,TIÃO BOCALOM,PSDB,1,40,6427,0,1,0,160.675,FALSE,FALSE,FALSE,
10002544107,AC,Norte,MAILZA ASSIS,PP,1,68,27461,0,1,0,403.838235294118,FALSE,FALSE,FALSE,
10002549500,AC,Norte,EUDO RAFFAEL,PCB,1,6,1961,0,1,0,326.833333333333,FALSE,TRUE,FALSE,
10002550719,AC,Norte,THOR DANTAS,PSB,1,42,9122,0,1,0,217.190476190476,FALSE,FALSE,FALSE,
110002543953,MT,Centro-Oeste,RAFAELL MILAS,MISSÃO,1,15,5174,0,1,0,344.933333333333,FALSE,FALSE,FALSE,
110002544985,MT,Centro-Oeste,DOUTORA NATASHA,PSD,1,29,9720,0,1,0,335.172413793103,FALSE,FALSE,FALSE,
110002551480,MT,Centro-Oeste,OTAVIANO PIVETTA,REPUBLICANOS,1,49,20340,0,1,0,415.102040816327,FALSE,FALSE,FALSE,
110002551737,MT,Centro-Oeste,WELLINGTON FAGUNDES,PL,1,57,10101,0,1,0,177.210526315789,FALSE,FALSE,FALSE,
110002553058,MT,Centro-Oeste,MAURICIO COELHO,MOBILIZA,1,134,20659,0,1,0,154.171641791045,FALSE,FALSE,FALSE,
120002532257,MS,Centro-Oeste,LUCIEN REZENDE,PSOL,1,10,2451,0,1,0,245.1,FALSE,FALSE,FALSE,
120002536582,MS,Centro-Oeste,EDUARDO RIEDEL,PP,1,44,15205,0,1,0,345.568181818182,FALSE,FALSE,FALSE,
120002539834,MS,Centro-Oeste,FÁBIO TRAD,PT,1,67,13871,0,1,0,207.029850746269,FALSE,FALSE,FALSE,
120002549681,MS,Centro-Oeste,ECONOMISTA RENATO GOMES,DC,1,62,22802,0,1,0,367.774193548387,FALSE,FALSE,FALSE,
120002550198,MS,Centro-Oeste,JEFERSON BEZERRA,AGIR,1,3,885,0,1,0,295,FALSE,TRUE,FALSE,
120002552155,MS,Centro-Oeste,DELCIDIO AMARAL,PRD,1,26,8539,0,1,0,328.423076923077,FALSE,FALSE,FALSE,
120002552191,MS,Centro-Oeste,JOÃO HENRIQUE CATAN,NOVO,1,50,10893,0,1,0,217.86,FALSE,FALSE,FALSE,
120002552201,MS,Centro-Oeste,DANIEL LEMES,PCO,1,7,2577,0,1,0,368.142857142857,FALSE,FALSE,FALSE,
130002539775,MG,Sudeste,ALEXANDRE KALIL,PDT,1,147,56197,0,1,0,382.292517006803,FALSE,FALSE,FALSE,
130002541911,MG,Sudeste,MATEUS SIMÕES,PSD,1,5,2938,0,1,0,587.6,FALSE,FALSE,FALSE,
130002544122,MG,Sudeste,PROFESSOR TÚLIO LOPES,PCB,1,27,8633,0,1,0,319.740740740741,FALSE,FALSE,FALSE,
130002544411,MG,Sudeste,BEN MENDES,MISSÃO,1,97,32405,0,1,0,334.072164948454,FALSE,FALSE,FALSE,
130002546802,MG,Sudeste,RAFAEL DUDA,PSTU,1,49,16715,0,1,0,341.122448979592,FALSE,FALSE,FALSE,
130002547874,MG,Sudeste,INDIRA XAVIER,UP,1,16,4967,0,1,0,310.4375,FALSE,FALSE,FALSE,
130002549557,MG,Sudeste,GABRIEL,MDB,1,101,28104,0,1,0,278.257425742574,FALSE,FALSE,FALSE,
130002550464,MG,Sudeste,PATRUS ANANIAS,PT,1,68,17763,0,1,0,261.220588235294,FALSE,FALSE,FALSE,
130002550834,MG,Sudeste,FLÁVIO ROSCOE,PL,1,20,7432,0,1,0,371.6,FALSE,FALSE,FALSE,
130002552296,MG,Sudeste,CLEITINHO AZEVEDO,REPUBLICANOS,1,16,3548,0,1,0,221.75,FALSE,FALSE,FALSE,
140002542386,PA,Norte,ARACELI,PSOL,1,22,5774,0,1,0,262.454545454545,FALSE,FALSE,FALSE,
140002549930,PA,Norte,DR. DANIEL,PODE,1,79,19646,0,1,0,248.683544303798,FALSE,FALSE,FALSE,
140002551598,PA,Norte,HANA GHASSAN,MDB,1,69,16640,0,1,0,241.159420289855,FALSE,FALSE,FALSE,
140002551943,PA,Norte,GAL LEITE,UP,1,56,15388,0,1,0,274.785714285714,FALSE,FALSE,FALSE,
140002554108,PA,Norte,WELL MACEDO,PSTU,1,40,16642,0,1,0,416.05,FALSE,FALSE,FALSE,
150002538692,PB,Nordeste,EFRAIM FILHO,PL,1,19,10134,0,1,0,533.368421052632,FALSE,FALSE,FALSE,
150002540204,PB,Nordeste,YURI EZEQUIEL,UP,1,7,1726,0,1,0,246.571428571429,FALSE,TRUE,FALSE,
150002544133,PB,Nordeste,CÍCERO LUCENA,MDB,1,87,18250,0,1,0,209.770114942529,FALSE,FALSE,FALSE,
150002551789,PB,Nordeste,LUCAS RIBEIRO,PP,1,32,4200,0,1,0,131.25,FALSE,FALSE,FALSE,
150002551911,PB,Nordeste,PEDRO COUTINHO,DC,1,9,1726,0,1,0,191.777777777778,FALSE,TRUE,FALSE,
150002552603,PB,Nordeste,CAMILO DUARTE,PCO,1,7,2577,0,1,0,368.142857142857,FALSE,FALSE,FALSE,
160002540833,PR,Sul,SERGIO MORO,PL,1,91,23170,0,2,1,254.615384615385,FALSE,FALSE,FALSE,
160002547594,PR,Sul,DOUTOR ALEXANDRE SALOMÃO,MOBILIZA,1,20,5901,0,1,0,295.05,FALSE,FALSE,FALSE,
160002547666,PR,Sul,REQUIÃO FILHO,PDT,1,15,4217,0,1,0,281.133333333333,FALSE,FALSE,FALSE,
160002548010,PR,Sul,SAMUEL DE MATTOS,PSTU,1,14,12295,0,1,0,878.214285714286,FALSE,FALSE,FALSE,
160002549553,PR,Sul,SANDRO ALEX,PSD,1,274,61448,0,1,0,224.262773722628,FALSE,FALSE,FALSE,
160002550997,PR,Sul,TAYNÁ MIESSA,UP,1,23,7265,0,1,0,315.869565217391,FALSE,FALSE,FALSE,
160002551353,PR,Sul,LUIZ FRANÇA,MISSÃO,1,98,35503,0,1,0,362.275510204082,FALSE,FALSE,FALSE,
170002536575,PE,Nordeste,GUILHERME FONSECA,PSTU,1,8,2607,0,1,0,325.875,FALSE,FALSE,FALSE,
170002537227,PE,Nordeste,RAQUEL LYRA,PSD,1,106,29906,0,1,0,282.132075471698,FALSE,FALSE,FALSE,TRUE
170002537230,PE,Nordeste,JOÃO CAMPOS,PSB,1,30,14978,0,1,0,499.266666666667,FALSE,FALSE,FALSE,
170002537320,PE,Nordeste,PROFESSORA CAMILA,UP,1,8,1948,0,1,0,243.5,FALSE,TRUE,FALSE,
170002538097,PE,Nordeste,IVAN MORAES,PSOL,1,86,28801,0,1,0,334.895348837209,FALSE,FALSE,FALSE,
170002540337,PE,Nordeste,RENAN,MISSÃO,1,66,22174,0,1,0,335.969696969697,FALSE,FALSE,FALSE,
170002552776,PE,Nordeste,VICTOR ASSIS,PCO,1,7,2577,0,1,0,368.142857142857,FALSE,FALSE,FALSE,
180002532987,PI,Nordeste,RAFAEL FONTELES,PT,1,68,13092,0,1,0,192.529411764706,FALSE,FALSE,FALSE,
180002538530,PI,Nordeste,JOEL RODRIGUES,PP,1,120,33806,0,1,0,281.716666666667,FALSE,FALSE,FALSE,
180002544216,PI,Nordeste,DRA. LÚCIA SANTOS,PSDB,1,32,7573,0,1,0,236.65625,FALSE,FALSE,FALSE,
180002549920,PI,Nordeste,ELIZEU AGUIAR,NOVO,1,3,432,0,1,0,144,FALSE,TRUE,FALSE,
180002549970,PI,Nordeste,PROFESSOR GISVALDO,PSOL,1,38,8467,0,1,0,222.815789473684,FALSE,FALSE,FALSE,
180002549995,PI,Nordeste,SANTIAGO BELIZÁRIO,UP,1,8,2857,0,1,0,357.125,FALSE,FALSE,FALSE,
190002536162,RJ,Sudeste,WILLIAM SIRI,PSOL,1,143,35134,0,1,0,245.692307692308,FALSE,FALSE,FALSE,
190002537524,RJ,Sudeste,ANDRÉ MARINHO,NOVO,1,143,69243,0,1,0,484.216783216783,FALSE,FALSE,FALSE,TRUE
190002540198,RJ,Sudeste,CYRO GARCIA,PSTU,1,7,3168,0,1,0,452.571428571429,FALSE,FALSE,FALSE,
190002542887,RJ,Sudeste,DOUGLAS RUAS,PL,1,51,9949,0,1,0,195.078431372549,FALSE,FALSE,FALSE,
190002543380,RJ,Sudeste,EDUARDO PAES,PSD,1,8,1977,0,1,0,247.125,FALSE,TRUE,FALSE,
190002544120,RJ,Sudeste,CORONEL BUSNELLO,MISSÃO,1,81,22740,0,1,0,280.740740740741,FALSE,FALSE,FALSE,
190002547272,RJ,Sudeste,JULIETE,UP,1,13,3707,0,1,0,285.153846153846,FALSE,FALSE,FALSE,
190002552513,RJ,Sudeste,LUAN MONTEIRO,PCO,1,7,2577,0,1,0,368.142857142857,FALSE,FALSE,FALSE,
200002534001,RN,Nordeste,CADU DE LULA,PT,1,74,21047,0,1,0,284.418918918919,FALSE,FALSE,FALSE,
200002534442,RN,Nordeste,ÁLVARO DIAS,PL,1,94,31253,0,1,0,332.478723404255,FALSE,FALSE,FALSE,
200002535255,RN,Nordeste,ALLYSON,UNIÃO,1,44,7153,0,1,0,162.568181818182,FALSE,FALSE,FALSE,
200002542481,RN,Nordeste,DÁRIO BARBOSA,PSTU,1,5,1486,0,1,0,297.2,FALSE,TRUE,FALSE,
200002546756,RN,Nordeste,RODRIGO DE BOLSONARO,AGIR,1,3,486,0,1,0,162,FALSE,TRUE,FALSE,
200002546757,RN,Nordeste,PROFESSOR ROBERIO PAULINO,PSOL,1,14,5644,0,1,0,403.142857142857,FALSE,FALSE,FALSE,
200002547826,RN,Nordeste,ARINALDA DO MLB,UP,1,9,1817,0,1,0,201.888888888889,FALSE,TRUE,FALSE,
20002539642,AL,Nordeste,LENILDA LUNA,UP,1,14,5875,0,1,0,419.642857142857,FALSE,FALSE,FALSE,
20002552502,AL,Nordeste,MÁRCIO JAMBO,DEMOCRATA,1,7,1150,0,1,0,164.285714285714,FALSE,TRUE,FALSE,
20002553350,AL,Nordeste,JHC,PSDB,1,53,14455,0,1,0,272.735849056604,FALSE,FALSE,FALSE,
20002553745,AL,Nordeste,RENAN FILHO,MDB,1,33,10712,0,1,0,324.606060606061,FALSE,FALSE,FALSE,
210002533355,RS,Sul,PRISCILA VOIGT,UP,1,8,1784,0,1,0,223,FALSE,TRUE,FALSE,
210002535802,RS,Sul,MARCELO MARANATA,PSDB,1,87,36725,0,1,0,422.126436781609,FALSE,FALSE,FALSE,
210002541367,RS,Sul,REJANE DE OLIVEIRA,PSTU,1,72,35828,0,1,0,497.611111111111,FALSE,FALSE,FALSE,
210002542892,RS,Sul,GABRIEL SOUZA,MDB,1,64,26921,0,1,0,420.640625,FALSE,FALSE,FALSE,
210002547857,RS,Sul,ZUCCO,PL,1,107,29313,0,1,0,273.953271028037,FALSE,FALSE,FALSE,
210002551508,RS,Sul,JULIANA BRIZOLA,PDT,1,38,16161,0,1,0,425.289473684211,FALSE,FALSE,FALSE,
220002536806,RO,Norte,ADAILTON FURIA,PSD,1,116,32261,0,1,0,278.112068965517,FALSE,FALSE,FALSE,
220002541939,RO,Norte,MARCOS ROGÉRIO,PL,1,97,43784,0,1,0,451.381443298969,FALSE,FALSE,FALSE,
220002542185,RO,Norte,EXPEDITO NETTO,PT,1,31,12564,0,1,0,405.290322580645,FALSE,FALSE,FALSE,
220002542916,RO,Norte,HILDON CHAVES,UNIÃO,1,138,31117,0,2,1,225.485507246377,FALSE,FALSE,FALSE,
220002550927,RO,Norte,SAMUEL COSTA,PSB,1,12,3240,0,1,0,270,FALSE,FALSE,FALSE,
220002551251,RO,Norte,PEDRO ABIB,MDB,1,41,13655,0,1,0,333.048780487805,FALSE,FALSE,FALSE,TRUE
230002549223,RR,Norte,ARTHUR HENRIQUE,PL,1,47,10963,0,1,0,233.255319148936,FALSE,FALSE,FALSE,
230002549294,RR,Norte,FARAH MESQUITA,SOLIDARIEDADE,1,17,3475,0,1,0,204.411764705882,FALSE,FALSE,FALSE,
230002551571,RR,Norte,SOLDADO SAMPAIO,REPUBLICANOS,1,60,10777,0,1,0,179.616666666667,FALSE,FALSE,FALSE,
230002552060,RR,Norte,ROSI AIRES,PSOL,1,12,2833,0,1,0,236.083333333333,FALSE,FALSE,FALSE,
240002537073,SC,Sul,JORGINHO MELLO,PL,1,22,3925,0,1,0,178.409090909091,FALSE,FALSE,FALSE,TRUE
240002541913,SC,Sul,PROFESSOR MARCUS SODRÉ,PSTU,1,50,17679,0,1,0,353.58,FALSE,FALSE,FALSE,
240002544118,SC,Sul,MARCELO BRIGADEIRO,MISSÃO,1,21,4316,0,1,0,205.52380952381,FALSE,FALSE,FALSE,
240002548628,SC,Sul,GELSON MERÍSIO,PSB,1,74,15923,0,1,0,215.175675675676,FALSE,FALSE,FALSE,TRUE
240002550544,SC,Sul,LAÍS CHAUD,UP,1,23,6648,0,1,0,289.04347826087,FALSE,FALSE,FALSE,
240002551001,SC,Sul,JOÃO RODRIGUES,PSD,1,25,6744,0,1,0,269.76,FALSE,FALSE,FALSE,
240002552157,SC,Sul,RALF ZIMMER,PRD,1,25,3732,0,1,0,149.28,FALSE,FALSE,FALSE,
240002553718,SC,Sul,BRUNO PEDREIRO DO PCO,PCO,1,7,2577,0,1,0,368.142857142857,FALSE,FALSE,FALSE,
250002536915,SP,Sudeste,VERA LÚCIA,PSTU,1,54,10096,0,1,0,186.962962962963,FALSE,FALSE,FALSE,
250002541303,SP,Sudeste,TARCÍSIO,REPUBLICANOS,1,68,21198,0,1,0,311.735294117647,FALSE,FALSE,FALSE,
250002544912,SP,Sudeste,VIVIAN MENDES,UP,3,92,23300,0,3,0,253.260869565217,FALSE,FALSE,FALSE,
250002549705,SP,Sudeste,FERNANDO HADDAD,PT,1,15,5609,0,1,0,373.933333333333,FALSE,FALSE,FALSE,
250002550913,SP,Sudeste,CARLOS MACHADO,PCB,1,182,62181,0,1,0,341.653846153846,FALSE,FALSE,FALSE,
260002532010,SE,Nordeste,VALMIR DE FRANCISQUINHO,REPUBLICANOS,1,56,17803,0,1,0,317.910714285714,FALSE,FALSE,FALSE,
260002542491,SE,Nordeste,FÁBIO,PSD,1,34,8202,0,1,0,241.235294117647,FALSE,FALSE,FALSE,
260002549466,SE,Nordeste,RICARDO MARQUES,PL,1,75,20235,0,1,0,269.8,FALSE,FALSE,FALSE,
260002550683,SE,Nordeste,TATY  CRISTINA DE JESUS,DC,1,11,1885,0,1,0,171.363636363636,FALSE,TRUE,FALSE,
260002551712,SE,Nordeste,EMANUEL CACHO,PSDB,1,20,8218,0,1,0,410.9,FALSE,FALSE,FALSE,
270002539187,TO,Norte,PROF WITER NAVES,PSOL,1,17,3802,0,1,0,223.647058823529,FALSE,FALSE,FALSE,
270002544494,TO,Norte,LAUREZ MOREIRA,PSD,1,63,13560,0,1,0,215.238095238095,FALSE,FALSE,FALSE,
270002544544,TO,Norte,VICENTINHO JÚNIOR,PSDB,1,36,10597,0,1,0,294.361111111111,FALSE,FALSE,FALSE,
270002544599,TO,Norte,PROFESSORA DORINHA,UNIÃO,1,84,19252,0,1,0,229.190476190476,FALSE,FALSE,FALSE,
270002548412,TO,Norte,ATAIDES DE OLIVEIRA,NOVO,1,32,5576,0,1,0,174.25,FALSE,FALSE,FALSE,
270002550458,TO,Norte,DU PEREIRA,DC,1,40,11742,0,1,0,293.55,FALSE,FALSE,FALSE,
270002554375,TO,Norte,SIQUEIRA CAMPOS JR,DEMOCRATA,1,7,2010,0,1,0,287.142857142857,FALSE,FALSE,FALSE,
30002530014,AP,Norte,DR. FURLAN,PSD,1,78,20508,0,1,0,262.923076923077,FALSE,FALSE,FALSE,
30002536311,AP,Norte,CLÉCIO,UNIÃO,1,37,10378,0,1,0,280.486486486487,FALSE,FALSE,FALSE,
30002536313,AP,Norte,CARLOS CLEY,PSTU,1,12,4446,0,1,0,370.5,FALSE,FALSE,FALSE,
30002551388,AP,Norte,JAIRO PALHETA,PCO,1,7,2577,0,1,0,368.142857142857,FALSE,FALSE,FALSE,
30002552017,AP,Norte,DELEGADO MARCOS,DC,1,32,4881,0,1,0,152.53125,FALSE,FALSE,FALSE,
40002532272,AM,Norte,OMAR AZIZ,PSD,1,83,25331,430612,8,0,305.192771084337,FALSE,FALSE,TRUE,
40002535267,AM,Norte,GILBERTO VASCONCELOS,PSTU,1,23,9714,0,1,0,422.347826086957,FALSE,FALSE,FALSE,
40002536086,AM,Norte,DAVID ALMEIDA,AVANTE,1,76,19635,0,1,0,258.355263157895,FALSE,FALSE,FALSE,
40002541626,AM,Norte,PROFESSORA MARIA DO CARMO,PL,1,9,1343,0,1,0,149.222222222222,FALSE,TRUE,FALSE,
40002541741,AM,Norte,ROBERTO CIDADE,UNIÃO,1,101,7219,0,1,0,71.4752475247525,FALSE,FALSE,FALSE,
40002550776,AM,Norte,ISAEL MUNDURUKU,REDE,1,50,9704,0,1,0,194.08,FALSE,FALSE,FALSE,
40002551740,AM,Norte,CABO DACIOLO,MOBILIZA,1,28,8577,0,1,0,306.321428571429,FALSE,FALSE,FALSE,
50002532269,BA,Nordeste,RONALDO MANSUR,PSOL,1,24,16649,0,1,0,693.708333333333,FALSE,FALSE,FALSE,
50002533190,BA,Nordeste,ACM NETO,UNIÃO,1,214,73942,0,1,0,345.523364485981,FALSE,FALSE,FALSE,
50002535253,BA,Nordeste,ARIEL CAPISTRANO,DC,1,5,730,0,1,0,146,FALSE,TRUE,FALSE,
50002536314,BA,Nordeste,JERÔNIMO RODRIGUES,PT,1,84,15715,0,1,0,187.083333333333,FALSE,FALSE,FALSE,
50002544692,BA,Nordeste,AROLDO FELIX,UP,1,1,781,0,1,0,781,FALSE,TRUE,FALSE,TRUE
50002552489,BA,Nordeste,MARIA BONA,PCO,1,7,2577,0,1,0,368.142857142857,FALSE,FALSE,FALSE,
60002531351,CE,Nordeste,CIRO GOMES,PSDB,1,40,9126,0,1,0,228.15,FALSE,FALSE,FALSE,
60002533729,CE,Nordeste,SERLEY LEAL,UP,1,85,14645,0,1,0,172.294117647059,FALSE,FALSE,FALSE,
60002540417,CE,Nordeste,DELEGADO HUGGO,MISSÃO,1,50,12785,0,1,0,255.7,FALSE,FALSE,FALSE,
60002543969,CE,Nordeste,ELMANO DE FREITAS,PT,1,56,19440,0,1,0,347.142857142857,FALSE,FALSE,FALSE,
60002549967,CE,Nordeste,ZÉ BATISTA,PSTU,1,44,16062,0,1,0,365.045454545455,FALSE,FALSE,FALSE,
60002552320,CE,Nordeste,IERI BRAGA,PCO,1,7,2577,0,1,0,368.142857142857,FALSE,FALSE,FALSE,
60002552498,CE,Nordeste,DANILO SOARES,DEMOCRATA,1,8,2088,0,1,0,261,FALSE,FALSE,FALSE,
60002553922,CE,Nordeste,VERA LÚCIA,NOVO,1,65,13273,0,1,0,204.2,FALSE,FALSE,FALSE,
70002535930,DF,Centro-Oeste,PROFESSOR ROBSON,PSTU,1,5,2668,0,1,0,533.6,FALSE,FALSE,FALSE,
70002537111,DF,Centro-Oeste,PROFESSORA SAMARA MINEIRO,UP,1,11,3620,0,1,0,329.090909090909,FALSE,FALSE,FALSE,
70002547775,DF,Centro-Oeste,KIKO CAPUTO,NOVO,1,165,52626,0,1,0,318.945454545455,FALSE,FALSE,FALSE,
70002551557,DF,Centro-Oeste,CAPPELLI,PSB,1,48,12434,0,1,0,259.041666666667,FALSE,FALSE,FALSE,
70002552341,DF,Centro-Oeste,EXPEDITO MENDONÇA,PCO,1,7,2577,0,1,0,368.142857142857,FALSE,FALSE,FALSE,
70002552496,DF,Centro-Oeste,LEANDRO GRASS,PT,1,124,35400,0,1,0,285.483870967742,FALSE,FALSE,FALSE,
70002552965,DF,Centro-Oeste,PAULA BELMONTE,PSDB,1,52,13968,0,1,0,268.615384615385,FALSE,FALSE,FALSE,
70002553055,DF,Centro-Oeste,CELINA LEÃO,PP,1,42,12364,0,1,0,294.380952380952,FALSE,FALSE,FALSE,
80002541012,ES,Sudeste,BRENO BARCELOS,MISSÃO,1,61,11863,0,1,0,194.475409836066,FALSE,FALSE,FALSE,
80002550832,ES,Sudeste,RAFAEL DEMUNER,UP,1,23,7879,0,1,0,342.565217391304,FALSE,FALSE,FALSE,
80002551833,ES,Sudeste,HELDER SALOMÃO,PT,1,63,15091,0,1,0,239.539682539683,FALSE,FALSE,FALSE,
80002552172,ES,Sudeste,RICARDO FERRAÇO,MDB,1,152,34910,0,1,0,229.671052631579,FALSE,FALSE,FALSE,
80002552682,ES,Sudeste,LORENZO PAZOLINI,REPUBLICANOS,1,54,11706,0,1,0,216.777777777778,FALSE,FALSE,FALSE,
90002540993,GO,Centro-Oeste,DANIEL VILELA,MDB,1,78,19211,0,1,0,246.294871794872,FALSE,FALSE,FALSE,
90002543463,GO,Centro-Oeste,MARCONI PERILLO,PSDB,1,65,24694,0,2,1,379.907692307692,FALSE,FALSE,FALSE,
90002545476,GO,Centro-Oeste,LUIS CESAR BUENO,PT,1,55,24398,0,1,0,443.6,FALSE,FALSE,FALSE,
90002550707,GO,Centro-Oeste,LUCIANA AMORIM,UP,1,25,3622,0,1,0,144.88,FALSE,FALSE,FALSE,
90002551791,GO,Centro-Oeste,WILDER MORAIS,PL,1,64,16716,0,1,0,261.1875,FALSE,FALSE,FALSE,
90002553733,GO,Centro-Oeste,DANILO DA SILVA,PCO,1,7,2577,0,1,0,368.142857142857,FALSE,FALSE,FALSE,
