dimensao,categoria,definicao,exemplo,fonte,no_corpo
Relevância,Relevante,"Menção explícita, ainda que breve, a desastre, risco ou evento extremo (enchente, deslizamento, seca, queimada, rompimento de barragem), à Defesa Civil no contexto de risco, a ações de prevenção, preparação, resposta ou recuperação, ou à adaptação climática explícita. A profundidade é medida à parte, na especificidade.","Nosso propósito: fortalecer São Paulo diante dos eventos climáticos extremos, promovendo resiliência às secas, enchentes e incêndios, com segurança hídrica, rios revitalizados, mais áreas verdes [...]","Tarcísio (Republicanos-SP), p. 42",TRUE
Relevância,Agenda climática geral,"Menciona mudança ou emergência climática, transição ecológica, economia verde ou resiliência climática de forma geral, sem referir evento extremo, desastre, risco ou vulnerabilidade e sem adaptação explícita.","Revisar e atualizar o Plano Estadual de Mudanças Climáticas e a Política Estadual de Enfrentamento das Mudanças Climáticas, alinhando-os ao Plano Nacional sobre Mudança do Clima e estabelecendo prioridades para sua execução.","Eduardo Braide (PSD-MA), p. 25",TRUE
Relevância,Não relevante,"Usa o termo de risco em outro sentido (fiscal, social, de corrupção), trata de emergência de saúde pública ou de meio ambiente sem ligação com evento perigoso nem com a agenda climática.","A prevenção da corrupção, a gestão de riscos, a prestação de contas e o acesso público à informação serão deveres permanentes.","Thor Dantas (PSB-AC), p. 6",TRUE
Fase do ciclo,Prevenção e preparação,"Tudo o que se faz antes do desastre. Prevenção reúne obras de drenagem e contenção, remoção de famílias de áreas de risco e zoneamento. Preparação reúne alertas e sirenes, planos de contingência, mapeamento, monitoramento, treinamento e fortalecimento da Defesa Civil.","Padronizar e revisar periodicamente os planos estaduais, regionais e municipais, definindo responsabilidades, níveis de acionamento, rotas de evacuação, áreas de abrigo [...] com exercícios simulados regulares.","Zucco (PL-RS), p. 14",TRUE
Fase do ciclo,Resposta,"Ação durante ou logo após o desastre, como resgate, abrigos, ajuda humanitária, mobilização de bombeiros e assistência imediata às vítimas. Moradia temporária durante a emergência conta como resposta; aluguel social com horizonte de transição conta como recuperação (ver Anexo E).","Resposta rápida e humanizada a famílias atingidas por secas, enchentes e desastres, com auxílio-moradia e ajuda humanitária;","Alan Rick (Republicanos-AC), p. 27",TRUE
Fase do ciclo,Recuperação e reconstrução,"Volta à normalidade depois do desastre, como reconstrução de casas e infraestrutura, moradia definitiva, auxílio econômico de médio prazo e retomada da atividade das vítimas. Aluguel social com horizonte de transição para a solução definitiva também conta como recuperação, mesmo quando o benefício começa ainda na emergência (ver regra de decisão no Anexo E).","Instrumentos de fomento como o Fundopem-RS viabilizaram mais de R$ 6 bilhões em investimentos produtivos e contribuíram para a geração e preservação de milhares de empregos, inclusive durante o processo de reconstrução pós-enchentes.","Gabriel Souza (MDB-RS), p. 40",TRUE
Fase do ciclo,Adaptação climática,"Ações que citam a mudança do clima ou os eventos extremos como motivo para reduzir a vulnerabilidade, como planos de adaptação e infraestrutura resiliente. Corte de emissões e agenda verde genérica não contam.","O Plano Estadual de Adaptação Climática será construído com os territórios e incorporado a todas as secretarias.","Isael Munduruku (Rede-AM), p. 18",TRUE
Fase do ciclo,Nenhuma fase identificável,"O trecho apenas cita o tema, sem descrever ação ou fase do ciclo.","Tornados, vendavais e tempestades se tornaram frequentes.","Rejane de Oliveira (PSTU-RS), p. 30",FALSE
Tipo de ameaça,Enchente e alagamento,"Chuvas intensas, cheias de rios, alagamentos urbanos e inundações.","Ampliar os investimentos em drenagem urbana, prevenção de alagamentos e manejo das águas pluviais, priorizando as áreas mais vulneráveis.","Alan Rick (Republicanos-AC), p. 15",FALSE
Tipo de ameaça,Deslizamento e erosão de encosta,"Deslizamentos, escorregamentos, queda de barreiras e movimentos de massa em encostas.","Na prevenção de desastres, executamos em Jardim Monte Verde a maior obra de desenvolvimento urbano e proteção de encostas do Brasil, investindo mais de R$ 80 milhões para garantir a segurança das famílias e mitigar o risco de deslizamentos estruturais.","Raquel Lyra (PSD-PE), p. 89",FALSE
Tipo de ameaça,Seca e estiagem,"Estiagem, seca prolongada, crise hídrica e escassez de água por eventos climáticos.","Criar um plano estadual permanente de segurança hídrica e enfrentamento às secas, com reservação, irrigação, proteção de nascentes, uso eficiente da água e planejamento por bacia.","Marcelo Maranata (PSDB-RS), p. 11",FALSE
Tipo de ameaça,Queimadas e incêndios florestais,"Queimadas e incêndios florestais ou em vegetação.","Treinar e equipar brigadas municipais de combate a incêndios florestais, incluindo o fornecimento de kits de EPIs, veículos e equipamentos, para todos os municípios.","Rafael Fonteles (PT-PI), p. 58",FALSE
Tipo de ameaça,Calor extremo,"Ondas de calor e temperaturas extremas.","Criar espaços públicos de proteção térmica, hidratação, higiene pessoal, guarda de pertences e atendimento social, especialmente nos períodos de calor intenso e eventos climáticos extremos.","Ivan Moraes (PSOL-PE), p. 43",FALSE
Tipo de ameaça,Tempestades e vendavais,"Tempestades, vendavais, granizo, ciclones e tornados.","Tornados, vendavais e tempestades se tornaram frequentes.","Rejane de Oliveira (PSTU-RS), p. 30",FALSE
Tipo de ameaça,Erosão costeira e fluvial,"Erosão da costa e de margens de rios, elevação do nível do mar, ressacas e obras de contenção e estabilização de margens.","Adaptação costeira ao novo clima: monitoramento da erosão, da elevação do nível do mar, das ressacas, das inundações e das áreas de risco, com obras resilientes e soluções baseadas na natureza;","Sandro Alex (PSD-PR), p. 184",FALSE
Tipo de ameaça,Barragens e mineração,"Rompimento ou risco de barragens de rejeitos e desastres associados à mineração.","A garantia do direito a Assessoria Técnica Independente para as comunidades que vivem com barragens de rejeitos da mineração;","Indira Xavier (UP-MG), p. 9",FALSE
Tipo de ameaça,Acidentes tecnológicos,"Acidentes químicos, radiológicos e industriais, vazamentos e produtos perigosos.","[...] resposta a acidentes com produtos perigosos e grandes desastres, mediante investimentos em aeronaves, ambulâncias de resgate, equipamentos especializados [...]","Marcos Rogério (PL-RO), p. 55",FALSE
Tipo de ameaça,Desastres em geral (sem tipo),"Fala de desastres, calamidades ou eventos extremos sem nomear o tipo. Só se marca quando nenhum tipo específico é citado.","Quem é atingido por um desastre precisa encontrar um Estado preparado antes, durante e depois da emergência.","Alexandre Kalil (PDT-MG), p. 65",FALSE
Especificidade,0. Menção genérica,"Cita o tema sem dizer nada concreto, como um título, um slogan ou uma intenção vaga.","Corpo de Bombeiros, Defesa Civil e proteção diante de desastres","Alexandre Kalil (PDT-MG), p. 4",TRUE
Especificidade,1. Diagnóstico,"Descreve o problema (dados, histórico, situação) sem propor solução.","[...] e a resposta a riscos climáticos é fragmentada entre órgãos que não compartilham dados.","André Luis (Missão-MA), p. 16",TRUE
Especificidade,2. Diretriz ou compromisso,"Propõe um compromisso, um critério de priorização ou uma direção de política sem ação identificável. Inclui listas genéricas de investimento e a simples citação de um órgão.","Municípios e comunidades precisarão estar mais preparados para eventos climáticos extremos.","Marconi Perillo (PSDB-GO), p. 40",TRUE
Especificidade,3. Ação concreta,"Descreve ação, programa, obra ou instrumento identificável, cujo objeto é prevenir, preparar, responder, recuperar ou adaptar-se a risco e desastre.","Treinar e equipar brigadas municipais de combate a incêndios florestais, incluindo o fornecimento de kits de EPIs, veículos e equipamentos, para todos os municípios.","Rafael Fonteles (PT-PI), p. 58",TRUE
Especificidade,"4. Ação com meta, prazo, indicador ou orçamento","Ação concreta acompanhada de meta quantificada, prazo, indicador ou orçamento que se referem à própria ação de risco e desastre. Meta ou valor de outro tema não conta.","Investimento: R$ 300-520 milhões em quatro anos para fiscalização, defesa civil, sistemas, treinamento e infraestrutura pública;","Ben Mendes (Missão-MG), p. 70",TRUE
Ancoragem (regras),Órgão responsável,"Nomeia secretaria, órgão ou instituição (Defesa Civil, Corpo de Bombeiros, Cemaden, secretaria, fundo, conselho).","A Defesa Civil será fortalecida como estrutura técnica, profissional e integrada, capaz de atuar continuamente no monitoramento, na prevenção, na preparação, na resposta e na reconstrução.","Zucco (PL-RS), p. 13",FALSE
Ancoragem (regras),Orçamento,"Cita valor em reais, milhões ou bilhões, ou fundo estadual.","Investimento: R$ 300-520 milhões em quatro anos para fiscalização, defesa civil, sistemas, treinamento e infraestrutura pública;","Ben Mendes (Missão-MG), p. 70",FALSE
Ancoragem (regras),Meta quantificada,"Cita percentual ou quantidade de unidades a alcançar.","Garantir que 100% dos municípios prioritários (aqueles com maior recorrência de desastres nos últimos 10 anos) possuam plano de contingência atualizado [...]","Rafael Fonteles (PT-PI), p. 60",FALSE
Ancoragem (regras),Prazo,"Cita ano, período ou horizonte de tempo para a ação.","Vamos investir mais de R$ 25 bilhões, até o final de 2029, em ações de adaptação e resiliência climática [...]","Tarcísio (Republicanos-SP), p. 42",FALSE
Ancoragem (regras),Indicador ou monitoramento,"Cita indicador, monitoramento ou avaliação da ação.","Meta / indicador (KPI): Área queimada/ano;","Renato Gomes (DC-MS), p. 49",FALSE
