janela_id,candidato,partido_uf,espec_original,espec_corrigida,decisao,motivo
120002549681_J0003,Renato Gomes,DC-MS,4,4,mantida,"Proposta de brigada permanente do fogo com indicador (área queimada/ano, focos de calor)"
130002544411_J0006,Ben Mendes,MISSÃO-MG,4,4,mantida,"Proposta com valor (R$ 300 a 520 milhões) e prazo (quatro anos)"
180002532987_J0004,Rafael Fonteles,PT-PI,4,4,mantida,"Programa Piauí Preventivo com meta central e indicadores"
190002537524_J0013,André Marinho,NOVO-RJ,4,4,mantida,"Programa Rio Verde com meta quantificada (2,5 milhões de árvores, 20 unidades de conservação); risco de encostas e enchentes como motivo. Texto com ruído de OCR"
190002537524_J0016,André Marinho,NOVO-RJ,4,4,mantida,"Mapa de risco no primeiro ano, sistema de alerta e 55 pontos de risco eliminados. Texto com ruído de OCR"
200002546757_J0002,Roberio Paulino,PSOL-RN,4,4,mantida,"Meta de 50 mil moradias em quatro anos, com prioridade a famílias em áreas de risco (ressalva: o risco é critério de prioridade do programa habitacional)"
250002541303_J0008,Tarcísio,REPUBLICANOS-SP,4,4,mantida,"Proposta com valor (mais de R$ 25 bilhões) e prazo (até 2029) em adaptação e resiliência climática"
250002550913_J0008,Carlos Machado,PCB-SP,4,4,mantida,"Linha de orçamento (R$ 1,5 bilhão) para Defesa Civil e Corpo de Bombeiros"
170002537227_J0015,Raquel Lyra,PSD-PE,4,1,rebaixada,"Balanço do que já foi executado (R$ 80 milhões em obra de encostas), e não proposta"
80002552172_J0015,Ricardo Ferraço,MDB-ES,4,1,rebaixada,"Balanço de investimentos já realizados em macrodrenagem (R$ 1,7 bilhão desde 2019), e não proposta"
210002541367_J0024,Rejane de Oliveira,PSTU-RS,4,1,rebaixada,"Crítica a programa do governo (A Casa é Sua - Calamidade), e não proposta da candidata"
210002541367_J0034,Rejane de Oliveira,PSTU-RS,4,1,rebaixada,"Crítica a parceria público-privada do governo, e não proposta da candidata"
180002532987_J0002,Rafael Fonteles,PT-PI,4,3,rebaixada,"Compromisso de apoiar planos de contingência e obras de drenagem, sem meta, prazo ou valor"
210002535802_J0076,Marcelo Maranata,PSDB-RS,4,3,rebaixada,"Plano estadual de segurança hídrica e secas; o texto diz que a implementação 'deverá definir' metas e cronograma, sem trazê-los"
