candidato,partido_uf,valor,descricao,natureza
Tarcísio,Republicanos-SP,"R$ 25 bilhões","Até o final de 2029, em ações de adaptação e resiliência climática (drenagem, desassoreamento, reservatórios, parques, abastecimento e saneamento)",Promessa
Carlos Machado,PCB-SP,"R$ 1,5 bilhão","Linha de orçamento para Defesa Civil e Corpo de Bombeiros",Promessa
Ben Mendes,Missão-MG,"R$ 300 a 520 milhões","Em quatro anos, para fiscalização, defesa civil, sistemas, treinamento e infraestrutura pública",Promessa
Luis Cesar Bueno,PT-GO,"R$ 258,9 milhões (maior item)","Carteira de projetos já selecionados (drenagem, encostas, abastecimento e outros), com valores previstos nas seleções de 2023 e 2025",Carteira de projetos
Raquel Lyra,PSD-PE,"R$ 80 milhões","Obra de proteção de encostas em Jardim Monte Verde, já executada",Balanço
Ricardo Ferraço,MDB-ES,"R$ 1,7 bilhão","Investimentos em macrodrenagem já realizados desde 2019",Balanço
Rejane de Oliveira,PSTU-RS,"R$ 647 milhões","Programa A Casa é Sua – Calamidade, do governo, que entregou 196 de 2.723 moradias",Crítica
Rejane de Oliveira,PSTU-RS,"R$ 5,5 bilhões","Gastos climáticos do RS em 2024, segundo relatório de terceiros",Dado de terceiros
ACM Neto,UNIÃO-BA,"R$ 204,5 milhões e R$ 1,06 bilhão","Danos materiais e prejuízos privados dos desastres de 2024 na Bahia",Dano registrado
Renato Gomes,DC-MS,"R$ 150 milhões","Pacote federal usado como comparação com o prejuízo do desastre de 2020",Comparação
Juliana Brizola,PDT-RS,"R$ 106,54 bilhões","Dívida do estado com a União",Outro tema
Gabriel Souza,MDB-RS,"R$ 6 bilhões","Investimentos produtivos viabilizados pelo Fundopem-RS",Outro tema
